10,2,54,1,13,"DataInitializer::run@33-45@backend\Autenticacion\src\main\java\com\escuelaposgrado\Autenticacion\config\DataInitializer.java","backend\Autenticacion\src\main\java\com\escuelaposgrado\Autenticacion\config\DataInitializer.java","DataInitializer::run","DataInitializer::run( String ... args)",33,45
20,3,129,0,25,"DataInitializer::initializeDefaultUsers@50-74@backend\Autenticacion\src\main\java\com\escuelaposgrado\Autenticacion\config\DataInitializer.java","backend\Autenticacion\src\main\java\com\escuelaposgrado\Autenticacion\config\DataInitializer.java","DataInitializer::initializeDefaultUsers","DataInitializer::initializeDefaultUsers()",50,74
70,5,505,0,82,"DataInitializer::createSampleUsers@79-160@backend\Autenticacion\src\main\java\com\escuelaposgrado\Autenticacion\config\DataInitializer.java","backend\Autenticacion\src\main\java\com\escuelaposgrado\Autenticacion\config\DataInitializer.java","DataInitializer::createSampleUsers","DataInitializer::createSampleUsers()",79,160
24,1,120,0,24,"SwaggerConfig::openAPI@23-46@backend\Autenticacion\src\main\java\com\escuelaposgrado\Autenticacion\config\SwaggerConfig.java","backend\Autenticacion\src\main\java\com\escuelaposgrado\Autenticacion\config\SwaggerConfig.java","SwaggerConfig::openAPI","SwaggerConfig::openAPI()",23,46
42,1,69,0,42,"SwaggerConfig::apiInfo@48-89@backend\Autenticacion\src\main\java\com\escuelaposgrado\Autenticacion\config\SwaggerConfig.java","backend\Autenticacion\src\main\java\com\escuelaposgrado\Autenticacion\config\SwaggerConfig.java","SwaggerConfig::apiInfo","SwaggerConfig::apiInfo()",48,89
3,1,11,0,3,"WebSecurityConfig::authenticationJwtTokenFilter@42-44@backend\Autenticacion\src\main\java\com\escuelaposgrado\Autenticacion\config\WebSecurityConfig.java","backend\Autenticacion\src\main\java\com\escuelaposgrado\Autenticacion\config\WebSecurityConfig.java","WebSecurityConfig::authenticationJwtTokenFilter","WebSecurityConfig::authenticationJwtTokenFilter()",42,44
6,1,32,0,6,"WebSecurityConfig::authenticationProvider@47-52@backend\Autenticacion\src\main\java\com\escuelaposgrado\Autenticacion\config\WebSecurityConfig.java","backend\Autenticacion\src\main\java\com\escuelaposgrado\Autenticacion\config\WebSecurityConfig.java","WebSecurityConfig::authenticationProvider","WebSecurityConfig::authenticationProvider()",47,52
4,1,16,1,4,"WebSecurityConfig::authenticationManager@55-58@backend\Autenticacion\src\main\java\com\escuelaposgrado\Autenticacion\config\WebSecurityConfig.java","backend\Autenticacion\src\main\java\com\escuelaposgrado\Autenticacion\config\WebSecurityConfig.java","WebSecurityConfig::authenticationManager","WebSecurityConfig::authenticationManager( AuthenticationConfiguration authConfig)",55,58
3,1,11,0,3,"WebSecurityConfig::passwordEncoder@61-63@backend\Autenticacion\src\main\java\com\escuelaposgrado\Autenticacion\config\WebSecurityConfig.java","backend\Autenticacion\src\main\java\com\escuelaposgrado\Autenticacion\config\WebSecurityConfig.java","WebSecurityConfig::passwordEncoder","WebSecurityConfig::passwordEncoder()",61,63
28,1,268,1,39,"WebSecurityConfig::filterChain@66-104@backend\Autenticacion\src\main\java\com\escuelaposgrado\Autenticacion\config\WebSecurityConfig.java","backend\Autenticacion\src\main\java\com\escuelaposgrado\Autenticacion\config\WebSecurityConfig.java","WebSecurityConfig::filterChain","WebSecurityConfig::filterChain( HttpSecurity http)",66,104
10,1,86,0,14,"WebSecurityConfig::corsConfigurationSource@107-120@backend\Autenticacion\src\main\java\com\escuelaposgrado\Autenticacion\config\WebSecurityConfig.java","backend\Autenticacion\src\main\java\com\escuelaposgrado\Autenticacion\config\WebSecurityConfig.java","WebSecurityConfig::corsConfigurationSource","WebSecurityConfig::corsConfigurationSource()",107,120
4,1,25,0,4,"AdminController::getAllUsuarios@96-99@backend\Autenticacion\src\main\java\com\escuelaposgrado\Autenticacion\controller\AdminController.java","backend\Autenticacion\src\main\java\com\escuelaposgrado\Autenticacion\controller\AdminController.java","AdminController::getAllUsuarios","AdminController::getAllUsuarios()",96,99
14,3,99,1,16,"AdminController::crearUsuario@157-172@backend\Autenticacion\src\main\java\com\escuelaposgrado\Autenticacion\controller\AdminController.java","backend\Autenticacion\src\main\java\com\escuelaposgrado\Autenticacion\controller\AdminController.java","AdminController::crearUsuario","AdminController::crearUsuario( @ Parameter(description='Datos del nuevo usuario',required=true) @ Valid @ RequestBody RegistroRequest registroRequest)",157,172
4,1,25,0,4,"AdminController::getAllUsuariosIncluyendoInactivos@191-194@backend\Autenticacion\src\main\java\com\escuelaposgrado\Autenticacion\controller\AdminController.java","backend\Autenticacion\src\main\java\com\escuelaposgrado\Autenticacion\controller\AdminController.java","AdminController::getAllUsuariosIncluyendoInactivos","AdminController::getAllUsuariosIncluyendoInactivos()",191,194
6,1,41,1,6,"AdminController::getUsuariosByRole@226-231@backend\Autenticacion\src\main\java\com\escuelaposgrado\Autenticacion\controller\AdminController.java","backend\Autenticacion\src\main\java\com\escuelaposgrado\Autenticacion\controller\AdminController.java","AdminController::getUsuariosByRole","AdminController::getUsuariosByRole( @ Parameter(description='Rol a filtrar (ADMIN, COORDINADOR, DOCENTE, ALUMNO, POSTULANTE)',required=true) @ PathVariable Role role)",226,231
6,1,41,1,6,"AdminController::getUsuariosByRoleIncluyendoInactivos@263-268@backend\Autenticacion\src\main\java\com\escuelaposgrado\Autenticacion\controller\AdminController.java","backend\Autenticacion\src\main\java\com\escuelaposgrado\Autenticacion\controller\AdminController.java","AdminController::getUsuariosByRoleIncluyendoInactivos","AdminController::getUsuariosByRoleIncluyendoInactivos( @ Parameter(description='Rol a filtrar (ADMIN, COORDINADOR, DOCENTE, ALUMNO, POSTULANTE)',required=true) @ PathVariable Role role)",263,268
4,1,27,1,4,"AdminController::desactivarUsuario@274-277@backend\Autenticacion\src\main\java\com\escuelaposgrado\Autenticacion\controller\AdminController.java","backend\Autenticacion\src\main\java\com\escuelaposgrado\Autenticacion\controller\AdminController.java","AdminController::desactivarUsuario","AdminController::desactivarUsuario( @ PathVariable Long id)",274,277
6,1,38,1,6,"AdminController::activarUsuario@335-340@backend\Autenticacion\src\main\java\com\escuelaposgrado\Autenticacion\controller\AdminController.java","backend\Autenticacion\src\main\java\com\escuelaposgrado\Autenticacion\controller\AdminController.java","AdminController::activarUsuario","AdminController::activarUsuario( @ Parameter(description='ID del usuario a activar',required=true) @ PathVariable Long id)",335,340
8,1,58,2,8,"AdminController::actualizarUsuario@398-405@backend\Autenticacion\src\main\java\com\escuelaposgrado\Autenticacion\controller\AdminController.java","backend\Autenticacion\src\main\java\com\escuelaposgrado\Autenticacion\controller\AdminController.java","AdminController::actualizarUsuario","AdminController::actualizarUsuario( @ Parameter(description='ID del usuario a actualizar',required=true) @ PathVariable Long id , @ Parameter(description='Datos del usuario a actualizar',required=true) @ Valid @ RequestBody ActualizarUsuarioAdminRequest request)",398,405
4,1,22,0,4,"AdminController::getEstadisticas@411-414@backend\Autenticacion\src\main\java\com\escuelaposgrado\Autenticacion\controller\AdminController.java","backend\Autenticacion\src\main\java\com\escuelaposgrado\Autenticacion\controller\AdminController.java","AdminController::getEstadisticas","AdminController::getEstadisticas()",411,414
4,1,28,0,4,"AdminController::getDocentes@420-423@backend\Autenticacion\src\main\java\com\escuelaposgrado\Autenticacion\controller\AdminController.java","backend\Autenticacion\src\main\java\com\escuelaposgrado\Autenticacion\controller\AdminController.java","AdminController::getDocentes","AdminController::getDocentes()",420,423
4,1,28,0,4,"AdminController::getCoordinadores@429-432@backend\Autenticacion\src\main\java\com\escuelaposgrado\Autenticacion\controller\AdminController.java","backend\Autenticacion\src\main\java\com\escuelaposgrado\Autenticacion\controller\AdminController.java","AdminController::getCoordinadores","AdminController::getCoordinadores()",429,432
4,1,28,0,4,"AdminController::getAlumnos@438-441@backend\Autenticacion\src\main\java\com\escuelaposgrado\Autenticacion\controller\AdminController.java","backend\Autenticacion\src\main\java\com\escuelaposgrado\Autenticacion\controller\AdminController.java","AdminController::getAlumnos","AdminController::getAlumnos()",438,441
4,1,28,0,4,"AdminController::getPostulantes@447-450@backend\Autenticacion\src\main\java\com\escuelaposgrado\Autenticacion\controller\AdminController.java","backend\Autenticacion\src\main\java\com\escuelaposgrado\Autenticacion\controller\AdminController.java","AdminController::getPostulantes","AdminController::getPostulantes()",447,450
6,1,41,1,6,"AdminController::buscarUsuarios@482-487@backend\Autenticacion\src\main\java\com\escuelaposgrado\Autenticacion\controller\AdminController.java","backend\Autenticacion\src\main\java\com\escuelaposgrado\Autenticacion\controller\AdminController.java","AdminController::buscarUsuarios","AdminController::buscarUsuarios( @ Parameter(description='Texto a buscar en nombres y apellidos',required=true) @ RequestParam String texto)",482,487
13,3,83,0,13,"AdminController::limpiarDuplicados@545-557@backend\Autenticacion\src\main\java\com\escuelaposgrado\Autenticacion\controller\AdminController.java","backend\Autenticacion\src\main\java\com\escuelaposgrado\Autenticacion\controller\AdminController.java","AdminController::limpiarDuplicados","AdminController::limpiarDuplicados()",545,557
15,2,114,0,17,"AdminController::exportarUsuariosExcel@593-609@backend\Autenticacion\src\main\java\com\escuelaposgrado\Autenticacion\controller\AdminController.java","backend\Autenticacion\src\main\java\com\escuelaposgrado\Autenticacion\controller\AdminController.java","AdminController::exportarUsuariosExcel","AdminController::exportarUsuariosExcel()",593,609
20,5,146,1,24,"AdminController::importarUsuariosExcel@667-690@backend\Autenticacion\src\main\java\com\escuelaposgrado\Autenticacion\controller\AdminController.java","backend\Autenticacion\src\main\java\com\escuelaposgrado\Autenticacion\controller\AdminController.java","AdminController::importarUsuariosExcel","AdminController::importarUsuariosExcel( @ Parameter(description='Archivo Excel con los usuarios a importar',required=true) @ RequestParam('file') MultipartFile file)",667,690
13,2,83,0,15,"AdminController::descargarPlantillaExcel@726-740@backend\Autenticacion\src\main\java\com\escuelaposgrado\Autenticacion\controller\AdminController.java","backend\Autenticacion\src\main\java\com\escuelaposgrado\Autenticacion\controller\AdminController.java","AdminController::descargarPlantillaExcel","AdminController::descargarPlantillaExcel()",726,740
8,2,50,1,8,"AlumnoController::getPerfil@47-54@backend\Autenticacion\src\main\java\com\escuelaposgrado\Autenticacion\controller\AlumnoController.java","backend\Autenticacion\src\main\java\com\escuelaposgrado\Autenticacion\controller\AlumnoController.java","AlumnoController::getPerfil","AlumnoController::getPerfil( Authentication authentication)",47,54
4,1,28,0,4,"AlumnoController::getDocentes@60-63@backend\Autenticacion\src\main\java\com\escuelaposgrado\Autenticacion\controller\AlumnoController.java","backend\Autenticacion\src\main\java\com\escuelaposgrado\Autenticacion\controller\AlumnoController.java","AlumnoController::getDocentes","AlumnoController::getDocentes()",60,63
4,1,28,0,4,"AlumnoController::getCompaneros@69-72@backend\Autenticacion\src\main\java\com\escuelaposgrado\Autenticacion\controller\AlumnoController.java","backend\Autenticacion\src\main\java\com\escuelaposgrado\Autenticacion\controller\AlumnoController.java","AlumnoController::getCompaneros","AlumnoController::getCompaneros()",69,72
10,2,77,1,10,"AlumnoController::getBienvenida@78-87@backend\Autenticacion\src\main\java\com\escuelaposgrado\Autenticacion\controller\AlumnoController.java","backend\Autenticacion\src\main\java\com\escuelaposgrado\Autenticacion\controller\AlumnoController.java","AlumnoController::getBienvenida","AlumnoController::getBienvenida( Authentication authentication)",78,87
10,3,84,1,10,"AlumnoController::getCodigoEstudiante@93-102@backend\Autenticacion\src\main\java\com\escuelaposgrado\Autenticacion\controller\AlumnoController.java","backend\Autenticacion\src\main\java\com\escuelaposgrado\Autenticacion\controller\AlumnoController.java","AlumnoController::getCodigoEstudiante","AlumnoController::getCodigoEstudiante( Authentication authentication)",93,102
25,7,205,1,28,"AuthController::login@107-134@backend\Autenticacion\src\main\java\com\escuelaposgrado\Autenticacion\controller\AuthController.java","backend\Autenticacion\src\main\java\com\escuelaposgrado\Autenticacion\controller\AuthController.java","AuthController::login","AuthController::login( @ Parameter(description='Credenciales de login',required=true) @ Valid @ RequestBody LoginRequest loginRequest)",107,134
10,2,65,1,11,"AuthController::registro@204-214@backend\Autenticacion\src\main\java\com\escuelaposgrado\Autenticacion\controller\AuthController.java","backend\Autenticacion\src\main\java\com\escuelaposgrado\Autenticacion\controller\AuthController.java","AuthController::registro","AuthController::registro( @ Parameter(description='Datos del nuevo usuario',required=true) @ Valid @ RequestBody RegistroRequest registroRequest)",204,214
8,2,50,1,8,"AuthController::getCurrentUser@265-272@backend\Autenticacion\src\main\java\com\escuelaposgrado\Autenticacion\controller\AuthController.java","backend\Autenticacion\src\main\java\com\escuelaposgrado\Autenticacion\controller\AuthController.java","AuthController::getCurrentUser","AuthController::getCurrentUser( Authentication authentication)",265,272
6,3,51,1,6,"AuthController::validateToken@325-330@backend\Autenticacion\src\main\java\com\escuelaposgrado\Autenticacion\controller\AuthController.java","backend\Autenticacion\src\main\java\com\escuelaposgrado\Autenticacion\controller\AuthController.java","AuthController::validateToken","AuthController::validateToken( Authentication authentication)",325,330
22,3,153,2,26,"AuthController::actualizarPerfil@400-425@backend\Autenticacion\src\main\java\com\escuelaposgrado\Autenticacion\controller\AuthController.java","backend\Autenticacion\src\main\java\com\escuelaposgrado\Autenticacion\controller\AuthController.java","AuthController::actualizarPerfil","AuthController::actualizarPerfil( @ Parameter(description='Datos para actualizar el perfil personal',required=true) @ Valid @ RequestBody ActualizarPerfilRequest request , Authentication authentication)",400,425
22,3,153,2,26,"AuthController::cambiarPassword@506-531@backend\Autenticacion\src\main\java\com\escuelaposgrado\Autenticacion\controller\AuthController.java","backend\Autenticacion\src\main\java\com\escuelaposgrado\Autenticacion\controller\AuthController.java","AuthController::cambiarPassword","AuthController::cambiarPassword( @ Parameter(description='Datos para cambiar la contraseña',required=true) @ Valid @ RequestBody CambiarPasswordRequest request , Authentication authentication)",506,531
15,2,109,1,15,"AuthController::googleLogin@584-598@backend\Autenticacion\src\main\java\com\escuelaposgrado\Autenticacion\controller\AuthController.java","backend\Autenticacion\src\main\java\com\escuelaposgrado\Autenticacion\controller\AuthController.java","AuthController::googleLogin","AuthController::googleLogin( @ Parameter(description='Token de Google OAuth',required=true) @ Valid @ RequestBody GoogleLoginRequest googleLoginRequest)",584,598
8,2,50,1,8,"CoordinadorController::getPerfil@39-46@backend\Autenticacion\src\main\java\com\escuelaposgrado\Autenticacion\controller\CoordinadorController.java","backend\Autenticacion\src\main\java\com\escuelaposgrado\Autenticacion\controller\CoordinadorController.java","CoordinadorController::getPerfil","CoordinadorController::getPerfil( Authentication authentication)",39,46
4,1,28,0,4,"CoordinadorController::getDocentes@52-55@backend\Autenticacion\src\main\java\com\escuelaposgrado\Autenticacion\controller\CoordinadorController.java","backend\Autenticacion\src\main\java\com\escuelaposgrado\Autenticacion\controller\CoordinadorController.java","CoordinadorController::getDocentes","CoordinadorController::getDocentes()",52,55
4,1,28,0,4,"CoordinadorController::getAlumnos@61-64@backend\Autenticacion\src\main\java\com\escuelaposgrado\Autenticacion\controller\CoordinadorController.java","backend\Autenticacion\src\main\java\com\escuelaposgrado\Autenticacion\controller\CoordinadorController.java","CoordinadorController::getAlumnos","CoordinadorController::getAlumnos()",61,64
4,1,28,0,4,"CoordinadorController::getPostulantes@70-73@backend\Autenticacion\src\main\java\com\escuelaposgrado\Autenticacion\controller\CoordinadorController.java","backend\Autenticacion\src\main\java\com\escuelaposgrado\Autenticacion\controller\CoordinadorController.java","CoordinadorController::getPostulantes","CoordinadorController::getPostulantes()",70,73
4,1,28,0,4,"CoordinadorController::getCoordinadores@79-82@backend\Autenticacion\src\main\java\com\escuelaposgrado\Autenticacion\controller\CoordinadorController.java","backend\Autenticacion\src\main\java\com\escuelaposgrado\Autenticacion\controller\CoordinadorController.java","CoordinadorController::getCoordinadores","CoordinadorController::getCoordinadores()",79,82
10,2,77,1,10,"CoordinadorController::getBienvenida@88-97@backend\Autenticacion\src\main\java\com\escuelaposgrado\Autenticacion\controller\CoordinadorController.java","backend\Autenticacion\src\main\java\com\escuelaposgrado\Autenticacion\controller\CoordinadorController.java","CoordinadorController::getBienvenida","CoordinadorController::getBienvenida( Authentication authentication)",88,97
4,1,32,0,4,"CoordinadorController::getResumen@103-106@backend\Autenticacion\src\main\java\com\escuelaposgrado\Autenticacion\controller\CoordinadorController.java","backend\Autenticacion\src\main\java\com\escuelaposgrado\Autenticacion\controller\CoordinadorController.java","CoordinadorController::getResumen","CoordinadorController::getResumen()",103,106
8,2,50,1,8,"DocenteController::getPerfil@47-54@backend\Autenticacion\src\main\java\com\escuelaposgrado\Autenticacion\controller\DocenteController.java","backend\Autenticacion\src\main\java\com\escuelaposgrado\Autenticacion\controller\DocenteController.java","DocenteController::getPerfil","DocenteController::getPerfil( Authentication authentication)",47,54
4,1,28,0,4,"DocenteController::getAlumnos@60-63@backend\Autenticacion\src\main\java\com\escuelaposgrado\Autenticacion\controller\DocenteController.java","backend\Autenticacion\src\main\java\com\escuelaposgrado\Autenticacion\controller\DocenteController.java","DocenteController::getAlumnos","DocenteController::getAlumnos()",60,63
4,1,28,0,4,"DocenteController::getColegas@69-72@backend\Autenticacion\src\main\java\com\escuelaposgrado\Autenticacion\controller\DocenteController.java","backend\Autenticacion\src\main\java\com\escuelaposgrado\Autenticacion\controller\DocenteController.java","DocenteController::getColegas","DocenteController::getColegas()",69,72
10,2,77,1,10,"DocenteController::getBienvenida@78-87@backend\Autenticacion\src\main\java\com\escuelaposgrado\Autenticacion\controller\DocenteController.java","backend\Autenticacion\src\main\java\com\escuelaposgrado\Autenticacion\controller\DocenteController.java","DocenteController::getBienvenida","DocenteController::getBienvenida( Authentication authentication)",78,87
3,1,17,0,3,"HealthController::getStatus@71-73@backend\Autenticacion\src\main\java\com\escuelaposgrado\Autenticacion\controller\HealthController.java","backend\Autenticacion\src\main\java\com\escuelaposgrado\Autenticacion\controller\HealthController.java","HealthController::getStatus","HealthController::getStatus()",71,73
21,4,174,0,29,"HealthController::healthCheck@79-107@backend\Autenticacion\src\main\java\com\escuelaposgrado\Autenticacion\controller\HealthController.java","backend\Autenticacion\src\main\java\com\escuelaposgrado\Autenticacion\controller\HealthController.java","HealthController::healthCheck","HealthController::healthCheck()",79,107
10,1,94,0,12,"HealthController::getInfo@113-124@backend\Autenticacion\src\main\java\com\escuelaposgrado\Autenticacion\controller\HealthController.java","backend\Autenticacion\src\main\java\com\escuelaposgrado\Autenticacion\controller\HealthController.java","HealthController::getInfo","HealthController::getInfo()",113,124
8,2,50,1,8,"PostulanteController::getPerfil@39-46@backend\Autenticacion\src\main\java\com\escuelaposgrado\Autenticacion\controller\PostulanteController.java","backend\Autenticacion\src\main\java\com\escuelaposgrado\Autenticacion\controller\PostulanteController.java","PostulanteController::getPerfil","PostulanteController::getPerfil( Authentication authentication)",39,46
4,1,28,0,4,"PostulanteController::getDocentes@52-55@backend\Autenticacion\src\main\java\com\escuelaposgrado\Autenticacion\controller\PostulanteController.java","backend\Autenticacion\src\main\java\com\escuelaposgrado\Autenticacion\controller\PostulanteController.java","PostulanteController::getDocentes","PostulanteController::getDocentes()",52,55
4,1,28,0,4,"PostulanteController::getCoordinadores@61-64@backend\Autenticacion\src\main\java\com\escuelaposgrado\Autenticacion\controller\PostulanteController.java","backend\Autenticacion\src\main\java\com\escuelaposgrado\Autenticacion\controller\PostulanteController.java","PostulanteController::getCoordinadores","PostulanteController::getCoordinadores()",61,64
10,2,77,1,10,"PostulanteController::getBienvenida@70-79@backend\Autenticacion\src\main\java\com\escuelaposgrado\Autenticacion\controller\PostulanteController.java","backend\Autenticacion\src\main\java\com\escuelaposgrado\Autenticacion\controller\PostulanteController.java","PostulanteController::getBienvenida","PostulanteController::getBienvenida( Authentication authentication)",70,79
10,3,85,1,10,"PostulanteController::getProgramaInteres@85-94@backend\Autenticacion\src\main\java\com\escuelaposgrado\Autenticacion\controller\PostulanteController.java","backend\Autenticacion\src\main\java\com\escuelaposgrado\Autenticacion\controller\PostulanteController.java","PostulanteController::getProgramaInteres","PostulanteController::getProgramaInteres( Authentication authentication)",85,94
11,3,87,1,11,"PostulanteController::getEstado@100-110@backend\Autenticacion\src\main\java\com\escuelaposgrado\Autenticacion\controller\PostulanteController.java","backend\Autenticacion\src\main\java\com\escuelaposgrado\Autenticacion\controller\PostulanteController.java","PostulanteController::getEstado","PostulanteController::getEstado( Authentication authentication)",100,110
1,1,5,0,1,"ActualizarPerfilRequest::ActualizarPerfilRequest@30-30@backend\Autenticacion\src\main\java\com\escuelaposgrado\Autenticacion\dto\request\ActualizarPerfilRequest.java","backend\Autenticacion\src\main\java\com\escuelaposgrado\Autenticacion\dto\request\ActualizarPerfilRequest.java","ActualizarPerfilRequest::ActualizarPerfilRequest","ActualizarPerfilRequest::ActualizarPerfilRequest()",30,30
4,1,22,2,4,"ActualizarPerfilRequest::ActualizarPerfilRequest@32-35@backend\Autenticacion\src\main\java\com\escuelaposgrado\Autenticacion\dto\request\ActualizarPerfilRequest.java","backend\Autenticacion\src\main\java\com\escuelaposgrado\Autenticacion\dto\request\ActualizarPerfilRequest.java","ActualizarPerfilRequest::ActualizarPerfilRequest","ActualizarPerfilRequest::ActualizarPerfilRequest( String telefono , String direccion)",32,35
3,1,8,0,3,"ActualizarPerfilRequest::getTelefono@38-40@backend\Autenticacion\src\main\java\com\escuelaposgrado\Autenticacion\dto\request\ActualizarPerfilRequest.java","backend\Autenticacion\src\main\java\com\escuelaposgrado\Autenticacion\dto\request\ActualizarPerfilRequest.java","ActualizarPerfilRequest::getTelefono","ActualizarPerfilRequest::getTelefono()",38,40
3,1,13,1,3,"ActualizarPerfilRequest::setTelefono@42-44@backend\Autenticacion\src\main\java\com\escuelaposgrado\Autenticacion\dto\request\ActualizarPerfilRequest.java","backend\Autenticacion\src\main\java\com\escuelaposgrado\Autenticacion\dto\request\ActualizarPerfilRequest.java","ActualizarPerfilRequest::setTelefono","ActualizarPerfilRequest::setTelefono( String telefono)",42,44
3,1,8,0,3,"ActualizarPerfilRequest::getDireccion@46-48@backend\Autenticacion\src\main\java\com\escuelaposgrado\Autenticacion\dto\request\ActualizarPerfilRequest.java","backend\Autenticacion\src\main\java\com\escuelaposgrado\Autenticacion\dto\request\ActualizarPerfilRequest.java","ActualizarPerfilRequest::getDireccion","ActualizarPerfilRequest::getDireccion()",46,48
3,1,13,1,3,"ActualizarPerfilRequest::setDireccion@50-52@backend\Autenticacion\src\main\java\com\escuelaposgrado\Autenticacion\dto\request\ActualizarPerfilRequest.java","backend\Autenticacion\src\main\java\com\escuelaposgrado\Autenticacion\dto\request\ActualizarPerfilRequest.java","ActualizarPerfilRequest::setDireccion","ActualizarPerfilRequest::setDireccion( String direccion)",50,52
3,1,8,0,3,"ActualizarPerfilRequest::getPassword@54-56@backend\Autenticacion\src\main\java\com\escuelaposgrado\Autenticacion\dto\request\ActualizarPerfilRequest.java","backend\Autenticacion\src\main\java\com\escuelaposgrado\Autenticacion\dto\request\ActualizarPerfilRequest.java","ActualizarPerfilRequest::getPassword","ActualizarPerfilRequest::getPassword()",54,56
3,1,13,1,3,"ActualizarPerfilRequest::setPassword@58-60@backend\Autenticacion\src\main\java\com\escuelaposgrado\Autenticacion\dto\request\ActualizarPerfilRequest.java","backend\Autenticacion\src\main\java\com\escuelaposgrado\Autenticacion\dto\request\ActualizarPerfilRequest.java","ActualizarPerfilRequest::setPassword","ActualizarPerfilRequest::setPassword( String password)",58,60
3,1,8,0,3,"ActualizarPerfilRequest::getConfirmarPassword@62-64@backend\Autenticacion\src\main\java\com\escuelaposgrado\Autenticacion\dto\request\ActualizarPerfilRequest.java","backend\Autenticacion\src\main\java\com\escuelaposgrado\Autenticacion\dto\request\ActualizarPerfilRequest.java","ActualizarPerfilRequest::getConfirmarPassword","ActualizarPerfilRequest::getConfirmarPassword()",62,64
3,1,13,1,3,"ActualizarPerfilRequest::setConfirmarPassword@66-68@backend\Autenticacion\src\main\java\com\escuelaposgrado\Autenticacion\dto\request\ActualizarPerfilRequest.java","backend\Autenticacion\src\main\java\com\escuelaposgrado\Autenticacion\dto\request\ActualizarPerfilRequest.java","ActualizarPerfilRequest::setConfirmarPassword","ActualizarPerfilRequest::setConfirmarPassword( String confirmarPassword)",66,68
6,3,34,0,6,"ActualizarPerfilRequest::isPasswordValid@73-78@backend\Autenticacion\src\main\java\com\escuelaposgrado\Autenticacion\dto\request\ActualizarPerfilRequest.java","backend\Autenticacion\src\main\java\com\escuelaposgrado\Autenticacion\dto\request\ActualizarPerfilRequest.java","ActualizarPerfilRequest::isPasswordValid","ActualizarPerfilRequest::isPasswordValid()",73,78
3,2,21,0,3,"ActualizarPerfilRequest::isUpdatingPassword@83-85@backend\Autenticacion\src\main\java\com\escuelaposgrado\Autenticacion\dto\request\ActualizarPerfilRequest.java","backend\Autenticacion\src\main\java\com\escuelaposgrado\Autenticacion\dto\request\ActualizarPerfilRequest.java","ActualizarPerfilRequest::isUpdatingPassword","ActualizarPerfilRequest::isUpdatingPassword()",83,85
1,1,5,0,1,"ActualizarUsuarioAdminRequest::ActualizarUsuarioAdminRequest@68-68@backend\Autenticacion\src\main\java\com\escuelaposgrado\Autenticacion\dto\request\ActualizarUsuarioAdminRequest.java","backend\Autenticacion\src\main\java\com\escuelaposgrado\Autenticacion\dto\request\ActualizarUsuarioAdminRequest.java","ActualizarUsuarioAdminRequest::ActualizarUsuarioAdminRequest","ActualizarUsuarioAdminRequest::ActualizarUsuarioAdminRequest()",68,68
3,1,8,0,3,"ActualizarUsuarioAdminRequest::getUsername@71-73@backend\Autenticacion\src\main\java\com\escuelaposgrado\Autenticacion\dto\request\ActualizarUsuarioAdminRequest.java","backend\Autenticacion\src\main\java\com\escuelaposgrado\Autenticacion\dto\request\ActualizarUsuarioAdminRequest.java","ActualizarUsuarioAdminRequest::getUsername","ActualizarUsuarioAdminRequest::getUsername()",71,73
3,1,13,1,3,"ActualizarUsuarioAdminRequest::setUsername@75-77@backend\Autenticacion\src\main\java\com\escuelaposgrado\Autenticacion\dto\request\ActualizarUsuarioAdminRequest.java","backend\Autenticacion\src\main\java\com\escuelaposgrado\Autenticacion\dto\request\ActualizarUsuarioAdminRequest.java","ActualizarUsuarioAdminRequest::setUsername","ActualizarUsuarioAdminRequest::setUsername( String username)",75,77
3,1,8,0,3,"ActualizarUsuarioAdminRequest::getEmail@79-81@backend\Autenticacion\src\main\java\com\escuelaposgrado\Autenticacion\dto\request\ActualizarUsuarioAdminRequest.java","backend\Autenticacion\src\main\java\com\escuelaposgrado\Autenticacion\dto\request\ActualizarUsuarioAdminRequest.java","ActualizarUsuarioAdminRequest::getEmail","ActualizarUsuarioAdminRequest::getEmail()",79,81
3,1,13,1,3,"ActualizarUsuarioAdminRequest::setEmail@83-85@backend\Autenticacion\src\main\java\com\escuelaposgrado\Autenticacion\dto\request\ActualizarUsuarioAdminRequest.java","backend\Autenticacion\src\main\java\com\escuelaposgrado\Autenticacion\dto\request\ActualizarUsuarioAdminRequest.java","ActualizarUsuarioAdminRequest::setEmail","ActualizarUsuarioAdminRequest::setEmail( String email)",83,85
3,1,8,0,3,"ActualizarUsuarioAdminRequest::getNombres@87-89@backend\Autenticacion\src\main\java\com\escuelaposgrado\Autenticacion\dto\request\ActualizarUsuarioAdminRequest.java","backend\Autenticacion\src\main\java\com\escuelaposgrado\Autenticacion\dto\request\ActualizarUsuarioAdminRequest.java","ActualizarUsuarioAdminRequest::getNombres","ActualizarUsuarioAdminRequest::getNombres()",87,89
3,1,13,1,3,"ActualizarUsuarioAdminRequest::setNombres@91-93@backend\Autenticacion\src\main\java\com\escuelaposgrado\Autenticacion\dto\request\ActualizarUsuarioAdminRequest.java","backend\Autenticacion\src\main\java\com\escuelaposgrado\Autenticacion\dto\request\ActualizarUsuarioAdminRequest.java","ActualizarUsuarioAdminRequest::setNombres","ActualizarUsuarioAdminRequest::setNombres( String nombres)",91,93
3,1,8,0,3,"ActualizarUsuarioAdminRequest::getApellidos@95-97@backend\Autenticacion\src\main\java\com\escuelaposgrado\Autenticacion\dto\request\ActualizarUsuarioAdminRequest.java","backend\Autenticacion\src\main\java\com\escuelaposgrado\Autenticacion\dto\request\ActualizarUsuarioAdminRequest.java","ActualizarUsuarioAdminRequest::getApellidos","ActualizarUsuarioAdminRequest::getApellidos()",95,97
3,1,13,1,3,"ActualizarUsuarioAdminRequest::setApellidos@99-101@backend\Autenticacion\src\main\java\com\escuelaposgrado\Autenticacion\dto\request\ActualizarUsuarioAdminRequest.java","backend\Autenticacion\src\main\java\com\escuelaposgrado\Autenticacion\dto\request\ActualizarUsuarioAdminRequest.java","ActualizarUsuarioAdminRequest::setApellidos","ActualizarUsuarioAdminRequest::setApellidos( String apellidos)",99,101
3,1,8,0,3,"ActualizarUsuarioAdminRequest::getDni@103-105@backend\Autenticacion\src\main\java\com\escuelaposgrado\Autenticacion\dto\request\ActualizarUsuarioAdminRequest.java","backend\Autenticacion\src\main\java\com\escuelaposgrado\Autenticacion\dto\request\ActualizarUsuarioAdminRequest.java","ActualizarUsuarioAdminRequest::getDni","ActualizarUsuarioAdminRequest::getDni()",103,105
3,1,13,1,3,"ActualizarUsuarioAdminRequest::setDni@107-109@backend\Autenticacion\src\main\java\com\escuelaposgrado\Autenticacion\dto\request\ActualizarUsuarioAdminRequest.java","backend\Autenticacion\src\main\java\com\escuelaposgrado\Autenticacion\dto\request\ActualizarUsuarioAdminRequest.java","ActualizarUsuarioAdminRequest::setDni","ActualizarUsuarioAdminRequest::setDni( String dni)",107,109
3,1,8,0,3,"ActualizarUsuarioAdminRequest::getTelefono@111-113@backend\Autenticacion\src\main\java\com\escuelaposgrado\Autenticacion\dto\request\ActualizarUsuarioAdminRequest.java","backend\Autenticacion\src\main\java\com\escuelaposgrado\Autenticacion\dto\request\ActualizarUsuarioAdminRequest.java","ActualizarUsuarioAdminRequest::getTelefono","ActualizarUsuarioAdminRequest::getTelefono()",111,113
3,1,13,1,3,"ActualizarUsuarioAdminRequest::setTelefono@115-117@backend\Autenticacion\src\main\java\com\escuelaposgrado\Autenticacion\dto\request\ActualizarUsuarioAdminRequest.java","backend\Autenticacion\src\main\java\com\escuelaposgrado\Autenticacion\dto\request\ActualizarUsuarioAdminRequest.java","ActualizarUsuarioAdminRequest::setTelefono","ActualizarUsuarioAdminRequest::setTelefono( String telefono)",115,117
3,1,8,0,3,"ActualizarUsuarioAdminRequest::getDireccion@119-121@backend\Autenticacion\src\main\java\com\escuelaposgrado\Autenticacion\dto\request\ActualizarUsuarioAdminRequest.java","backend\Autenticacion\src\main\java\com\escuelaposgrado\Autenticacion\dto\request\ActualizarUsuarioAdminRequest.java","ActualizarUsuarioAdminRequest::getDireccion","ActualizarUsuarioAdminRequest::getDireccion()",119,121
3,1,13,1,3,"ActualizarUsuarioAdminRequest::setDireccion@123-125@backend\Autenticacion\src\main\java\com\escuelaposgrado\Autenticacion\dto\request\ActualizarUsuarioAdminRequest.java","backend\Autenticacion\src\main\java\com\escuelaposgrado\Autenticacion\dto\request\ActualizarUsuarioAdminRequest.java","ActualizarUsuarioAdminRequest::setDireccion","ActualizarUsuarioAdminRequest::setDireccion( String direccion)",123,125
3,1,8,0,3,"ActualizarUsuarioAdminRequest::getRole@127-129@backend\Autenticacion\src\main\java\com\escuelaposgrado\Autenticacion\dto\request\ActualizarUsuarioAdminRequest.java","backend\Autenticacion\src\main\java\com\escuelaposgrado\Autenticacion\dto\request\ActualizarUsuarioAdminRequest.java","ActualizarUsuarioAdminRequest::getRole","ActualizarUsuarioAdminRequest::getRole()",127,129
3,1,13,1,3,"ActualizarUsuarioAdminRequest::setRole@131-133@backend\Autenticacion\src\main\java\com\escuelaposgrado\Autenticacion\dto\request\ActualizarUsuarioAdminRequest.java","backend\Autenticacion\src\main\java\com\escuelaposgrado\Autenticacion\dto\request\ActualizarUsuarioAdminRequest.java","ActualizarUsuarioAdminRequest::setRole","ActualizarUsuarioAdminRequest::setRole( Role role)",131,133
3,1,8,0,3,"ActualizarUsuarioAdminRequest::getCodigoEstudiante@135-137@backend\Autenticacion\src\main\java\com\escuelaposgrado\Autenticacion\dto\request\ActualizarUsuarioAdminRequest.java","backend\Autenticacion\src\main\java\com\escuelaposgrado\Autenticacion\dto\request\ActualizarUsuarioAdminRequest.java","ActualizarUsuarioAdminRequest::getCodigoEstudiante","ActualizarUsuarioAdminRequest::getCodigoEstudiante()",135,137
3,1,13,1,3,"ActualizarUsuarioAdminRequest::setCodigoEstudiante@139-141@backend\Autenticacion\src\main\java\com\escuelaposgrado\Autenticacion\dto\request\ActualizarUsuarioAdminRequest.java","backend\Autenticacion\src\main\java\com\escuelaposgrado\Autenticacion\dto\request\ActualizarUsuarioAdminRequest.java","ActualizarUsuarioAdminRequest::setCodigoEstudiante","ActualizarUsuarioAdminRequest::setCodigoEstudiante( String codigoEstudiante)",139,141
3,1,8,0,3,"ActualizarUsuarioAdminRequest::getCodigoDocente@143-145@backend\Autenticacion\src\main\java\com\escuelaposgrado\Autenticacion\dto\request\ActualizarUsuarioAdminRequest.java","backend\Autenticacion\src\main\java\com\escuelaposgrado\Autenticacion\dto\request\ActualizarUsuarioAdminRequest.java","ActualizarUsuarioAdminRequest::getCodigoDocente","ActualizarUsuarioAdminRequest::getCodigoDocente()",143,145
3,1,13,1,3,"ActualizarUsuarioAdminRequest::setCodigoDocente@147-149@backend\Autenticacion\src\main\java\com\escuelaposgrado\Autenticacion\dto\request\ActualizarUsuarioAdminRequest.java","backend\Autenticacion\src\main\java\com\escuelaposgrado\Autenticacion\dto\request\ActualizarUsuarioAdminRequest.java","ActualizarUsuarioAdminRequest::setCodigoDocente","ActualizarUsuarioAdminRequest::setCodigoDocente( String codigoDocente)",147,149
3,1,8,0,3,"ActualizarUsuarioAdminRequest::getEspecialidad@151-153@backend\Autenticacion\src\main\java\com\escuelaposgrado\Autenticacion\dto\request\ActualizarUsuarioAdminRequest.java","backend\Autenticacion\src\main\java\com\escuelaposgrado\Autenticacion\dto\request\ActualizarUsuarioAdminRequest.java","ActualizarUsuarioAdminRequest::getEspecialidad","ActualizarUsuarioAdminRequest::getEspecialidad()",151,153
3,1,13,1,3,"ActualizarUsuarioAdminRequest::setEspecialidad@155-157@backend\Autenticacion\src\main\java\com\escuelaposgrado\Autenticacion\dto\request\ActualizarUsuarioAdminRequest.java","backend\Autenticacion\src\main\java\com\escuelaposgrado\Autenticacion\dto\request\ActualizarUsuarioAdminRequest.java","ActualizarUsuarioAdminRequest::setEspecialidad","ActualizarUsuarioAdminRequest::setEspecialidad( String especialidad)",155,157
3,1,8,0,3,"ActualizarUsuarioAdminRequest::getProgramaInteres@159-161@backend\Autenticacion\src\main\java\com\escuelaposgrado\Autenticacion\dto\request\ActualizarUsuarioAdminRequest.java","backend\Autenticacion\src\main\java\com\escuelaposgrado\Autenticacion\dto\request\ActualizarUsuarioAdminRequest.java","ActualizarUsuarioAdminRequest::getProgramaInteres","ActualizarUsuarioAdminRequest::getProgramaInteres()",159,161
3,1,13,1,3,"ActualizarUsuarioAdminRequest::setProgramaInteres@163-165@backend\Autenticacion\src\main\java\com\escuelaposgrado\Autenticacion\dto\request\ActualizarUsuarioAdminRequest.java","backend\Autenticacion\src\main\java\com\escuelaposgrado\Autenticacion\dto\request\ActualizarUsuarioAdminRequest.java","ActualizarUsuarioAdminRequest::setProgramaInteres","ActualizarUsuarioAdminRequest::setProgramaInteres( String programaInteres)",163,165
3,1,8,0,3,"ActualizarUsuarioAdminRequest::getPassword@167-169@backend\Autenticacion\src\main\java\com\escuelaposgrado\Autenticacion\dto\request\ActualizarUsuarioAdminRequest.java","backend\Autenticacion\src\main\java\com\escuelaposgrado\Autenticacion\dto\request\ActualizarUsuarioAdminRequest.java","ActualizarUsuarioAdminRequest::getPassword","ActualizarUsuarioAdminRequest::getPassword()",167,169
3,1,13,1,3,"ActualizarUsuarioAdminRequest::setPassword@171-173@backend\Autenticacion\src\main\java\com\escuelaposgrado\Autenticacion\dto\request\ActualizarUsuarioAdminRequest.java","backend\Autenticacion\src\main\java\com\escuelaposgrado\Autenticacion\dto\request\ActualizarUsuarioAdminRequest.java","ActualizarUsuarioAdminRequest::setPassword","ActualizarUsuarioAdminRequest::setPassword( String password)",171,173
3,2,21,0,3,"ActualizarUsuarioAdminRequest::isUpdatingPassword@178-180@backend\Autenticacion\src\main\java\com\escuelaposgrado\Autenticacion\dto\request\ActualizarUsuarioAdminRequest.java","backend\Autenticacion\src\main\java\com\escuelaposgrado\Autenticacion\dto\request\ActualizarUsuarioAdminRequest.java","ActualizarUsuarioAdminRequest::isUpdatingPassword","ActualizarUsuarioAdminRequest::isUpdatingPassword()",178,180
1,1,5,0,1,"CambiarPasswordRequest::CambiarPasswordRequest@27-27@backend\Autenticacion\src\main\java\com\escuelaposgrado\Autenticacion\dto\request\CambiarPasswordRequest.java","backend\Autenticacion\src\main\java\com\escuelaposgrado\Autenticacion\dto\request\CambiarPasswordRequest.java","CambiarPasswordRequest::CambiarPasswordRequest","CambiarPasswordRequest::CambiarPasswordRequest()",27,27
5,1,31,3,5,"CambiarPasswordRequest::CambiarPasswordRequest@29-33@backend\Autenticacion\src\main\java\com\escuelaposgrado\Autenticacion\dto\request\CambiarPasswordRequest.java","backend\Autenticacion\src\main\java\com\escuelaposgrado\Autenticacion\dto\request\CambiarPasswordRequest.java","CambiarPasswordRequest::CambiarPasswordRequest","CambiarPasswordRequest::CambiarPasswordRequest( String passwordActual , String nuevaPassword , String confirmarNuevaPassword)",29,33
3,1,8,0,3,"CambiarPasswordRequest::getPasswordActual@36-38@backend\Autenticacion\src\main\java\com\escuelaposgrado\Autenticacion\dto\request\CambiarPasswordRequest.java","backend\Autenticacion\src\main\java\com\escuelaposgrado\Autenticacion\dto\request\CambiarPasswordRequest.java","CambiarPasswordRequest::getPasswordActual","CambiarPasswordRequest::getPasswordActual()",36,38
3,1,13,1,3,"CambiarPasswordRequest::setPasswordActual@40-42@backend\Autenticacion\src\main\java\com\escuelaposgrado\Autenticacion\dto\request\CambiarPasswordRequest.java","backend\Autenticacion\src\main\java\com\escuelaposgrado\Autenticacion\dto\request\CambiarPasswordRequest.java","CambiarPasswordRequest::setPasswordActual","CambiarPasswordRequest::setPasswordActual( String passwordActual)",40,42
3,1,8,0,3,"CambiarPasswordRequest::getNuevaPassword@44-46@backend\Autenticacion\src\main\java\com\escuelaposgrado\Autenticacion\dto\request\CambiarPasswordRequest.java","backend\Autenticacion\src\main\java\com\escuelaposgrado\Autenticacion\dto\request\CambiarPasswordRequest.java","CambiarPasswordRequest::getNuevaPassword","CambiarPasswordRequest::getNuevaPassword()",44,46
3,1,13,1,3,"CambiarPasswordRequest::setNuevaPassword@48-50@backend\Autenticacion\src\main\java\com\escuelaposgrado\Autenticacion\dto\request\CambiarPasswordRequest.java","backend\Autenticacion\src\main\java\com\escuelaposgrado\Autenticacion\dto\request\CambiarPasswordRequest.java","CambiarPasswordRequest::setNuevaPassword","CambiarPasswordRequest::setNuevaPassword( String nuevaPassword)",48,50
3,1,8,0,3,"CambiarPasswordRequest::getConfirmarNuevaPassword@52-54@backend\Autenticacion\src\main\java\com\escuelaposgrado\Autenticacion\dto\request\CambiarPasswordRequest.java","backend\Autenticacion\src\main\java\com\escuelaposgrado\Autenticacion\dto\request\CambiarPasswordRequest.java","CambiarPasswordRequest::getConfirmarNuevaPassword","CambiarPasswordRequest::getConfirmarNuevaPassword()",52,54
3,1,13,1,3,"CambiarPasswordRequest::setConfirmarNuevaPassword@56-58@backend\Autenticacion\src\main\java\com\escuelaposgrado\Autenticacion\dto\request\CambiarPasswordRequest.java","backend\Autenticacion\src\main\java\com\escuelaposgrado\Autenticacion\dto\request\CambiarPasswordRequest.java","CambiarPasswordRequest::setConfirmarNuevaPassword","CambiarPasswordRequest::setConfirmarNuevaPassword( String confirmarNuevaPassword)",56,58
3,2,17,0,3,"CambiarPasswordRequest::isPasswordValid@63-65@backend\Autenticacion\src\main\java\com\escuelaposgrado\Autenticacion\dto\request\CambiarPasswordRequest.java","backend\Autenticacion\src\main\java\com\escuelaposgrado\Autenticacion\dto\request\CambiarPasswordRequest.java","CambiarPasswordRequest::isPasswordValid","CambiarPasswordRequest::isPasswordValid()",63,65
1,1,5,0,1,"GoogleLoginRequest::GoogleLoginRequest@17-17@backend\Autenticacion\src\main\java\com\escuelaposgrado\Autenticacion\dto\request\GoogleLoginRequest.java","backend\Autenticacion\src\main\java\com\escuelaposgrado\Autenticacion\dto\request\GoogleLoginRequest.java","GoogleLoginRequest::GoogleLoginRequest","GoogleLoginRequest::GoogleLoginRequest()",17,17
3,1,13,1,3,"GoogleLoginRequest::GoogleLoginRequest@19-21@backend\Autenticacion\src\main\java\com\escuelaposgrado\Autenticacion\dto\request\GoogleLoginRequest.java","backend\Autenticacion\src\main\java\com\escuelaposgrado\Autenticacion\dto\request\GoogleLoginRequest.java","GoogleLoginRequest::GoogleLoginRequest","GoogleLoginRequest::GoogleLoginRequest( String googleToken)",19,21
3,1,8,0,3,"GoogleLoginRequest::getGoogleToken@24-26@backend\Autenticacion\src\main\java\com\escuelaposgrado\Autenticacion\dto\request\GoogleLoginRequest.java","backend\Autenticacion\src\main\java\com\escuelaposgrado\Autenticacion\dto\request\GoogleLoginRequest.java","GoogleLoginRequest::getGoogleToken","GoogleLoginRequest::getGoogleToken()",24,26
3,1,13,1,3,"GoogleLoginRequest::setGoogleToken@28-30@backend\Autenticacion\src\main\java\com\escuelaposgrado\Autenticacion\dto\request\GoogleLoginRequest.java","backend\Autenticacion\src\main\java\com\escuelaposgrado\Autenticacion\dto\request\GoogleLoginRequest.java","GoogleLoginRequest::setGoogleToken","GoogleLoginRequest::setGoogleToken( String googleToken)",28,30
1,1,5,0,1,"LoginRequest::LoginRequest@21-21@backend\Autenticacion\src\main\java\com\escuelaposgrado\Autenticacion\dto\request\LoginRequest.java","backend\Autenticacion\src\main\java\com\escuelaposgrado\Autenticacion\dto\request\LoginRequest.java","LoginRequest::LoginRequest","LoginRequest::LoginRequest()",21,21
4,1,22,2,4,"LoginRequest::LoginRequest@23-26@backend\Autenticacion\src\main\java\com\escuelaposgrado\Autenticacion\dto\request\LoginRequest.java","backend\Autenticacion\src\main\java\com\escuelaposgrado\Autenticacion\dto\request\LoginRequest.java","LoginRequest::LoginRequest","LoginRequest::LoginRequest( String usernameOrEmail , String password)",23,26
3,1,8,0,3,"LoginRequest::getUsernameOrEmail@29-31@backend\Autenticacion\src\main\java\com\escuelaposgrado\Autenticacion\dto\request\LoginRequest.java","backend\Autenticacion\src\main\java\com\escuelaposgrado\Autenticacion\dto\request\LoginRequest.java","LoginRequest::getUsernameOrEmail","LoginRequest::getUsernameOrEmail()",29,31
3,1,13,1,3,"LoginRequest::setUsernameOrEmail@33-35@backend\Autenticacion\src\main\java\com\escuelaposgrado\Autenticacion\dto\request\LoginRequest.java","backend\Autenticacion\src\main\java\com\escuelaposgrado\Autenticacion\dto\request\LoginRequest.java","LoginRequest::setUsernameOrEmail","LoginRequest::setUsernameOrEmail( String usernameOrEmail)",33,35
3,1,8,0,3,"LoginRequest::getPassword@37-39@backend\Autenticacion\src\main\java\com\escuelaposgrado\Autenticacion\dto\request\LoginRequest.java","backend\Autenticacion\src\main\java\com\escuelaposgrado\Autenticacion\dto\request\LoginRequest.java","LoginRequest::getPassword","LoginRequest::getPassword()",37,39
3,1,13,1,3,"LoginRequest::setPassword@41-43@backend\Autenticacion\src\main\java\com\escuelaposgrado\Autenticacion\dto\request\LoginRequest.java","backend\Autenticacion\src\main\java\com\escuelaposgrado\Autenticacion\dto\request\LoginRequest.java","LoginRequest::setPassword","LoginRequest::setPassword( String password)",41,43
1,1,5,0,1,"RegistroRequest::RegistroRequest@56-56@backend\Autenticacion\src\main\java\com\escuelaposgrado\Autenticacion\dto\request\RegistroRequest.java","backend\Autenticacion\src\main\java\com\escuelaposgrado\Autenticacion\dto\request\RegistroRequest.java","RegistroRequest::RegistroRequest","RegistroRequest::RegistroRequest()",56,56
3,1,8,0,3,"RegistroRequest::getUsername@59-61@backend\Autenticacion\src\main\java\com\escuelaposgrado\Autenticacion\dto\request\RegistroRequest.java","backend\Autenticacion\src\main\java\com\escuelaposgrado\Autenticacion\dto\request\RegistroRequest.java","RegistroRequest::getUsername","RegistroRequest::getUsername()",59,61
3,1,13,1,3,"RegistroRequest::setUsername@63-65@backend\Autenticacion\src\main\java\com\escuelaposgrado\Autenticacion\dto\request\RegistroRequest.java","backend\Autenticacion\src\main\java\com\escuelaposgrado\Autenticacion\dto\request\RegistroRequest.java","RegistroRequest::setUsername","RegistroRequest::setUsername( String username)",63,65
3,1,8,0,3,"RegistroRequest::getEmail@67-69@backend\Autenticacion\src\main\java\com\escuelaposgrado\Autenticacion\dto\request\RegistroRequest.java","backend\Autenticacion\src\main\java\com\escuelaposgrado\Autenticacion\dto\request\RegistroRequest.java","RegistroRequest::getEmail","RegistroRequest::getEmail()",67,69
3,1,13,1,3,"RegistroRequest::setEmail@71-73@backend\Autenticacion\src\main\java\com\escuelaposgrado\Autenticacion\dto\request\RegistroRequest.java","backend\Autenticacion\src\main\java\com\escuelaposgrado\Autenticacion\dto\request\RegistroRequest.java","RegistroRequest::setEmail","RegistroRequest::setEmail( String email)",71,73
3,1,8,0,3,"RegistroRequest::getPassword@75-77@backend\Autenticacion\src\main\java\com\escuelaposgrado\Autenticacion\dto\request\RegistroRequest.java","backend\Autenticacion\src\main\java\com\escuelaposgrado\Autenticacion\dto\request\RegistroRequest.java","RegistroRequest::getPassword","RegistroRequest::getPassword()",75,77
3,1,13,1,3,"RegistroRequest::setPassword@79-81@backend\Autenticacion\src\main\java\com\escuelaposgrado\Autenticacion\dto\request\RegistroRequest.java","backend\Autenticacion\src\main\java\com\escuelaposgrado\Autenticacion\dto\request\RegistroRequest.java","RegistroRequest::setPassword","RegistroRequest::setPassword( String password)",79,81
3,1,8,0,3,"RegistroRequest::getNombres@83-85@backend\Autenticacion\src\main\java\com\escuelaposgrado\Autenticacion\dto\request\RegistroRequest.java","backend\Autenticacion\src\main\java\com\escuelaposgrado\Autenticacion\dto\request\RegistroRequest.java","RegistroRequest::getNombres","RegistroRequest::getNombres()",83,85
3,1,13,1,3,"RegistroRequest::setNombres@87-89@backend\Autenticacion\src\main\java\com\escuelaposgrado\Autenticacion\dto\request\RegistroRequest.java","backend\Autenticacion\src\main\java\com\escuelaposgrado\Autenticacion\dto\request\RegistroRequest.java","RegistroRequest::setNombres","RegistroRequest::setNombres( String nombres)",87,89
3,1,8,0,3,"RegistroRequest::getApellidos@91-93@backend\Autenticacion\src\main\java\com\escuelaposgrado\Autenticacion\dto\request\RegistroRequest.java","backend\Autenticacion\src\main\java\com\escuelaposgrado\Autenticacion\dto\request\RegistroRequest.java","RegistroRequest::getApellidos","RegistroRequest::getApellidos()",91,93
3,1,13,1,3,"RegistroRequest::setApellidos@95-97@backend\Autenticacion\src\main\java\com\escuelaposgrado\Autenticacion\dto\request\RegistroRequest.java","backend\Autenticacion\src\main\java\com\escuelaposgrado\Autenticacion\dto\request\RegistroRequest.java","RegistroRequest::setApellidos","RegistroRequest::setApellidos( String apellidos)",95,97
3,1,8,0,3,"RegistroRequest::getDni@99-101@backend\Autenticacion\src\main\java\com\escuelaposgrado\Autenticacion\dto\request\RegistroRequest.java","backend\Autenticacion\src\main\java\com\escuelaposgrado\Autenticacion\dto\request\RegistroRequest.java","RegistroRequest::getDni","RegistroRequest::getDni()",99,101
3,1,13,1,3,"RegistroRequest::setDni@103-105@backend\Autenticacion\src\main\java\com\escuelaposgrado\Autenticacion\dto\request\RegistroRequest.java","backend\Autenticacion\src\main\java\com\escuelaposgrado\Autenticacion\dto\request\RegistroRequest.java","RegistroRequest::setDni","RegistroRequest::setDni( String dni)",103,105
3,1,8,0,3,"RegistroRequest::getTelefono@107-109@backend\Autenticacion\src\main\java\com\escuelaposgrado\Autenticacion\dto\request\RegistroRequest.java","backend\Autenticacion\src\main\java\com\escuelaposgrado\Autenticacion\dto\request\RegistroRequest.java","RegistroRequest::getTelefono","RegistroRequest::getTelefono()",107,109
3,1,13,1,3,"RegistroRequest::setTelefono@111-113@backend\Autenticacion\src\main\java\com\escuelaposgrado\Autenticacion\dto\request\RegistroRequest.java","backend\Autenticacion\src\main\java\com\escuelaposgrado\Autenticacion\dto\request\RegistroRequest.java","RegistroRequest::setTelefono","RegistroRequest::setTelefono( String telefono)",111,113
3,1,8,0,3,"RegistroRequest::getDireccion@115-117@backend\Autenticacion\src\main\java\com\escuelaposgrado\Autenticacion\dto\request\RegistroRequest.java","backend\Autenticacion\src\main\java\com\escuelaposgrado\Autenticacion\dto\request\RegistroRequest.java","RegistroRequest::getDireccion","RegistroRequest::getDireccion()",115,117
3,1,13,1,3,"RegistroRequest::setDireccion@119-121@backend\Autenticacion\src\main\java\com\escuelaposgrado\Autenticacion\dto\request\RegistroRequest.java","backend\Autenticacion\src\main\java\com\escuelaposgrado\Autenticacion\dto\request\RegistroRequest.java","RegistroRequest::setDireccion","RegistroRequest::setDireccion( String direccion)",119,121
3,1,8,0,3,"RegistroRequest::getRole@123-125@backend\Autenticacion\src\main\java\com\escuelaposgrado\Autenticacion\dto\request\RegistroRequest.java","backend\Autenticacion\src\main\java\com\escuelaposgrado\Autenticacion\dto\request\RegistroRequest.java","RegistroRequest::getRole","RegistroRequest::getRole()",123,125
3,1,13,1,3,"RegistroRequest::setRole@127-129@backend\Autenticacion\src\main\java\com\escuelaposgrado\Autenticacion\dto\request\RegistroRequest.java","backend\Autenticacion\src\main\java\com\escuelaposgrado\Autenticacion\dto\request\RegistroRequest.java","RegistroRequest::setRole","RegistroRequest::setRole( Role role)",127,129
3,1,8,0,3,"RegistroRequest::getCodigoEstudiante@131-133@backend\Autenticacion\src\main\java\com\escuelaposgrado\Autenticacion\dto\request\RegistroRequest.java","backend\Autenticacion\src\main\java\com\escuelaposgrado\Autenticacion\dto\request\RegistroRequest.java","RegistroRequest::getCodigoEstudiante","RegistroRequest::getCodigoEstudiante()",131,133
3,1,13,1,3,"RegistroRequest::setCodigoEstudiante@135-137@backend\Autenticacion\src\main\java\com\escuelaposgrado\Autenticacion\dto\request\RegistroRequest.java","backend\Autenticacion\src\main\java\com\escuelaposgrado\Autenticacion\dto\request\RegistroRequest.java","RegistroRequest::setCodigoEstudiante","RegistroRequest::setCodigoEstudiante( String codigoEstudiante)",135,137
3,1,8,0,3,"RegistroRequest::getCodigoDocente@139-141@backend\Autenticacion\src\main\java\com\escuelaposgrado\Autenticacion\dto\request\RegistroRequest.java","backend\Autenticacion\src\main\java\com\escuelaposgrado\Autenticacion\dto\request\RegistroRequest.java","RegistroRequest::getCodigoDocente","RegistroRequest::getCodigoDocente()",139,141
3,1,13,1,3,"RegistroRequest::setCodigoDocente@143-145@backend\Autenticacion\src\main\java\com\escuelaposgrado\Autenticacion\dto\request\RegistroRequest.java","backend\Autenticacion\src\main\java\com\escuelaposgrado\Autenticacion\dto\request\RegistroRequest.java","RegistroRequest::setCodigoDocente","RegistroRequest::setCodigoDocente( String codigoDocente)",143,145
3,1,8,0,3,"RegistroRequest::getEspecialidad@147-149@backend\Autenticacion\src\main\java\com\escuelaposgrado\Autenticacion\dto\request\RegistroRequest.java","backend\Autenticacion\src\main\java\com\escuelaposgrado\Autenticacion\dto\request\RegistroRequest.java","RegistroRequest::getEspecialidad","RegistroRequest::getEspecialidad()",147,149
3,1,13,1,3,"RegistroRequest::setEspecialidad@151-153@backend\Autenticacion\src\main\java\com\escuelaposgrado\Autenticacion\dto\request\RegistroRequest.java","backend\Autenticacion\src\main\java\com\escuelaposgrado\Autenticacion\dto\request\RegistroRequest.java","RegistroRequest::setEspecialidad","RegistroRequest::setEspecialidad( String especialidad)",151,153
3,1,8,0,3,"RegistroRequest::getProgramaInteres@155-157@backend\Autenticacion\src\main\java\com\escuelaposgrado\Autenticacion\dto\request\RegistroRequest.java","backend\Autenticacion\src\main\java\com\escuelaposgrado\Autenticacion\dto\request\RegistroRequest.java","RegistroRequest::getProgramaInteres","RegistroRequest::getProgramaInteres()",155,157
3,1,13,1,3,"RegistroRequest::setProgramaInteres@159-161@backend\Autenticacion\src\main\java\com\escuelaposgrado\Autenticacion\dto\request\RegistroRequest.java","backend\Autenticacion\src\main\java\com\escuelaposgrado\Autenticacion\dto\request\RegistroRequest.java","RegistroRequest::setProgramaInteres","RegistroRequest::setProgramaInteres( String programaInteres)",159,161
1,1,5,0,1,"AuthResponse::AuthResponse@32-32@backend\Autenticacion\src\main\java\com\escuelaposgrado\Autenticacion\dto\response\AuthResponse.java","backend\Autenticacion\src\main\java\com\escuelaposgrado\Autenticacion\dto\response\AuthResponse.java","AuthResponse::AuthResponse","AuthResponse::AuthResponse()",32,32
10,1,67,7,10,"AuthResponse::AuthResponse@34-43@backend\Autenticacion\src\main\java\com\escuelaposgrado\Autenticacion\dto\response\AuthResponse.java","backend\Autenticacion\src\main\java\com\escuelaposgrado\Autenticacion\dto\response\AuthResponse.java","AuthResponse::AuthResponse","AuthResponse::AuthResponse( String token , Long id , String username , String email , String nombres , String apellidos , Role role)",34,43
3,1,8,0,3,"AuthResponse::getToken@46-48@backend\Autenticacion\src\main\java\com\escuelaposgrado\Autenticacion\dto\response\AuthResponse.java","backend\Autenticacion\src\main\java\com\escuelaposgrado\Autenticacion\dto\response\AuthResponse.java","AuthResponse::getToken","AuthResponse::getToken()",46,48
3,1,13,1,3,"AuthResponse::setToken@50-52@backend\Autenticacion\src\main\java\com\escuelaposgrado\Autenticacion\dto\response\AuthResponse.java","backend\Autenticacion\src\main\java\com\escuelaposgrado\Autenticacion\dto\response\AuthResponse.java","AuthResponse::setToken","AuthResponse::setToken( String token)",50,52
3,1,8,0,3,"AuthResponse::getType@54-56@backend\Autenticacion\src\main\java\com\escuelaposgrado\Autenticacion\dto\response\AuthResponse.java","backend\Autenticacion\src\main\java\com\escuelaposgrado\Autenticacion\dto\response\AuthResponse.java","AuthResponse::getType","AuthResponse::getType()",54,56
3,1,13,1,3,"AuthResponse::setType@58-60@backend\Autenticacion\src\main\java\com\escuelaposgrado\Autenticacion\dto\response\AuthResponse.java","backend\Autenticacion\src\main\java\com\escuelaposgrado\Autenticacion\dto\response\AuthResponse.java","AuthResponse::setType","AuthResponse::setType( String type)",58,60
3,1,8,0,3,"AuthResponse::getId@62-64@backend\Autenticacion\src\main\java\com\escuelaposgrado\Autenticacion\dto\response\AuthResponse.java","backend\Autenticacion\src\main\java\com\escuelaposgrado\Autenticacion\dto\response\AuthResponse.java","AuthResponse::getId","AuthResponse::getId()",62,64
3,1,13,1,3,"AuthResponse::setId@66-68@backend\Autenticacion\src\main\java\com\escuelaposgrado\Autenticacion\dto\response\AuthResponse.java","backend\Autenticacion\src\main\java\com\escuelaposgrado\Autenticacion\dto\response\AuthResponse.java","AuthResponse::setId","AuthResponse::setId( Long id)",66,68
3,1,8,0,3,"AuthResponse::getUsername@70-72@backend\Autenticacion\src\main\java\com\escuelaposgrado\Autenticacion\dto\response\AuthResponse.java","backend\Autenticacion\src\main\java\com\escuelaposgrado\Autenticacion\dto\response\AuthResponse.java","AuthResponse::getUsername","AuthResponse::getUsername()",70,72
3,1,13,1,3,"AuthResponse::setUsername@74-76@backend\Autenticacion\src\main\java\com\escuelaposgrado\Autenticacion\dto\response\AuthResponse.java","backend\Autenticacion\src\main\java\com\escuelaposgrado\Autenticacion\dto\response\AuthResponse.java","AuthResponse::setUsername","AuthResponse::setUsername( String username)",74,76
3,1,8,0,3,"AuthResponse::getEmail@78-80@backend\Autenticacion\src\main\java\com\escuelaposgrado\Autenticacion\dto\response\AuthResponse.java","backend\Autenticacion\src\main\java\com\escuelaposgrado\Autenticacion\dto\response\AuthResponse.java","AuthResponse::getEmail","AuthResponse::getEmail()",78,80
3,1,13,1,3,"AuthResponse::setEmail@82-84@backend\Autenticacion\src\main\java\com\escuelaposgrado\Autenticacion\dto\response\AuthResponse.java","backend\Autenticacion\src\main\java\com\escuelaposgrado\Autenticacion\dto\response\AuthResponse.java","AuthResponse::setEmail","AuthResponse::setEmail( String email)",82,84
3,1,8,0,3,"AuthResponse::getNombres@86-88@backend\Autenticacion\src\main\java\com\escuelaposgrado\Autenticacion\dto\response\AuthResponse.java","backend\Autenticacion\src\main\java\com\escuelaposgrado\Autenticacion\dto\response\AuthResponse.java","AuthResponse::getNombres","AuthResponse::getNombres()",86,88
3,1,13,1,3,"AuthResponse::setNombres@90-92@backend\Autenticacion\src\main\java\com\escuelaposgrado\Autenticacion\dto\response\AuthResponse.java","backend\Autenticacion\src\main\java\com\escuelaposgrado\Autenticacion\dto\response\AuthResponse.java","AuthResponse::setNombres","AuthResponse::setNombres( String nombres)",90,92
3,1,8,0,3,"AuthResponse::getApellidos@94-96@backend\Autenticacion\src\main\java\com\escuelaposgrado\Autenticacion\dto\response\AuthResponse.java","backend\Autenticacion\src\main\java\com\escuelaposgrado\Autenticacion\dto\response\AuthResponse.java","AuthResponse::getApellidos","AuthResponse::getApellidos()",94,96
3,1,13,1,3,"AuthResponse::setApellidos@98-100@backend\Autenticacion\src\main\java\com\escuelaposgrado\Autenticacion\dto\response\AuthResponse.java","backend\Autenticacion\src\main\java\com\escuelaposgrado\Autenticacion\dto\response\AuthResponse.java","AuthResponse::setApellidos","AuthResponse::setApellidos( String apellidos)",98,100
3,1,8,0,3,"AuthResponse::getDni@102-104@backend\Autenticacion\src\main\java\com\escuelaposgrado\Autenticacion\dto\response\AuthResponse.java","backend\Autenticacion\src\main\java\com\escuelaposgrado\Autenticacion\dto\response\AuthResponse.java","AuthResponse::getDni","AuthResponse::getDni()",102,104
3,1,13,1,3,"AuthResponse::setDni@106-108@backend\Autenticacion\src\main\java\com\escuelaposgrado\Autenticacion\dto\response\AuthResponse.java","backend\Autenticacion\src\main\java\com\escuelaposgrado\Autenticacion\dto\response\AuthResponse.java","AuthResponse::setDni","AuthResponse::setDni( String dni)",106,108
3,1,8,0,3,"AuthResponse::getTelefono@110-112@backend\Autenticacion\src\main\java\com\escuelaposgrado\Autenticacion\dto\response\AuthResponse.java","backend\Autenticacion\src\main\java\com\escuelaposgrado\Autenticacion\dto\response\AuthResponse.java","AuthResponse::getTelefono","AuthResponse::getTelefono()",110,112
3,1,13,1,3,"AuthResponse::setTelefono@114-116@backend\Autenticacion\src\main\java\com\escuelaposgrado\Autenticacion\dto\response\AuthResponse.java","backend\Autenticacion\src\main\java\com\escuelaposgrado\Autenticacion\dto\response\AuthResponse.java","AuthResponse::setTelefono","AuthResponse::setTelefono( String telefono)",114,116
3,1,8,0,3,"AuthResponse::getDireccion@118-120@backend\Autenticacion\src\main\java\com\escuelaposgrado\Autenticacion\dto\response\AuthResponse.java","backend\Autenticacion\src\main\java\com\escuelaposgrado\Autenticacion\dto\response\AuthResponse.java","AuthResponse::getDireccion","AuthResponse::getDireccion()",118,120
3,1,13,1,3,"AuthResponse::setDireccion@122-124@backend\Autenticacion\src\main\java\com\escuelaposgrado\Autenticacion\dto\response\AuthResponse.java","backend\Autenticacion\src\main\java\com\escuelaposgrado\Autenticacion\dto\response\AuthResponse.java","AuthResponse::setDireccion","AuthResponse::setDireccion( String direccion)",122,124
3,1,8,0,3,"AuthResponse::getRole@126-128@backend\Autenticacion\src\main\java\com\escuelaposgrado\Autenticacion\dto\response\AuthResponse.java","backend\Autenticacion\src\main\java\com\escuelaposgrado\Autenticacion\dto\response\AuthResponse.java","AuthResponse::getRole","AuthResponse::getRole()",126,128
3,1,13,1,3,"AuthResponse::setRole@130-132@backend\Autenticacion\src\main\java\com\escuelaposgrado\Autenticacion\dto\response\AuthResponse.java","backend\Autenticacion\src\main\java\com\escuelaposgrado\Autenticacion\dto\response\AuthResponse.java","AuthResponse::setRole","AuthResponse::setRole( Role role)",130,132
3,1,8,0,3,"AuthResponse::getUltimoAcceso@134-136@backend\Autenticacion\src\main\java\com\escuelaposgrado\Autenticacion\dto\response\AuthResponse.java","backend\Autenticacion\src\main\java\com\escuelaposgrado\Autenticacion\dto\response\AuthResponse.java","AuthResponse::getUltimoAcceso","AuthResponse::getUltimoAcceso()",134,136
3,1,13,1,3,"AuthResponse::setUltimoAcceso@138-140@backend\Autenticacion\src\main\java\com\escuelaposgrado\Autenticacion\dto\response\AuthResponse.java","backend\Autenticacion\src\main\java\com\escuelaposgrado\Autenticacion\dto\response\AuthResponse.java","AuthResponse::setUltimoAcceso","AuthResponse::setUltimoAcceso( LocalDateTime ultimoAcceso)",138,140
3,1,8,0,3,"AuthResponse::getCodigoEstudiante@142-144@backend\Autenticacion\src\main\java\com\escuelaposgrado\Autenticacion\dto\response\AuthResponse.java","backend\Autenticacion\src\main\java\com\escuelaposgrado\Autenticacion\dto\response\AuthResponse.java","AuthResponse::getCodigoEstudiante","AuthResponse::getCodigoEstudiante()",142,144
3,1,13,1,3,"AuthResponse::setCodigoEstudiante@146-148@backend\Autenticacion\src\main\java\com\escuelaposgrado\Autenticacion\dto\response\AuthResponse.java","backend\Autenticacion\src\main\java\com\escuelaposgrado\Autenticacion\dto\response\AuthResponse.java","AuthResponse::setCodigoEstudiante","AuthResponse::setCodigoEstudiante( String codigoEstudiante)",146,148
3,1,8,0,3,"AuthResponse::getCodigoDocente@150-152@backend\Autenticacion\src\main\java\com\escuelaposgrado\Autenticacion\dto\response\AuthResponse.java","backend\Autenticacion\src\main\java\com\escuelaposgrado\Autenticacion\dto\response\AuthResponse.java","AuthResponse::getCodigoDocente","AuthResponse::getCodigoDocente()",150,152
3,1,13,1,3,"AuthResponse::setCodigoDocente@154-156@backend\Autenticacion\src\main\java\com\escuelaposgrado\Autenticacion\dto\response\AuthResponse.java","backend\Autenticacion\src\main\java\com\escuelaposgrado\Autenticacion\dto\response\AuthResponse.java","AuthResponse::setCodigoDocente","AuthResponse::setCodigoDocente( String codigoDocente)",154,156
3,1,8,0,3,"AuthResponse::getEspecialidad@158-160@backend\Autenticacion\src\main\java\com\escuelaposgrado\Autenticacion\dto\response\AuthResponse.java","backend\Autenticacion\src\main\java\com\escuelaposgrado\Autenticacion\dto\response\AuthResponse.java","AuthResponse::getEspecialidad","AuthResponse::getEspecialidad()",158,160
3,1,13,1,3,"AuthResponse::setEspecialidad@162-164@backend\Autenticacion\src\main\java\com\escuelaposgrado\Autenticacion\dto\response\AuthResponse.java","backend\Autenticacion\src\main\java\com\escuelaposgrado\Autenticacion\dto\response\AuthResponse.java","AuthResponse::setEspecialidad","AuthResponse::setEspecialidad( String especialidad)",162,164
3,1,8,0,3,"AuthResponse::getProgramaInteres@166-168@backend\Autenticacion\src\main\java\com\escuelaposgrado\Autenticacion\dto\response\AuthResponse.java","backend\Autenticacion\src\main\java\com\escuelaposgrado\Autenticacion\dto\response\AuthResponse.java","AuthResponse::getProgramaInteres","AuthResponse::getProgramaInteres()",166,168
3,1,13,1,3,"AuthResponse::setProgramaInteres@170-172@backend\Autenticacion\src\main\java\com\escuelaposgrado\Autenticacion\dto\response\AuthResponse.java","backend\Autenticacion\src\main\java\com\escuelaposgrado\Autenticacion\dto\response\AuthResponse.java","AuthResponse::setProgramaInteres","AuthResponse::setProgramaInteres( String programaInteres)",170,172
3,1,12,0,3,"AuthResponse::getNombreCompleto@174-176@backend\Autenticacion\src\main\java\com\escuelaposgrado\Autenticacion\dto\response\AuthResponse.java","backend\Autenticacion\src\main\java\com\escuelaposgrado\Autenticacion\dto\response\AuthResponse.java","AuthResponse::getNombreCompleto","AuthResponse::getNombreCompleto()",174,176
1,1,5,0,1,"MessageResponse::MessageResponse@12-12@backend\Autenticacion\src\main\java\com\escuelaposgrado\Autenticacion\dto\response\MessageResponse.java","backend\Autenticacion\src\main\java\com\escuelaposgrado\Autenticacion\dto\response\MessageResponse.java","MessageResponse::MessageResponse","MessageResponse::MessageResponse()",12,12
4,1,19,1,4,"MessageResponse::MessageResponse@14-17@backend\Autenticacion\src\main\java\com\escuelaposgrado\Autenticacion\dto\response\MessageResponse.java","backend\Autenticacion\src\main\java\com\escuelaposgrado\Autenticacion\dto\response\MessageResponse.java","MessageResponse::MessageResponse","MessageResponse::MessageResponse( String message)",14,17
4,1,22,2,4,"MessageResponse::MessageResponse@19-22@backend\Autenticacion\src\main\java\com\escuelaposgrado\Autenticacion\dto\response\MessageResponse.java","backend\Autenticacion\src\main\java\com\escuelaposgrado\Autenticacion\dto\response\MessageResponse.java","MessageResponse::MessageResponse","MessageResponse::MessageResponse( String message , boolean success)",19,22
3,1,8,0,3,"MessageResponse::getMessage@25-27@backend\Autenticacion\src\main\java\com\escuelaposgrado\Autenticacion\dto\response\MessageResponse.java","backend\Autenticacion\src\main\java\com\escuelaposgrado\Autenticacion\dto\response\MessageResponse.java","MessageResponse::getMessage","MessageResponse::getMessage()",25,27
3,1,13,1,3,"MessageResponse::setMessage@29-31@backend\Autenticacion\src\main\java\com\escuelaposgrado\Autenticacion\dto\response\MessageResponse.java","backend\Autenticacion\src\main\java\com\escuelaposgrado\Autenticacion\dto\response\MessageResponse.java","MessageResponse::setMessage","MessageResponse::setMessage( String message)",29,31
3,1,8,0,3,"MessageResponse::isSuccess@33-35@backend\Autenticacion\src\main\java\com\escuelaposgrado\Autenticacion\dto\response\MessageResponse.java","backend\Autenticacion\src\main\java\com\escuelaposgrado\Autenticacion\dto\response\MessageResponse.java","MessageResponse::isSuccess","MessageResponse::isSuccess()",33,35
3,1,13,1,3,"MessageResponse::setSuccess@37-39@backend\Autenticacion\src\main\java\com\escuelaposgrado\Autenticacion\dto\response\MessageResponse.java","backend\Autenticacion\src\main\java\com\escuelaposgrado\Autenticacion\dto\response\MessageResponse.java","MessageResponse::setSuccess","MessageResponse::setSuccess( boolean success)",37,39
1,1,5,0,1,"UsuarioResponse::UsuarioResponse@32-32@backend\Autenticacion\src\main\java\com\escuelaposgrado\Autenticacion\dto\response\UsuarioResponse.java","backend\Autenticacion\src\main\java\com\escuelaposgrado\Autenticacion\dto\response\UsuarioResponse.java","UsuarioResponse::UsuarioResponse","UsuarioResponse::UsuarioResponse()",32,32
3,1,8,0,3,"UsuarioResponse::getId@35-37@backend\Autenticacion\src\main\java\com\escuelaposgrado\Autenticacion\dto\response\UsuarioResponse.java","backend\Autenticacion\src\main\java\com\escuelaposgrado\Autenticacion\dto\response\UsuarioResponse.java","UsuarioResponse::getId","UsuarioResponse::getId()",35,37
3,1,13,1,3,"UsuarioResponse::setId@39-41@backend\Autenticacion\src\main\java\com\escuelaposgrado\Autenticacion\dto\response\UsuarioResponse.java","backend\Autenticacion\src\main\java\com\escuelaposgrado\Autenticacion\dto\response\UsuarioResponse.java","UsuarioResponse::setId","UsuarioResponse::setId( Long id)",39,41
3,1,8,0,3,"UsuarioResponse::getUsername@43-45@backend\Autenticacion\src\main\java\com\escuelaposgrado\Autenticacion\dto\response\UsuarioResponse.java","backend\Autenticacion\src\main\java\com\escuelaposgrado\Autenticacion\dto\response\UsuarioResponse.java","UsuarioResponse::getUsername","UsuarioResponse::getUsername()",43,45
3,1,13,1,3,"UsuarioResponse::setUsername@47-49@backend\Autenticacion\src\main\java\com\escuelaposgrado\Autenticacion\dto\response\UsuarioResponse.java","backend\Autenticacion\src\main\java\com\escuelaposgrado\Autenticacion\dto\response\UsuarioResponse.java","UsuarioResponse::setUsername","UsuarioResponse::setUsername( String username)",47,49
3,1,8,0,3,"UsuarioResponse::getEmail@51-53@backend\Autenticacion\src\main\java\com\escuelaposgrado\Autenticacion\dto\response\UsuarioResponse.java","backend\Autenticacion\src\main\java\com\escuelaposgrado\Autenticacion\dto\response\UsuarioResponse.java","UsuarioResponse::getEmail","UsuarioResponse::getEmail()",51,53
3,1,13,1,3,"UsuarioResponse::setEmail@55-57@backend\Autenticacion\src\main\java\com\escuelaposgrado\Autenticacion\dto\response\UsuarioResponse.java","backend\Autenticacion\src\main\java\com\escuelaposgrado\Autenticacion\dto\response\UsuarioResponse.java","UsuarioResponse::setEmail","UsuarioResponse::setEmail( String email)",55,57
3,1,8,0,3,"UsuarioResponse::getNombres@59-61@backend\Autenticacion\src\main\java\com\escuelaposgrado\Autenticacion\dto\response\UsuarioResponse.java","backend\Autenticacion\src\main\java\com\escuelaposgrado\Autenticacion\dto\response\UsuarioResponse.java","UsuarioResponse::getNombres","UsuarioResponse::getNombres()",59,61
3,1,13,1,3,"UsuarioResponse::setNombres@63-65@backend\Autenticacion\src\main\java\com\escuelaposgrado\Autenticacion\dto\response\UsuarioResponse.java","backend\Autenticacion\src\main\java\com\escuelaposgrado\Autenticacion\dto\response\UsuarioResponse.java","UsuarioResponse::setNombres","UsuarioResponse::setNombres( String nombres)",63,65
3,1,8,0,3,"UsuarioResponse::getApellidos@67-69@backend\Autenticacion\src\main\java\com\escuelaposgrado\Autenticacion\dto\response\UsuarioResponse.java","backend\Autenticacion\src\main\java\com\escuelaposgrado\Autenticacion\dto\response\UsuarioResponse.java","UsuarioResponse::getApellidos","UsuarioResponse::getApellidos()",67,69
3,1,13,1,3,"UsuarioResponse::setApellidos@71-73@backend\Autenticacion\src\main\java\com\escuelaposgrado\Autenticacion\dto\response\UsuarioResponse.java","backend\Autenticacion\src\main\java\com\escuelaposgrado\Autenticacion\dto\response\UsuarioResponse.java","UsuarioResponse::setApellidos","UsuarioResponse::setApellidos( String apellidos)",71,73
3,1,8,0,3,"UsuarioResponse::getDni@75-77@backend\Autenticacion\src\main\java\com\escuelaposgrado\Autenticacion\dto\response\UsuarioResponse.java","backend\Autenticacion\src\main\java\com\escuelaposgrado\Autenticacion\dto\response\UsuarioResponse.java","UsuarioResponse::getDni","UsuarioResponse::getDni()",75,77
3,1,13,1,3,"UsuarioResponse::setDni@79-81@backend\Autenticacion\src\main\java\com\escuelaposgrado\Autenticacion\dto\response\UsuarioResponse.java","backend\Autenticacion\src\main\java\com\escuelaposgrado\Autenticacion\dto\response\UsuarioResponse.java","UsuarioResponse::setDni","UsuarioResponse::setDni( String dni)",79,81
3,1,8,0,3,"UsuarioResponse::getTelefono@83-85@backend\Autenticacion\src\main\java\com\escuelaposgrado\Autenticacion\dto\response\UsuarioResponse.java","backend\Autenticacion\src\main\java\com\escuelaposgrado\Autenticacion\dto\response\UsuarioResponse.java","UsuarioResponse::getTelefono","UsuarioResponse::getTelefono()",83,85
3,1,13,1,3,"UsuarioResponse::setTelefono@87-89@backend\Autenticacion\src\main\java\com\escuelaposgrado\Autenticacion\dto\response\UsuarioResponse.java","backend\Autenticacion\src\main\java\com\escuelaposgrado\Autenticacion\dto\response\UsuarioResponse.java","UsuarioResponse::setTelefono","UsuarioResponse::setTelefono( String telefono)",87,89
3,1,8,0,3,"UsuarioResponse::getDireccion@91-93@backend\Autenticacion\src\main\java\com\escuelaposgrado\Autenticacion\dto\response\UsuarioResponse.java","backend\Autenticacion\src\main\java\com\escuelaposgrado\Autenticacion\dto\response\UsuarioResponse.java","UsuarioResponse::getDireccion","UsuarioResponse::getDireccion()",91,93
3,1,13,1,3,"UsuarioResponse::setDireccion@95-97@backend\Autenticacion\src\main\java\com\escuelaposgrado\Autenticacion\dto\response\UsuarioResponse.java","backend\Autenticacion\src\main\java\com\escuelaposgrado\Autenticacion\dto\response\UsuarioResponse.java","UsuarioResponse::setDireccion","UsuarioResponse::setDireccion( String direccion)",95,97
3,1,8,0,3,"UsuarioResponse::getRole@99-101@backend\Autenticacion\src\main\java\com\escuelaposgrado\Autenticacion\dto\response\UsuarioResponse.java","backend\Autenticacion\src\main\java\com\escuelaposgrado\Autenticacion\dto\response\UsuarioResponse.java","UsuarioResponse::getRole","UsuarioResponse::getRole()",99,101
3,1,13,1,3,"UsuarioResponse::setRole@103-105@backend\Autenticacion\src\main\java\com\escuelaposgrado\Autenticacion\dto\response\UsuarioResponse.java","backend\Autenticacion\src\main\java\com\escuelaposgrado\Autenticacion\dto\response\UsuarioResponse.java","UsuarioResponse::setRole","UsuarioResponse::setRole( Role role)",103,105
3,1,8,0,3,"UsuarioResponse::getActivo@107-109@backend\Autenticacion\src\main\java\com\escuelaposgrado\Autenticacion\dto\response\UsuarioResponse.java","backend\Autenticacion\src\main\java\com\escuelaposgrado\Autenticacion\dto\response\UsuarioResponse.java","UsuarioResponse::getActivo","UsuarioResponse::getActivo()",107,109
3,1,13,1,3,"UsuarioResponse::setActivo@111-113@backend\Autenticacion\src\main\java\com\escuelaposgrado\Autenticacion\dto\response\UsuarioResponse.java","backend\Autenticacion\src\main\java\com\escuelaposgrado\Autenticacion\dto\response\UsuarioResponse.java","UsuarioResponse::setActivo","UsuarioResponse::setActivo( Boolean activo)",111,113
3,1,8,0,3,"UsuarioResponse::getFechaCreacion@115-117@backend\Autenticacion\src\main\java\com\escuelaposgrado\Autenticacion\dto\response\UsuarioResponse.java","backend\Autenticacion\src\main\java\com\escuelaposgrado\Autenticacion\dto\response\UsuarioResponse.java","UsuarioResponse::getFechaCreacion","UsuarioResponse::getFechaCreacion()",115,117
3,1,13,1,3,"UsuarioResponse::setFechaCreacion@119-121@backend\Autenticacion\src\main\java\com\escuelaposgrado\Autenticacion\dto\response\UsuarioResponse.java","backend\Autenticacion\src\main\java\com\escuelaposgrado\Autenticacion\dto\response\UsuarioResponse.java","UsuarioResponse::setFechaCreacion","UsuarioResponse::setFechaCreacion( LocalDateTime fechaCreacion)",119,121
3,1,8,0,3,"UsuarioResponse::getUltimoAcceso@123-125@backend\Autenticacion\src\main\java\com\escuelaposgrado\Autenticacion\dto\response\UsuarioResponse.java","backend\Autenticacion\src\main\java\com\escuelaposgrado\Autenticacion\dto\response\UsuarioResponse.java","UsuarioResponse::getUltimoAcceso","UsuarioResponse::getUltimoAcceso()",123,125
3,1,13,1,3,"UsuarioResponse::setUltimoAcceso@127-129@backend\Autenticacion\src\main\java\com\escuelaposgrado\Autenticacion\dto\response\UsuarioResponse.java","backend\Autenticacion\src\main\java\com\escuelaposgrado\Autenticacion\dto\response\UsuarioResponse.java","UsuarioResponse::setUltimoAcceso","UsuarioResponse::setUltimoAcceso( LocalDateTime ultimoAcceso)",127,129
3,1,8,0,3,"UsuarioResponse::getCodigoEstudiante@131-133@backend\Autenticacion\src\main\java\com\escuelaposgrado\Autenticacion\dto\response\UsuarioResponse.java","backend\Autenticacion\src\main\java\com\escuelaposgrado\Autenticacion\dto\response\UsuarioResponse.java","UsuarioResponse::getCodigoEstudiante","UsuarioResponse::getCodigoEstudiante()",131,133
3,1,13,1,3,"UsuarioResponse::setCodigoEstudiante@135-137@backend\Autenticacion\src\main\java\com\escuelaposgrado\Autenticacion\dto\response\UsuarioResponse.java","backend\Autenticacion\src\main\java\com\escuelaposgrado\Autenticacion\dto\response\UsuarioResponse.java","UsuarioResponse::setCodigoEstudiante","UsuarioResponse::setCodigoEstudiante( String codigoEstudiante)",135,137
3,1,8,0,3,"UsuarioResponse::getCodigoDocente@139-141@backend\Autenticacion\src\main\java\com\escuelaposgrado\Autenticacion\dto\response\UsuarioResponse.java","backend\Autenticacion\src\main\java\com\escuelaposgrado\Autenticacion\dto\response\UsuarioResponse.java","UsuarioResponse::getCodigoDocente","UsuarioResponse::getCodigoDocente()",139,141
3,1,13,1,3,"UsuarioResponse::setCodigoDocente@143-145@backend\Autenticacion\src\main\java\com\escuelaposgrado\Autenticacion\dto\response\UsuarioResponse.java","backend\Autenticacion\src\main\java\com\escuelaposgrado\Autenticacion\dto\response\UsuarioResponse.java","UsuarioResponse::setCodigoDocente","UsuarioResponse::setCodigoDocente( String codigoDocente)",143,145
3,1,8,0,3,"UsuarioResponse::getEspecialidad@147-149@backend\Autenticacion\src\main\java\com\escuelaposgrado\Autenticacion\dto\response\UsuarioResponse.java","backend\Autenticacion\src\main\java\com\escuelaposgrado\Autenticacion\dto\response\UsuarioResponse.java","UsuarioResponse::getEspecialidad","UsuarioResponse::getEspecialidad()",147,149
3,1,13,1,3,"UsuarioResponse::setEspecialidad@151-153@backend\Autenticacion\src\main\java\com\escuelaposgrado\Autenticacion\dto\response\UsuarioResponse.java","backend\Autenticacion\src\main\java\com\escuelaposgrado\Autenticacion\dto\response\UsuarioResponse.java","UsuarioResponse::setEspecialidad","UsuarioResponse::setEspecialidad( String especialidad)",151,153
3,1,8,0,3,"UsuarioResponse::getProgramaInteres@155-157@backend\Autenticacion\src\main\java\com\escuelaposgrado\Autenticacion\dto\response\UsuarioResponse.java","backend\Autenticacion\src\main\java\com\escuelaposgrado\Autenticacion\dto\response\UsuarioResponse.java","UsuarioResponse::getProgramaInteres","UsuarioResponse::getProgramaInteres()",155,157
3,1,13,1,3,"UsuarioResponse::setProgramaInteres@159-161@backend\Autenticacion\src\main\java\com\escuelaposgrado\Autenticacion\dto\response\UsuarioResponse.java","backend\Autenticacion\src\main\java\com\escuelaposgrado\Autenticacion\dto\response\UsuarioResponse.java","UsuarioResponse::setProgramaInteres","UsuarioResponse::setProgramaInteres( String programaInteres)",159,161
3,1,12,0,3,"UsuarioResponse::getNombreCompleto@163-165@backend\Autenticacion\src\main\java\com\escuelaposgrado\Autenticacion\dto\response\UsuarioResponse.java","backend\Autenticacion\src\main\java\com\escuelaposgrado\Autenticacion\dto\response\UsuarioResponse.java","UsuarioResponse::getNombreCompleto","UsuarioResponse::getNombreCompleto()",163,165
5,1,27,0,5,"Usuario::Usuario@108-112@backend\Autenticacion\src\main\java\com\escuelaposgrado\Autenticacion\model\entity\Usuario.java","backend\Autenticacion\src\main\java\com\escuelaposgrado\Autenticacion\model\entity\Usuario.java","Usuario::Usuario","Usuario::Usuario()",108,112
11,1,71,7,11,"Usuario::Usuario@114-124@backend\Autenticacion\src\main\java\com\escuelaposgrado\Autenticacion\model\entity\Usuario.java","backend\Autenticacion\src\main\java\com\escuelaposgrado\Autenticacion\model\entity\Usuario.java","Usuario::Usuario","Usuario::Usuario( String username , String email , String password , String nombres , String apellidoPaterno , String apellidoMaterno , Role role)",114,124
14,4,119,6,16,"Usuario::Usuario@127-142@backend\Autenticacion\src\main\java\com\escuelaposgrado\Autenticacion\model\entity\Usuario.java","backend\Autenticacion\src\main\java\com\escuelaposgrado\Autenticacion\model\entity\Usuario.java","Usuario::Usuario","Usuario::Usuario( String username , String email , String password , String nombres , String apellidosCompletos , Role role)",127,142
3,1,23,0,3,"Usuario::getAuthorities@146-148@backend\Autenticacion\src\main\java\com\escuelaposgrado\Autenticacion\model\entity\Usuario.java","backend\Autenticacion\src\main\java\com\escuelaposgrado\Autenticacion\model\entity\Usuario.java","Usuario::getAuthorities","Usuario::getAuthorities()",146,148
3,1,8,0,3,"Usuario::getPassword@151-153@backend\Autenticacion\src\main\java\com\escuelaposgrado\Autenticacion\model\entity\Usuario.java","backend\Autenticacion\src\main\java\com\escuelaposgrado\Autenticacion\model\entity\Usuario.java","Usuario::getPassword","Usuario::getPassword()",151,153
3,1,8,0,3,"Usuario::getUsername@156-158@backend\Autenticacion\src\main\java\com\escuelaposgrado\Autenticacion\model\entity\Usuario.java","backend\Autenticacion\src\main\java\com\escuelaposgrado\Autenticacion\model\entity\Usuario.java","Usuario::getUsername","Usuario::getUsername()",156,158
3,1,8,0,3,"Usuario::isAccountNonExpired@161-163@backend\Autenticacion\src\main\java\com\escuelaposgrado\Autenticacion\model\entity\Usuario.java","backend\Autenticacion\src\main\java\com\escuelaposgrado\Autenticacion\model\entity\Usuario.java","Usuario::isAccountNonExpired","Usuario::isAccountNonExpired()",161,163
3,1,8,0,3,"Usuario::isAccountNonLocked@166-168@backend\Autenticacion\src\main\java\com\escuelaposgrado\Autenticacion\model\entity\Usuario.java","backend\Autenticacion\src\main\java\com\escuelaposgrado\Autenticacion\model\entity\Usuario.java","Usuario::isAccountNonLocked","Usuario::isAccountNonLocked()",166,168
3,1,8,0,3,"Usuario::isCredentialsNonExpired@171-173@backend\Autenticacion\src\main\java\com\escuelaposgrado\Autenticacion\model\entity\Usuario.java","backend\Autenticacion\src\main\java\com\escuelaposgrado\Autenticacion\model\entity\Usuario.java","Usuario::isCredentialsNonExpired","Usuario::isCredentialsNonExpired()",171,173
3,1,8,0,3,"Usuario::isEnabled@176-178@backend\Autenticacion\src\main\java\com\escuelaposgrado\Autenticacion\model\entity\Usuario.java","backend\Autenticacion\src\main\java\com\escuelaposgrado\Autenticacion\model\entity\Usuario.java","Usuario::isEnabled","Usuario::isEnabled()",176,178
3,1,13,0,3,"Usuario::onCreate@182-184@backend\Autenticacion\src\main\java\com\escuelaposgrado\Autenticacion\model\entity\Usuario.java","backend\Autenticacion\src\main\java\com\escuelaposgrado\Autenticacion\model\entity\Usuario.java","Usuario::onCreate","Usuario::onCreate()",182,184
3,1,13,0,3,"Usuario::onUpdate@187-189@backend\Autenticacion\src\main\java\com\escuelaposgrado\Autenticacion\model\entity\Usuario.java","backend\Autenticacion\src\main\java\com\escuelaposgrado\Autenticacion\model\entity\Usuario.java","Usuario::onUpdate","Usuario::onUpdate()",187,189
3,1,8,0,3,"Usuario::getId@192-194@backend\Autenticacion\src\main\java\com\escuelaposgrado\Autenticacion\model\entity\Usuario.java","backend\Autenticacion\src\main\java\com\escuelaposgrado\Autenticacion\model\entity\Usuario.java","Usuario::getId","Usuario::getId()",192,194
3,1,13,1,3,"Usuario::setId@196-198@backend\Autenticacion\src\main\java\com\escuelaposgrado\Autenticacion\model\entity\Usuario.java","backend\Autenticacion\src\main\java\com\escuelaposgrado\Autenticacion\model\entity\Usuario.java","Usuario::setId","Usuario::setId( Long id)",196,198
3,1,13,1,3,"Usuario::setUsername@200-202@backend\Autenticacion\src\main\java\com\escuelaposgrado\Autenticacion\model\entity\Usuario.java","backend\Autenticacion\src\main\java\com\escuelaposgrado\Autenticacion\model\entity\Usuario.java","Usuario::setUsername","Usuario::setUsername( String username)",200,202
3,1,8,0,3,"Usuario::getEmail@204-206@backend\Autenticacion\src\main\java\com\escuelaposgrado\Autenticacion\model\entity\Usuario.java","backend\Autenticacion\src\main\java\com\escuelaposgrado\Autenticacion\model\entity\Usuario.java","Usuario::getEmail","Usuario::getEmail()",204,206
3,1,13,1,3,"Usuario::setEmail@208-210@backend\Autenticacion\src\main\java\com\escuelaposgrado\Autenticacion\model\entity\Usuario.java","backend\Autenticacion\src\main\java\com\escuelaposgrado\Autenticacion\model\entity\Usuario.java","Usuario::setEmail","Usuario::setEmail( String email)",208,210
3,1,13,1,3,"Usuario::setPassword@212-214@backend\Autenticacion\src\main\java\com\escuelaposgrado\Autenticacion\model\entity\Usuario.java","backend\Autenticacion\src\main\java\com\escuelaposgrado\Autenticacion\model\entity\Usuario.java","Usuario::setPassword","Usuario::setPassword( String password)",212,214
3,1,8,0,3,"Usuario::getNombres@216-218@backend\Autenticacion\src\main\java\com\escuelaposgrado\Autenticacion\model\entity\Usuario.java","backend\Autenticacion\src\main\java\com\escuelaposgrado\Autenticacion\model\entity\Usuario.java","Usuario::getNombres","Usuario::getNombres()",216,218
3,1,13,1,3,"Usuario::setNombres@220-222@backend\Autenticacion\src\main\java\com\escuelaposgrado\Autenticacion\model\entity\Usuario.java","backend\Autenticacion\src\main\java\com\escuelaposgrado\Autenticacion\model\entity\Usuario.java","Usuario::setNombres","Usuario::setNombres( String nombres)",220,222
3,1,8,0,3,"Usuario::getApellidoPaterno@224-226@backend\Autenticacion\src\main\java\com\escuelaposgrado\Autenticacion\model\entity\Usuario.java","backend\Autenticacion\src\main\java\com\escuelaposgrado\Autenticacion\model\entity\Usuario.java","Usuario::getApellidoPaterno","Usuario::getApellidoPaterno()",224,226
3,1,13,1,3,"Usuario::setApellidoPaterno@228-230@backend\Autenticacion\src\main\java\com\escuelaposgrado\Autenticacion\model\entity\Usuario.java","backend\Autenticacion\src\main\java\com\escuelaposgrado\Autenticacion\model\entity\Usuario.java","Usuario::setApellidoPaterno","Usuario::setApellidoPaterno( String apellidoPaterno)",228,230
3,1,8,0,3,"Usuario::getApellidoMaterno@232-234@backend\Autenticacion\src\main\java\com\escuelaposgrado\Autenticacion\model\entity\Usuario.java","backend\Autenticacion\src\main\java\com\escuelaposgrado\Autenticacion\model\entity\Usuario.java","Usuario::getApellidoMaterno","Usuario::getApellidoMaterno()",232,234
3,1,13,1,3,"Usuario::setApellidoMaterno@236-238@backend\Autenticacion\src\main\java\com\escuelaposgrado\Autenticacion\model\entity\Usuario.java","backend\Autenticacion\src\main\java\com\escuelaposgrado\Autenticacion\model\entity\Usuario.java","Usuario::setApellidoMaterno","Usuario::setApellidoMaterno( String apellidoMaterno)",236,238
7,4,48,0,7,"Usuario::getApellidos@242-248@backend\Autenticacion\src\main\java\com\escuelaposgrado\Autenticacion\model\entity\Usuario.java","backend\Autenticacion\src\main\java\com\escuelaposgrado\Autenticacion\model\entity\Usuario.java","Usuario::getApellidos","Usuario::getApellidos()",242,248
10,4,85,1,10,"Usuario::setApellidos@252-261@backend\Autenticacion\src\main\java\com\escuelaposgrado\Autenticacion\model\entity\Usuario.java","backend\Autenticacion\src\main\java\com\escuelaposgrado\Autenticacion\model\entity\Usuario.java","Usuario::setApellidos","Usuario::setApellidos( String apellidosCompletos)",252,261
3,1,8,0,3,"Usuario::getDni@263-265@backend\Autenticacion\src\main\java\com\escuelaposgrado\Autenticacion\model\entity\Usuario.java","backend\Autenticacion\src\main\java\com\escuelaposgrado\Autenticacion\model\entity\Usuario.java","Usuario::getDni","Usuario::getDni()",263,265
3,1,13,1,3,"Usuario::setDni@267-269@backend\Autenticacion\src\main\java\com\escuelaposgrado\Autenticacion\model\entity\Usuario.java","backend\Autenticacion\src\main\java\com\escuelaposgrado\Autenticacion\model\entity\Usuario.java","Usuario::setDni","Usuario::setDni( String dni)",267,269
3,1,8,0,3,"Usuario::getTelefono@271-273@backend\Autenticacion\src\main\java\com\escuelaposgrado\Autenticacion\model\entity\Usuario.java","backend\Autenticacion\src\main\java\com\escuelaposgrado\Autenticacion\model\entity\Usuario.java","Usuario::getTelefono","Usuario::getTelefono()",271,273
3,1,13,1,3,"Usuario::setTelefono@275-277@backend\Autenticacion\src\main\java\com\escuelaposgrado\Autenticacion\model\entity\Usuario.java","backend\Autenticacion\src\main\java\com\escuelaposgrado\Autenticacion\model\entity\Usuario.java","Usuario::setTelefono","Usuario::setTelefono( String telefono)",275,277
3,1,8,0,3,"Usuario::getDireccion@279-281@backend\Autenticacion\src\main\java\com\escuelaposgrado\Autenticacion\model\entity\Usuario.java","backend\Autenticacion\src\main\java\com\escuelaposgrado\Autenticacion\model\entity\Usuario.java","Usuario::getDireccion","Usuario::getDireccion()",279,281
3,1,13,1,3,"Usuario::setDireccion@283-285@backend\Autenticacion\src\main\java\com\escuelaposgrado\Autenticacion\model\entity\Usuario.java","backend\Autenticacion\src\main\java\com\escuelaposgrado\Autenticacion\model\entity\Usuario.java","Usuario::setDireccion","Usuario::setDireccion( String direccion)",283,285
3,1,8,0,3,"Usuario::getRole@287-289@backend\Autenticacion\src\main\java\com\escuelaposgrado\Autenticacion\model\entity\Usuario.java","backend\Autenticacion\src\main\java\com\escuelaposgrado\Autenticacion\model\entity\Usuario.java","Usuario::getRole","Usuario::getRole()",287,289
3,1,13,1,3,"Usuario::setRole@291-293@backend\Autenticacion\src\main\java\com\escuelaposgrado\Autenticacion\model\entity\Usuario.java","backend\Autenticacion\src\main\java\com\escuelaposgrado\Autenticacion\model\entity\Usuario.java","Usuario::setRole","Usuario::setRole( Role role)",291,293
3,1,8,0,3,"Usuario::getActivo@295-297@backend\Autenticacion\src\main\java\com\escuelaposgrado\Autenticacion\model\entity\Usuario.java","backend\Autenticacion\src\main\java\com\escuelaposgrado\Autenticacion\model\entity\Usuario.java","Usuario::getActivo","Usuario::getActivo()",295,297
3,1,13,1,3,"Usuario::setActivo@299-301@backend\Autenticacion\src\main\java\com\escuelaposgrado\Autenticacion\model\entity\Usuario.java","backend\Autenticacion\src\main\java\com\escuelaposgrado\Autenticacion\model\entity\Usuario.java","Usuario::setActivo","Usuario::setActivo( Boolean activo)",299,301
3,1,8,0,3,"Usuario::getEstado@303-305@backend\Autenticacion\src\main\java\com\escuelaposgrado\Autenticacion\model\entity\Usuario.java","backend\Autenticacion\src\main\java\com\escuelaposgrado\Autenticacion\model\entity\Usuario.java","Usuario::getEstado","Usuario::getEstado()",303,305
3,1,13,1,3,"Usuario::setEstado@307-309@backend\Autenticacion\src\main\java\com\escuelaposgrado\Autenticacion\model\entity\Usuario.java","backend\Autenticacion\src\main\java\com\escuelaposgrado\Autenticacion\model\entity\Usuario.java","Usuario::setEstado","Usuario::setEstado( String estado)",307,309
3,1,8,0,3,"Usuario::getFechaCreacion@311-313@backend\Autenticacion\src\main\java\com\escuelaposgrado\Autenticacion\model\entity\Usuario.java","backend\Autenticacion\src\main\java\com\escuelaposgrado\Autenticacion\model\entity\Usuario.java","Usuario::getFechaCreacion","Usuario::getFechaCreacion()",311,313
3,1,13,1,3,"Usuario::setFechaCreacion@315-317@backend\Autenticacion\src\main\java\com\escuelaposgrado\Autenticacion\model\entity\Usuario.java","backend\Autenticacion\src\main\java\com\escuelaposgrado\Autenticacion\model\entity\Usuario.java","Usuario::setFechaCreacion","Usuario::setFechaCreacion( LocalDateTime fechaCreacion)",315,317
3,1,8,0,3,"Usuario::getFechaActualizacion@319-321@backend\Autenticacion\src\main\java\com\escuelaposgrado\Autenticacion\model\entity\Usuario.java","backend\Autenticacion\src\main\java\com\escuelaposgrado\Autenticacion\model\entity\Usuario.java","Usuario::getFechaActualizacion","Usuario::getFechaActualizacion()",319,321
3,1,13,1,3,"Usuario::setFechaActualizacion@323-325@backend\Autenticacion\src\main\java\com\escuelaposgrado\Autenticacion\model\entity\Usuario.java","backend\Autenticacion\src\main\java\com\escuelaposgrado\Autenticacion\model\entity\Usuario.java","Usuario::setFechaActualizacion","Usuario::setFechaActualizacion( LocalDateTime fechaActualizacion)",323,325
3,1,8,0,3,"Usuario::getUltimoAcceso@327-329@backend\Autenticacion\src\main\java\com\escuelaposgrado\Autenticacion\model\entity\Usuario.java","backend\Autenticacion\src\main\java\com\escuelaposgrado\Autenticacion\model\entity\Usuario.java","Usuario::getUltimoAcceso","Usuario::getUltimoAcceso()",327,329
3,1,13,1,3,"Usuario::setUltimoAcceso@331-333@backend\Autenticacion\src\main\java\com\escuelaposgrado\Autenticacion\model\entity\Usuario.java","backend\Autenticacion\src\main\java\com\escuelaposgrado\Autenticacion\model\entity\Usuario.java","Usuario::setUltimoAcceso","Usuario::setUltimoAcceso( LocalDateTime ultimoAcceso)",331,333
3,1,8,0,3,"Usuario::getCodigoEstudiante@335-337@backend\Autenticacion\src\main\java\com\escuelaposgrado\Autenticacion\model\entity\Usuario.java","backend\Autenticacion\src\main\java\com\escuelaposgrado\Autenticacion\model\entity\Usuario.java","Usuario::getCodigoEstudiante","Usuario::getCodigoEstudiante()",335,337
3,1,13,1,3,"Usuario::setCodigoEstudiante@339-341@backend\Autenticacion\src\main\java\com\escuelaposgrado\Autenticacion\model\entity\Usuario.java","backend\Autenticacion\src\main\java\com\escuelaposgrado\Autenticacion\model\entity\Usuario.java","Usuario::setCodigoEstudiante","Usuario::setCodigoEstudiante( String codigoEstudiante)",339,341
3,1,8,0,3,"Usuario::getCodigoDocente@343-345@backend\Autenticacion\src\main\java\com\escuelaposgrado\Autenticacion\model\entity\Usuario.java","backend\Autenticacion\src\main\java\com\escuelaposgrado\Autenticacion\model\entity\Usuario.java","Usuario::getCodigoDocente","Usuario::getCodigoDocente()",343,345
3,1,13,1,3,"Usuario::setCodigoDocente@347-349@backend\Autenticacion\src\main\java\com\escuelaposgrado\Autenticacion\model\entity\Usuario.java","backend\Autenticacion\src\main\java\com\escuelaposgrado\Autenticacion\model\entity\Usuario.java","Usuario::setCodigoDocente","Usuario::setCodigoDocente( String codigoDocente)",347,349
3,1,8,0,3,"Usuario::getEspecialidad@351-353@backend\Autenticacion\src\main\java\com\escuelaposgrado\Autenticacion\model\entity\Usuario.java","backend\Autenticacion\src\main\java\com\escuelaposgrado\Autenticacion\model\entity\Usuario.java","Usuario::getEspecialidad","Usuario::getEspecialidad()",351,353
3,1,13,1,3,"Usuario::setEspecialidad@355-357@backend\Autenticacion\src\main\java\com\escuelaposgrado\Autenticacion\model\entity\Usuario.java","backend\Autenticacion\src\main\java\com\escuelaposgrado\Autenticacion\model\entity\Usuario.java","Usuario::setEspecialidad","Usuario::setEspecialidad( String especialidad)",355,357
3,1,8,0,3,"Usuario::getProgramaInteres@359-361@backend\Autenticacion\src\main\java\com\escuelaposgrado\Autenticacion\model\entity\Usuario.java","backend\Autenticacion\src\main\java\com\escuelaposgrado\Autenticacion\model\entity\Usuario.java","Usuario::getProgramaInteres","Usuario::getProgramaInteres()",359,361
3,1,13,1,3,"Usuario::setProgramaInteres@363-365@backend\Autenticacion\src\main\java\com\escuelaposgrado\Autenticacion\model\entity\Usuario.java","backend\Autenticacion\src\main\java\com\escuelaposgrado\Autenticacion\model\entity\Usuario.java","Usuario::setProgramaInteres","Usuario::setProgramaInteres( String programaInteres)",363,365
3,1,14,0,3,"Usuario::getNombreCompleto@367-369@backend\Autenticacion\src\main\java\com\escuelaposgrado\Autenticacion\model\entity\Usuario.java","backend\Autenticacion\src\main\java\com\escuelaposgrado\Autenticacion\model\entity\Usuario.java","Usuario::getNombreCompleto","Usuario::getNombreCompleto()",367,369
13,1,134,3,17,"AuthEntryPointJwt::commence@29-45@backend\Autenticacion\src\main\java\com\escuelaposgrado\Autenticacion\security\jwt\AuthEntryPointJwt.java","backend\Autenticacion\src\main\java\com\escuelaposgrado\Autenticacion\security\jwt\AuthEntryPointJwt.java","AuthEntryPointJwt::commence","AuthEntryPointJwt::commence( HttpServletRequest request , HttpServletResponse response , AuthenticationException authException)",29,45
19,4,141,3,22,"AuthTokenFilter::doFilterInternal@37-58@backend\Autenticacion\src\main\java\com\escuelaposgrado\Autenticacion\security\jwt\AuthTokenFilter.java","backend\Autenticacion\src\main\java\com\escuelaposgrado\Autenticacion\security\jwt\AuthTokenFilter.java","AuthTokenFilter::doFilterInternal","AuthTokenFilter::doFilterInternal( @ NonNull HttpServletRequest request , @ NonNull HttpServletResponse response , @ NonNull FilterChain filterChain)",37,58
7,3,46,1,9,"AuthTokenFilter::parseJwt@63-71@backend\Autenticacion\src\main\java\com\escuelaposgrado\Autenticacion\security\jwt\AuthTokenFilter.java","backend\Autenticacion\src\main\java\com\escuelaposgrado\Autenticacion\security\jwt\AuthTokenFilter.java","AuthTokenFilter::parseJwt","AuthTokenFilter::parseJwt( HttpServletRequest request)",63,71
4,1,29,1,4,"JwtUtils::generateJwtToken@37-40@backend\Autenticacion\src\main\java\com\escuelaposgrado\Autenticacion\security\jwt\JwtUtils.java","backend\Autenticacion\src\main\java\com\escuelaposgrado\Autenticacion\security\jwt\JwtUtils.java","JwtUtils::generateJwtToken","JwtUtils::generateJwtToken( Authentication authentication)",37,40
9,1,70,1,10,"JwtUtils::generateTokenFromUsername@45-54@backend\Autenticacion\src\main\java\com\escuelaposgrado\Autenticacion\security\jwt\JwtUtils.java","backend\Autenticacion\src\main\java\com\escuelaposgrado\Autenticacion\security\jwt\JwtUtils.java","JwtUtils::generateTokenFromUsername","JwtUtils::generateTokenFromUsername( String username)",45,54
3,1,13,1,3,"JwtUtils::generateJwtTokenForUser@59-61@backend\Autenticacion\src\main\java\com\escuelaposgrado\Autenticacion\security\jwt\JwtUtils.java","backend\Autenticacion\src\main\java\com\escuelaposgrado\Autenticacion\security\jwt\JwtUtils.java","JwtUtils::generateJwtTokenForUser","JwtUtils::generateJwtTokenForUser( String username)",59,61
9,1,50,1,10,"JwtUtils::getUserNameFromJwtToken@66-75@backend\Autenticacion\src\main\java\com\escuelaposgrado\Autenticacion\security\jwt\JwtUtils.java","backend\Autenticacion\src\main\java\com\escuelaposgrado\Autenticacion\security\jwt\JwtUtils.java","JwtUtils::getUserNameFromJwtToken","JwtUtils::getUserNameFromJwtToken( String token)",66,75
21,6,150,1,24,"JwtUtils::validateJwtToken@80-103@backend\Autenticacion\src\main\java\com\escuelaposgrado\Autenticacion\security\jwt\JwtUtils.java","backend\Autenticacion\src\main\java\com\escuelaposgrado\Autenticacion\security\jwt\JwtUtils.java","JwtUtils::validateJwtToken","JwtUtils::validateJwtToken( String authToken)",80,103
9,1,50,1,10,"JwtUtils::getExpirationDateFromJwtToken@108-117@backend\Autenticacion\src\main\java\com\escuelaposgrado\Autenticacion\security\jwt\JwtUtils.java","backend\Autenticacion\src\main\java\com\escuelaposgrado\Autenticacion\security\jwt\JwtUtils.java","JwtUtils::getExpirationDateFromJwtToken","JwtUtils::getExpirationDateFromJwtToken( String token)",108,117
6,1,38,1,7,"UserDetailsServiceImpl::loadUserByUsername@24-30@backend\Autenticacion\src\main\java\com\escuelaposgrado\Autenticacion\security\services\UserDetailsServiceImpl.java","backend\Autenticacion\src\main\java\com\escuelaposgrado\Autenticacion\security\services\UserDetailsServiceImpl.java","UserDetailsServiceImpl::loadUserByUsername","UserDetailsServiceImpl::loadUserByUsername( String username)",24,30
13,1,89,1,18,"AuthService::login@52-69@backend\Autenticacion\src\main\java\com\escuelaposgrado\Autenticacion\service\AuthService.java","backend\Autenticacion\src\main\java\com\escuelaposgrado\Autenticacion\service\AuthService.java","AuthService::login","AuthService::login( LoginRequest loginRequest)",52,69
26,4,184,1,39,"AuthService::registro@74-112@backend\Autenticacion\src\main\java\com\escuelaposgrado\Autenticacion\service\AuthService.java","backend\Autenticacion\src\main\java\com\escuelaposgrado\Autenticacion\service\AuthService.java","AuthService::registro","AuthService::registro( RegistroRequest registroRequest)",74,112
26,8,202,2,41,"AuthService::actualizarPerfil@117-157@backend\Autenticacion\src\main\java\com\escuelaposgrado\Autenticacion\service\AuthService.java","backend\Autenticacion\src\main\java\com\escuelaposgrado\Autenticacion\service\AuthService.java","AuthService::actualizarPerfil","AuthService::actualizarPerfil( String username , ActualizarPerfilRequest request)",117,157
24,6,201,2,38,"AuthService::cambiarPassword@162-199@backend\Autenticacion\src\main\java\com\escuelaposgrado\Autenticacion\service\AuthService.java","backend\Autenticacion\src\main\java\com\escuelaposgrado\Autenticacion\service\AuthService.java","AuthService::cambiarPassword","AuthService::cambiarPassword( String username , CambiarPasswordRequest request)",162,199
5,1,35,1,6,"AuthService::getCurrentUser@204-209@backend\Autenticacion\src\main\java\com\escuelaposgrado\Autenticacion\service\AuthService.java","backend\Autenticacion\src\main\java\com\escuelaposgrado\Autenticacion\service\AuthService.java","AuthService::getCurrentUser","AuthService::getCurrentUser( String username)",204,209
6,1,43,1,6,"AuthService::getUsuariosByRole@216-221@backend\Autenticacion\src\main\java\com\escuelaposgrado\Autenticacion\service\AuthService.java","backend\Autenticacion\src\main\java\com\escuelaposgrado\Autenticacion\service\AuthService.java","AuthService::getUsuariosByRole","AuthService::getUsuariosByRole( Role role)",216,221
6,1,43,1,6,"AuthService::getUsuariosByRoleIncluyendoInactivos@226-231@backend\Autenticacion\src\main\java\com\escuelaposgrado\Autenticacion\service\AuthService.java","backend\Autenticacion\src\main\java\com\escuelaposgrado\Autenticacion\service\AuthService.java","AuthService::getUsuariosByRoleIncluyendoInactivos","AuthService::getUsuariosByRoleIncluyendoInactivos( Role role)",226,231
6,1,40,0,6,"AuthService::getAllUsuarios@236-241@backend\Autenticacion\src\main\java\com\escuelaposgrado\Autenticacion\service\AuthService.java","backend\Autenticacion\src\main\java\com\escuelaposgrado\Autenticacion\service\AuthService.java","AuthService::getAllUsuarios","AuthService::getAllUsuarios()",236,241
6,1,40,0,6,"AuthService::getAllUsuariosIncluyendoInactivos@246-251@backend\Autenticacion\src\main\java\com\escuelaposgrado\Autenticacion\service\AuthService.java","backend\Autenticacion\src\main\java\com\escuelaposgrado\Autenticacion\service\AuthService.java","AuthService::getAllUsuariosIncluyendoInactivos","AuthService::getAllUsuariosIncluyendoInactivos()",246,251
9,3,70,1,10,"AuthService::buscarUsuariosPorNombre@256-265@backend\Autenticacion\src\main\java\com\escuelaposgrado\Autenticacion\service\AuthService.java","backend\Autenticacion\src\main\java\com\escuelaposgrado\Autenticacion\service\AuthService.java","AuthService::buscarUsuariosPorNombre","AuthService::buscarUsuariosPorNombre( String texto)",256,265
10,2,69,1,12,"AuthService::desactivarUsuario@270-281@backend\Autenticacion\src\main\java\com\escuelaposgrado\Autenticacion\service\AuthService.java","backend\Autenticacion\src\main\java\com\escuelaposgrado\Autenticacion\service\AuthService.java","AuthService::desactivarUsuario","AuthService::desactivarUsuario( Long id)",270,281
10,2,69,1,12,"AuthService::activarUsuario@286-297@backend\Autenticacion\src\main\java\com\escuelaposgrado\Autenticacion\service\AuthService.java","backend\Autenticacion\src\main\java\com\escuelaposgrado\Autenticacion\service\AuthService.java","AuthService::activarUsuario","AuthService::activarUsuario( Long id)",286,297
44,13,404,2,63,"AuthService::actualizarUsuarioAdmin@302-364@backend\Autenticacion\src\main\java\com\escuelaposgrado\Autenticacion\service\AuthService.java","backend\Autenticacion\src\main\java\com\escuelaposgrado\Autenticacion\service\AuthService.java","AuthService::actualizarUsuarioAdmin","AuthService::actualizarUsuarioAdmin( Long id , ActualizarUsuarioAdminRequest request)",302,364
13,1,103,0,15,"AuthService::getEstadisticas@369-383@backend\Autenticacion\src\main\java\com\escuelaposgrado\Autenticacion\service\AuthService.java","backend\Autenticacion\src\main\java\com\escuelaposgrado\Autenticacion\service\AuthService.java","AuthService::getEstadisticas","AuthService::getEstadisticas()",369,383
20,12,171,1,26,"AuthService::validateUniqueFields@387-412@backend\Autenticacion\src\main\java\com\escuelaposgrado\Autenticacion\service\AuthService.java","backend\Autenticacion\src\main\java\com\escuelaposgrado\Autenticacion\service\AuthService.java","AuthService::validateUniqueFields","AuthService::validateUniqueFields( RegistroRequest request)",387,412
30,15,251,2,35,"AuthService::setRoleSpecificFields@414-448@backend\Autenticacion\src\main\java\com\escuelaposgrado\Autenticacion\service\AuthService.java","backend\Autenticacion\src\main\java\com\escuelaposgrado\Autenticacion\service\AuthService.java","AuthService::setRoleSpecificFields","AuthService::setRoleSpecificFields( Usuario usuario , RegistroRequest request)",414,448
30,15,251,2,35,"AuthService::setRoleSpecificFields@451-485@backend\Autenticacion\src\main\java\com\escuelaposgrado\Autenticacion\service\AuthService.java","backend\Autenticacion\src\main\java\com\escuelaposgrado\Autenticacion\service\AuthService.java","AuthService::setRoleSpecificFields","AuthService::setRoleSpecificFields( Usuario usuario , ActualizarUsuarioAdminRequest request)",451,485
20,1,146,2,21,"AuthService::mapToAuthResponse@487-507@backend\Autenticacion\src\main\java\com\escuelaposgrado\Autenticacion\service\AuthService.java","backend\Autenticacion\src\main\java\com\escuelaposgrado\Autenticacion\service\AuthService.java","AuthService::mapToAuthResponse","AuthService::mapToAuthResponse( String jwt , Usuario usuario)",487,507
20,1,194,1,21,"AuthService::mapToUsuarioResponse@509-529@backend\Autenticacion\src\main\java\com\escuelaposgrado\Autenticacion\service\AuthService.java","backend\Autenticacion\src\main\java\com\escuelaposgrado\Autenticacion\service\AuthService.java","AuthService::mapToUsuarioResponse","AuthService::mapToUsuarioResponse( Usuario usuario)",509,529
14,2,79,0,26,"DataCleanupService::limpiarDuplicados@31-56@backend\Autenticacion\src\main\java\com\escuelaposgrado\Autenticacion\service\DataCleanupService.java","backend\Autenticacion\src\main\java\com\escuelaposgrado\Autenticacion\service\DataCleanupService.java","DataCleanupService::limpiarDuplicados","DataCleanupService::limpiarDuplicados()",31,56
26,6,224,1,30,"DataCleanupService::limpiarDuplicadosPorCampo@58-87@backend\Autenticacion\src\main\java\com\escuelaposgrado\Autenticacion\service\DataCleanupService.java","backend\Autenticacion\src\main\java\com\escuelaposgrado\Autenticacion\service\DataCleanupService.java","DataCleanupService::limpiarDuplicadosPorCampo","DataCleanupService::limpiarDuplicadosPorCampo( String campo)",58,87
19,5,196,0,23,"DataCleanupService::limpiarDuplicadosPorDni@89-111@backend\Autenticacion\src\main\java\com\escuelaposgrado\Autenticacion\service\DataCleanupService.java","backend\Autenticacion\src\main\java\com\escuelaposgrado\Autenticacion\service\DataCleanupService.java","DataCleanupService::limpiarDuplicadosPorDni","DataCleanupService::limpiarDuplicadosPorDni()",89,111
19,5,196,0,23,"DataCleanupService::limpiarDuplicadosPorCodigoEstudiante@113-135@backend\Autenticacion\src\main\java\com\escuelaposgrado\Autenticacion\service\DataCleanupService.java","backend\Autenticacion\src\main\java\com\escuelaposgrado\Autenticacion\service\DataCleanupService.java","DataCleanupService::limpiarDuplicadosPorCodigoEstudiante","DataCleanupService::limpiarDuplicadosPorCodigoEstudiante()",113,135
19,5,196,0,23,"DataCleanupService::limpiarDuplicadosPorCodigoDocente@137-159@backend\Autenticacion\src\main\java\com\escuelaposgrado\Autenticacion\service\DataCleanupService.java","backend\Autenticacion\src\main\java\com\escuelaposgrado\Autenticacion\service\DataCleanupService.java","DataCleanupService::limpiarDuplicadosPorCodigoDocente","DataCleanupService::limpiarDuplicadosPorCodigoDocente()",137,159
17,5,217,0,26,"DataCleanupService::existenDuplicados@164-189@backend\Autenticacion\src\main\java\com\escuelaposgrado\Autenticacion\service\DataCleanupService.java","backend\Autenticacion\src\main\java\com\escuelaposgrado\Autenticacion\service\DataCleanupService.java","DataCleanupService::existenDuplicados","DataCleanupService::existenDuplicados()",164,189
41,7,474,1,51,"ExcelService::exportUsuariosToExcel@48-98@backend\Autenticacion\src\main\java\com\escuelaposgrado\Autenticacion\service\ExcelService.java","backend\Autenticacion\src\main\java\com\escuelaposgrado\Autenticacion\service\ExcelService.java","ExcelService::exportUsuariosToExcel","ExcelService::exportUsuariosToExcel( List<UsuarioResponse> usuarios)",48,98
55,12,460,1,69,"ExcelService::importUsuariosFromExcel@103-171@backend\Autenticacion\src\main\java\com\escuelaposgrado\Autenticacion\service\ExcelService.java","backend\Autenticacion\src\main\java\com\escuelaposgrado\Autenticacion\service\ExcelService.java","ExcelService::importUsuariosFromExcel","ExcelService::importUsuariosFromExcel( MultipartFile file)",103,171
35,4,277,0,48,"ExcelService::generateExcelTemplate@176-223@backend\Autenticacion\src\main\java\com\escuelaposgrado\Autenticacion\service\ExcelService.java","backend\Autenticacion\src\main\java\com\escuelaposgrado\Autenticacion\service\ExcelService.java","ExcelService::generateExcelTemplate","ExcelService::generateExcelTemplate()",176,223
10,1,77,1,10,"ExcelService::createHeaderStyle@225-234@backend\Autenticacion\src\main\java\com\escuelaposgrado\Autenticacion\service\ExcelService.java","backend\Autenticacion\src\main\java\com\escuelaposgrado\Autenticacion\service\ExcelService.java","ExcelService::createHeaderStyle","ExcelService::createHeaderStyle( Workbook workbook)",225,234
6,1,41,1,6,"ExcelService::createDataStyle@236-241@backend\Autenticacion\src\main\java\com\escuelaposgrado\Autenticacion\service\ExcelService.java","backend\Autenticacion\src\main\java\com\escuelaposgrado\Autenticacion\service\ExcelService.java","ExcelService::createDataStyle","ExcelService::createDataStyle( Workbook workbook)",236,241
38,10,366,2,46,"ExcelService::mapRowToRegistroRequest@243-288@backend\Autenticacion\src\main\java\com\escuelaposgrado\Autenticacion\service\ExcelService.java","backend\Autenticacion\src\main\java\com\escuelaposgrado\Autenticacion\service\ExcelService.java","ExcelService::mapRowToRegistroRequest","ExcelService::mapRowToRegistroRequest( Row row , int filaActual)",243,288
9,4,61,1,9,"ExcelService::isEmptyRow@290-298@backend\Autenticacion\src\main\java\com\escuelaposgrado\Autenticacion\service\ExcelService.java","backend\Autenticacion\src\main\java\com\escuelaposgrado\Autenticacion\service\ExcelService.java","ExcelService::isEmptyRow","ExcelService::isEmptyRow( Row row)",290,298
12,6,83,1,13,"ExcelService::getCellValueAsString@300-312@backend\Autenticacion\src\main\java\com\escuelaposgrado\Autenticacion\service\ExcelService.java","backend\Autenticacion\src\main\java\com\escuelaposgrado\Autenticacion\service\ExcelService.java","ExcelService::getCellValueAsString","ExcelService::getCellValueAsString( Cell cell)",300,312
5,2,46,4,5,"ExcelService::setCellValue@314-318@backend\Autenticacion\src\main\java\com\escuelaposgrado\Autenticacion\service\ExcelService.java","backend\Autenticacion\src\main\java\com\escuelaposgrado\Autenticacion\service\ExcelService.java","ExcelService::setCellValue","ExcelService::setCellValue( Row row , int columnIndex , String value , CellStyle style)",314,318
43,2,180,1,51,"ExcelService::addInstructionsSheet@320-370@backend\Autenticacion\src\main\java\com\escuelaposgrado\Autenticacion\service\ExcelService.java","backend\Autenticacion\src\main\java\com\escuelaposgrado\Autenticacion\service\ExcelService.java","ExcelService::addInstructionsSheet","ExcelService::addInstructionsSheet( Workbook workbook)",320,370
41,7,474,1,51,"ExcelServiceNew::exportUsuariosToExcel@48-98@backend\Autenticacion\src\main\java\com\escuelaposgrado\Autenticacion\service\ExcelServiceNew.java","backend\Autenticacion\src\main\java\com\escuelaposgrado\Autenticacion\service\ExcelServiceNew.java","ExcelServiceNew::exportUsuariosToExcel","ExcelServiceNew::exportUsuariosToExcel( List<UsuarioResponse> usuarios)",48,98
55,12,460,1,69,"ExcelServiceNew::importUsuariosFromExcel@103-171@backend\Autenticacion\src\main\java\com\escuelaposgrado\Autenticacion\service\ExcelServiceNew.java","backend\Autenticacion\src\main\java\com\escuelaposgrado\Autenticacion\service\ExcelServiceNew.java","ExcelServiceNew::importUsuariosFromExcel","ExcelServiceNew::importUsuariosFromExcel( MultipartFile file)",103,171
35,4,277,0,48,"ExcelServiceNew::generateExcelTemplate@176-223@backend\Autenticacion\src\main\java\com\escuelaposgrado\Autenticacion\service\ExcelServiceNew.java","backend\Autenticacion\src\main\java\com\escuelaposgrado\Autenticacion\service\ExcelServiceNew.java","ExcelServiceNew::generateExcelTemplate","ExcelServiceNew::generateExcelTemplate()",176,223
10,1,77,1,10,"ExcelServiceNew::createHeaderStyle@225-234@backend\Autenticacion\src\main\java\com\escuelaposgrado\Autenticacion\service\ExcelServiceNew.java","backend\Autenticacion\src\main\java\com\escuelaposgrado\Autenticacion\service\ExcelServiceNew.java","ExcelServiceNew::createHeaderStyle","ExcelServiceNew::createHeaderStyle( Workbook workbook)",225,234
6,1,41,1,6,"ExcelServiceNew::createDataStyle@236-241@backend\Autenticacion\src\main\java\com\escuelaposgrado\Autenticacion\service\ExcelServiceNew.java","backend\Autenticacion\src\main\java\com\escuelaposgrado\Autenticacion\service\ExcelServiceNew.java","ExcelServiceNew::createDataStyle","ExcelServiceNew::createDataStyle( Workbook workbook)",236,241
38,10,366,2,46,"ExcelServiceNew::mapRowToRegistroRequest@243-288@backend\Autenticacion\src\main\java\com\escuelaposgrado\Autenticacion\service\ExcelServiceNew.java","backend\Autenticacion\src\main\java\com\escuelaposgrado\Autenticacion\service\ExcelServiceNew.java","ExcelServiceNew::mapRowToRegistroRequest","ExcelServiceNew::mapRowToRegistroRequest( Row row , int filaActual)",243,288
9,4,61,1,9,"ExcelServiceNew::isEmptyRow@290-298@backend\Autenticacion\src\main\java\com\escuelaposgrado\Autenticacion\service\ExcelServiceNew.java","backend\Autenticacion\src\main\java\com\escuelaposgrado\Autenticacion\service\ExcelServiceNew.java","ExcelServiceNew::isEmptyRow","ExcelServiceNew::isEmptyRow( Row row)",290,298
12,6,83,1,13,"ExcelServiceNew::getCellValueAsString@300-312@backend\Autenticacion\src\main\java\com\escuelaposgrado\Autenticacion\service\ExcelServiceNew.java","backend\Autenticacion\src\main\java\com\escuelaposgrado\Autenticacion\service\ExcelServiceNew.java","ExcelServiceNew::getCellValueAsString","ExcelServiceNew::getCellValueAsString( Cell cell)",300,312
5,2,46,4,5,"ExcelServiceNew::setCellValue@314-318@backend\Autenticacion\src\main\java\com\escuelaposgrado\Autenticacion\service\ExcelServiceNew.java","backend\Autenticacion\src\main\java\com\escuelaposgrado\Autenticacion\service\ExcelServiceNew.java","ExcelServiceNew::setCellValue","ExcelServiceNew::setCellValue( Row row , int columnIndex , String value , CellStyle style)",314,318
43,2,180,1,51,"ExcelServiceNew::addInstructionsSheet@320-370@backend\Autenticacion\src\main\java\com\escuelaposgrado\Autenticacion\service\ExcelServiceNew.java","backend\Autenticacion\src\main\java\com\escuelaposgrado\Autenticacion\service\ExcelServiceNew.java","ExcelServiceNew::addInstructionsSheet","ExcelServiceNew::addInstructionsSheet( Workbook workbook)",320,370
5,1,24,0,5,"GoogleOAuthService::GoogleOAuthService@46-50@backend\Autenticacion\src\main\java\com\escuelaposgrado\Autenticacion\service\GoogleOAuthService.java","backend\Autenticacion\src\main\java\com\escuelaposgrado\Autenticacion\service\GoogleOAuthService.java","GoogleOAuthService::GoogleOAuthService","GoogleOAuthService::GoogleOAuthService()",46,50
1,1,8,0,1,"GoogleUserInfo::getSub@68-68@backend\Autenticacion\src\main\java\com\escuelaposgrado\Autenticacion\service\GoogleOAuthService.java","backend\Autenticacion\src\main\java\com\escuelaposgrado\Autenticacion\service\GoogleOAuthService.java","GoogleUserInfo::getSub","GoogleOAuthService::GoogleUserInfo::getSub()",68,68
1,1,13,1,1,"GoogleUserInfo::setSub@69-69@backend\Autenticacion\src\main\java\com\escuelaposgrado\Autenticacion\service\GoogleOAuthService.java","backend\Autenticacion\src\main\java\com\escuelaposgrado\Autenticacion\service\GoogleOAuthService.java","GoogleUserInfo::setSub","GoogleOAuthService::GoogleUserInfo::setSub( String sub)",69,69
1,1,8,0,1,"GoogleUserInfo::getEmail@71-71@backend\Autenticacion\src\main\java\com\escuelaposgrado\Autenticacion\service\GoogleOAuthService.java","backend\Autenticacion\src\main\java\com\escuelaposgrado\Autenticacion\service\GoogleOAuthService.java","GoogleUserInfo::getEmail","GoogleOAuthService::GoogleUserInfo::getEmail()",71,71
1,1,13,1,1,"GoogleUserInfo::setEmail@72-72@backend\Autenticacion\src\main\java\com\escuelaposgrado\Autenticacion\service\GoogleOAuthService.java","backend\Autenticacion\src\main\java\com\escuelaposgrado\Autenticacion\service\GoogleOAuthService.java","GoogleUserInfo::setEmail","GoogleOAuthService::GoogleUserInfo::setEmail( String email)",72,72
1,1,8,0,1,"GoogleUserInfo::getGivenName@74-74@backend\Autenticacion\src\main\java\com\escuelaposgrado\Autenticacion\service\GoogleOAuthService.java","backend\Autenticacion\src\main\java\com\escuelaposgrado\Autenticacion\service\GoogleOAuthService.java","GoogleUserInfo::getGivenName","GoogleOAuthService::GoogleUserInfo::getGivenName()",74,74
1,1,13,1,1,"GoogleUserInfo::setGivenName@75-75@backend\Autenticacion\src\main\java\com\escuelaposgrado\Autenticacion\service\GoogleOAuthService.java","backend\Autenticacion\src\main\java\com\escuelaposgrado\Autenticacion\service\GoogleOAuthService.java","GoogleUserInfo::setGivenName","GoogleOAuthService::GoogleUserInfo::setGivenName( String givenName)",75,75
1,1,8,0,1,"GoogleUserInfo::getFamilyName@77-77@backend\Autenticacion\src\main\java\com\escuelaposgrado\Autenticacion\service\GoogleOAuthService.java","backend\Autenticacion\src\main\java\com\escuelaposgrado\Autenticacion\service\GoogleOAuthService.java","GoogleUserInfo::getFamilyName","GoogleOAuthService::GoogleUserInfo::getFamilyName()",77,77
1,1,13,1,1,"GoogleUserInfo::setFamilyName@78-78@backend\Autenticacion\src\main\java\com\escuelaposgrado\Autenticacion\service\GoogleOAuthService.java","backend\Autenticacion\src\main\java\com\escuelaposgrado\Autenticacion\service\GoogleOAuthService.java","GoogleUserInfo::setFamilyName","GoogleOAuthService::GoogleUserInfo::setFamilyName( String familyName)",78,78
1,1,8,0,1,"GoogleUserInfo::getName@80-80@backend\Autenticacion\src\main\java\com\escuelaposgrado\Autenticacion\service\GoogleOAuthService.java","backend\Autenticacion\src\main\java\com\escuelaposgrado\Autenticacion\service\GoogleOAuthService.java","GoogleUserInfo::getName","GoogleOAuthService::GoogleUserInfo::getName()",80,80
1,1,13,1,1,"GoogleUserInfo::setName@81-81@backend\Autenticacion\src\main\java\com\escuelaposgrado\Autenticacion\service\GoogleOAuthService.java","backend\Autenticacion\src\main\java\com\escuelaposgrado\Autenticacion\service\GoogleOAuthService.java","GoogleUserInfo::setName","GoogleOAuthService::GoogleUserInfo::setName( String name)",81,81
1,1,8,0,1,"GoogleUserInfo::getPicture@83-83@backend\Autenticacion\src\main\java\com\escuelaposgrado\Autenticacion\service\GoogleOAuthService.java","backend\Autenticacion\src\main\java\com\escuelaposgrado\Autenticacion\service\GoogleOAuthService.java","GoogleUserInfo::getPicture","GoogleOAuthService::GoogleUserInfo::getPicture()",83,83
1,1,13,1,1,"GoogleUserInfo::setPicture@84-84@backend\Autenticacion\src\main\java\com\escuelaposgrado\Autenticacion\service\GoogleOAuthService.java","backend\Autenticacion\src\main\java\com\escuelaposgrado\Autenticacion\service\GoogleOAuthService.java","GoogleUserInfo::setPicture","GoogleOAuthService::GoogleUserInfo::setPicture( String picture)",84,84
1,1,8,0,1,"GoogleUserInfo::getEmailVerified@86-86@backend\Autenticacion\src\main\java\com\escuelaposgrado\Autenticacion\service\GoogleOAuthService.java","backend\Autenticacion\src\main\java\com\escuelaposgrado\Autenticacion\service\GoogleOAuthService.java","GoogleUserInfo::getEmailVerified","GoogleOAuthService::GoogleUserInfo::getEmailVerified()",86,86
1,1,13,1,1,"GoogleUserInfo::setEmailVerified@87-87@backend\Autenticacion\src\main\java\com\escuelaposgrado\Autenticacion\service\GoogleOAuthService.java","backend\Autenticacion\src\main\java\com\escuelaposgrado\Autenticacion\service\GoogleOAuthService.java","GoogleUserInfo::setEmailVerified","GoogleOAuthService::GoogleUserInfo::setEmailVerified( Boolean emailVerified)",87,87
21,5,157,1,33,"GoogleUserInfo::authenticateWithGoogle@93-125@backend\Autenticacion\src\main\java\com\escuelaposgrado\Autenticacion\service\GoogleOAuthService.java","backend\Autenticacion\src\main\java\com\escuelaposgrado\Autenticacion\service\GoogleOAuthService.java","GoogleUserInfo::authenticateWithGoogle","GoogleOAuthService::authenticateWithGoogle( GoogleLoginRequest request)",93,125
37,9,212,1,47,"GoogleUserInfo::verifyGoogleToken@130-176@backend\Autenticacion\src\main\java\com\escuelaposgrado\Autenticacion\service\GoogleOAuthService.java","backend\Autenticacion\src\main\java\com\escuelaposgrado\Autenticacion\service\GoogleOAuthService.java","GoogleUserInfo::verifyGoogleToken","GoogleOAuthService::verifyGoogleToken( String token)",130,176
3,2,23,1,3,"GoogleUserInfo::isUniversityEmail@181-183@backend\Autenticacion\src\main\java\com\escuelaposgrado\Autenticacion\service\GoogleOAuthService.java","backend\Autenticacion\src\main\java\com\escuelaposgrado\Autenticacion\service\GoogleOAuthService.java","GoogleUserInfo::isUniversityEmail","GoogleOAuthService::isUniversityEmail( String email)",181,183
13,3,80,1,20,"GoogleUserInfo::findOrCreateUser@188-207@backend\Autenticacion\src\main\java\com\escuelaposgrado\Autenticacion\service\GoogleOAuthService.java","backend\Autenticacion\src\main\java\com\escuelaposgrado\Autenticacion\service\GoogleOAuthService.java","GoogleUserInfo::findOrCreateUser","GoogleOAuthService::findOrCreateUser( GoogleUserInfo googleUser)",188,207
15,8,135,2,19,"GoogleUserInfo::updateUserIfNeeded@212-230@backend\Autenticacion\src\main\java\com\escuelaposgrado\Autenticacion\service\GoogleOAuthService.java","backend\Autenticacion\src\main\java\com\escuelaposgrado\Autenticacion\service\GoogleOAuthService.java","GoogleUserInfo::updateUserIfNeeded","GoogleOAuthService::updateUserIfNeeded( Usuario usuario , GoogleUserInfo googleUser)",212,230
20,4,192,1,32,"GoogleUserInfo::createNewUserFromGoogle@235-266@backend\Autenticacion\src\main\java\com\escuelaposgrado\Autenticacion\service\GoogleOAuthService.java","backend\Autenticacion\src\main\java\com\escuelaposgrado\Autenticacion\service\GoogleOAuthService.java","GoogleUserInfo::createNewUserFromGoogle","GoogleOAuthService::createNewUserFromGoogle( GoogleUserInfo googleUser)",235,266
10,2,57,1,13,"GoogleUserInfo::generateUsernameFromEmail@271-283@backend\Autenticacion\src\main\java\com\escuelaposgrado\Autenticacion\service\GoogleOAuthService.java","backend\Autenticacion\src\main\java\com\escuelaposgrado\Autenticacion\service\GoogleOAuthService.java","GoogleUserInfo::generateUsernameFromEmail","GoogleOAuthService::generateUsernameFromEmail( String email)",271,283
14,7,117,1,19,"GoogleUserInfo::determineRoleFromEmail@288-306@backend\Autenticacion\src\main\java\com\escuelaposgrado\Autenticacion\service\GoogleOAuthService.java","backend\Autenticacion\src\main\java\com\escuelaposgrado\Autenticacion\service\GoogleOAuthService.java","GoogleUserInfo::determineRoleFromEmail","GoogleOAuthService::determineRoleFromEmail( String email)",288,306
20,1,146,2,21,"GoogleUserInfo::mapToAuthResponse@311-331@backend\Autenticacion\src\main\java\com\escuelaposgrado\Autenticacion\service\GoogleOAuthService.java","backend\Autenticacion\src\main\java\com\escuelaposgrado\Autenticacion\service\GoogleOAuthService.java","GoogleUserInfo::mapToAuthResponse","GoogleOAuthService::mapToAuthResponse( String jwt , Usuario usuario)",311,331
13,2,88,0,18,"GoogleUserInfo::generateCodigoEstudiante@336-353@backend\Autenticacion\src\main\java\com\escuelaposgrado\Autenticacion\service\GoogleOAuthService.java","backend\Autenticacion\src\main\java\com\escuelaposgrado\Autenticacion\service\GoogleOAuthService.java","GoogleUserInfo::generateCodigoEstudiante","GoogleOAuthService::generateCodigoEstudiante()",336,353
3,1,20,1,3,"AutenticacionApplication::main@9-11@backend\Autenticacion\src\main\java\com\escuelaposgrado\Autenticacion\AutenticacionApplication.java","backend\Autenticacion\src\main\java\com\escuelaposgrado\Autenticacion\AutenticacionApplication.java","AutenticacionApplication::main","AutenticacionApplication::main( String [ ] args)",9,11
21,1,178,1,28,"SecurityConfig::filterChain@43-70@backend\Intranet\src\main\java\com\escuelaposgrado\Intranet\config\SecurityConfig.java","backend\Intranet\src\main\java\com\escuelaposgrado\Intranet\config\SecurityConfig.java","SecurityConfig::filterChain","SecurityConfig::filterChain( HttpSecurity http)",43,70
3,1,11,0,3,"SecurityConfig::authenticationJwtTokenFilter@73-75@backend\Intranet\src\main\java\com\escuelaposgrado\Intranet\config\SecurityConfig.java","backend\Intranet\src\main\java\com\escuelaposgrado\Intranet\config\SecurityConfig.java","SecurityConfig::authenticationJwtTokenFilter","SecurityConfig::authenticationJwtTokenFilter()",73,75
6,1,32,0,6,"SecurityConfig::authenticationProvider@79-84@backend\Intranet\src\main\java\com\escuelaposgrado\Intranet\config\SecurityConfig.java","backend\Intranet\src\main\java\com\escuelaposgrado\Intranet\config\SecurityConfig.java","SecurityConfig::authenticationProvider","SecurityConfig::authenticationProvider()",79,84
3,1,16,1,3,"SecurityConfig::authenticationManager@87-89@backend\Intranet\src\main\java\com\escuelaposgrado\Intranet\config\SecurityConfig.java","backend\Intranet\src\main\java\com\escuelaposgrado\Intranet\config\SecurityConfig.java","SecurityConfig::authenticationManager","SecurityConfig::authenticationManager( AuthenticationConfiguration authConfig)",87,89
3,1,11,0,3,"SecurityConfig::passwordEncoder@92-94@backend\Intranet\src\main\java\com\escuelaposgrado\Intranet\config\SecurityConfig.java","backend\Intranet\src\main\java\com\escuelaposgrado\Intranet\config\SecurityConfig.java","SecurityConfig::passwordEncoder","SecurityConfig::passwordEncoder()",92,94
11,1,87,0,17,"SecurityConfig::corsConfigurationSource@97-113@backend\Intranet\src\main\java\com\escuelaposgrado\Intranet\config\SecurityConfig.java","backend\Intranet\src\main\java\com\escuelaposgrado\Intranet\config\SecurityConfig.java","SecurityConfig::corsConfigurationSource","SecurityConfig::corsConfigurationSource()",97,113
12,2,98,2,13,"AsistenciaController::registrarAsistencia@37-49@backend\Intranet\src\main\java\com\escuelaposgrado\Intranet\controller\AsistenciaController.java","backend\Intranet\src\main\java\com\escuelaposgrado\Intranet\controller\AsistenciaController.java","AsistenciaController::registrarAsistencia","AsistenciaController::registrarAsistencia( @ Valid @ RequestBody AsistenciaDTO asistenciaDTO , @ RequestHeader('Authorization') String token)",37,49
10,2,68,2,10,"AsistenciaController::actualizarAsistencia@56-65@backend\Intranet\src\main\java\com\escuelaposgrado\Intranet\controller\AsistenciaController.java","backend\Intranet\src\main\java\com\escuelaposgrado\Intranet\controller\AsistenciaController.java","AsistenciaController::actualizarAsistencia","AsistenciaController::actualizarAsistencia( @ PathVariable Long id , @ Valid @ RequestBody AsistenciaDTO asistenciaDTO)",56,65
8,2,51,1,8,"AsistenciaController::obtenerAsistenciasPorEstudiante@72-79@backend\Intranet\src\main\java\com\escuelaposgrado\Intranet\controller\AsistenciaController.java","backend\Intranet\src\main\java\com\escuelaposgrado\Intranet\controller\AsistenciaController.java","AsistenciaController::obtenerAsistenciasPorEstudiante","AsistenciaController::obtenerAsistenciasPorEstudiante( @ PathVariable Long estudianteId)",72,79
8,2,51,1,8,"AsistenciaController::obtenerAsistenciasPorMateria@86-93@backend\Intranet\src\main\java\com\escuelaposgrado\Intranet\controller\AsistenciaController.java","backend\Intranet\src\main\java\com\escuelaposgrado\Intranet\controller\AsistenciaController.java","AsistenciaController::obtenerAsistenciasPorMateria","AsistenciaController::obtenerAsistenciasPorMateria( @ PathVariable Long materiaId)",86,93
10,2,58,2,10,"AsistenciaController::obtenerAsistenciasPorEstudianteYMateria@100-109@backend\Intranet\src\main\java\com\escuelaposgrado\Intranet\controller\AsistenciaController.java","backend\Intranet\src\main\java\com\escuelaposgrado\Intranet\controller\AsistenciaController.java","AsistenciaController::obtenerAsistenciasPorEstudianteYMateria","AsistenciaController::obtenerAsistenciasPorEstudianteYMateria( @ PathVariable Long estudianteId , @ PathVariable Long materiaId)",100,109
10,2,80,2,10,"AsistenciaController::obtenerAsistenciasPorFechas@116-125@backend\Intranet\src\main\java\com\escuelaposgrado\Intranet\controller\AsistenciaController.java","backend\Intranet\src\main\java\com\escuelaposgrado\Intranet\controller\AsistenciaController.java","AsistenciaController::obtenerAsistenciasPorFechas","AsistenciaController::obtenerAsistenciasPorFechas( @ RequestParam @ DateTimeFormat(iso=DateTimeFormat.ISO.DATE) LocalDate fechaInicio , @ RequestParam @ DateTimeFormat(iso=DateTimeFormat.ISO.DATE) LocalDate fechaFin)",116,125
4,1,30,0,4,"AsistenciaController::obtenerAsistenciasDelDia@132-135@backend\Intranet\src\main\java\com\escuelaposgrado\Intranet\controller\AsistenciaController.java","backend\Intranet\src\main\java\com\escuelaposgrado\Intranet\controller\AsistenciaController.java","AsistenciaController::obtenerAsistenciasDelDia","AsistenciaController::obtenerAsistenciasDelDia()",132,135
10,2,55,2,10,"AsistenciaController::calcularPorcentajeAsistencia@142-151@backend\Intranet\src\main\java\com\escuelaposgrado\Intranet\controller\AsistenciaController.java","backend\Intranet\src\main\java\com\escuelaposgrado\Intranet\controller\AsistenciaController.java","AsistenciaController::calcularPorcentajeAsistencia","AsistenciaController::calcularPorcentajeAsistencia( @ PathVariable Long estudianteId , @ PathVariable Long materiaId)",142,151
8,2,48,1,8,"AsistenciaController::obtenerEstadisticasEstudiante@158-165@backend\Intranet\src\main\java\com\escuelaposgrado\Intranet\controller\AsistenciaController.java","backend\Intranet\src\main\java\com\escuelaposgrado\Intranet\controller\AsistenciaController.java","AsistenciaController::obtenerEstadisticasEstudiante","AsistenciaController::obtenerEstadisticasEstudiante( @ PathVariable Long estudianteId)",158,165
10,2,69,2,10,"AsistenciaController::obtenerReporteAsistencia@172-181@backend\Intranet\src\main\java\com\escuelaposgrado\Intranet\controller\AsistenciaController.java","backend\Intranet\src\main\java\com\escuelaposgrado\Intranet\controller\AsistenciaController.java","AsistenciaController::obtenerReporteAsistencia","AsistenciaController::obtenerReporteAsistencia( @ PathVariable Long materiaId , @ RequestParam @ DateTimeFormat(iso=DateTimeFormat.ISO.DATE) LocalDate fecha)",172,181
8,2,60,1,8,"AsistenciaController::eliminarAsistencia@188-195@backend\Intranet\src\main\java\com\escuelaposgrado\Intranet\controller\AsistenciaController.java","backend\Intranet\src\main\java\com\escuelaposgrado\Intranet\controller\AsistenciaController.java","AsistenciaController::eliminarAsistencia","AsistenciaController::eliminarAsistencia( @ PathVariable Long id)",188,195
3,1,13,1,3,"MensajeResponse::MensajeResponse@204-206@backend\Intranet\src\main\java\com\escuelaposgrado\Intranet\controller\AsistenciaController.java","backend\Intranet\src\main\java\com\escuelaposgrado\Intranet\controller\AsistenciaController.java","MensajeResponse::MensajeResponse","MensajeResponse::MensajeResponse( String mensaje)",204,206
1,1,8,0,1,"MensajeResponse::getMensaje@208-208@backend\Intranet\src\main\java\com\escuelaposgrado\Intranet\controller\AsistenciaController.java","backend\Intranet\src\main\java\com\escuelaposgrado\Intranet\controller\AsistenciaController.java","MensajeResponse::getMensaje","MensajeResponse::getMensaje()",208,208
1,1,13,1,1,"MensajeResponse::setMensaje@209-209@backend\Intranet\src\main\java\com\escuelaposgrado\Intranet\controller\AsistenciaController.java","backend\Intranet\src\main\java\com\escuelaposgrado\Intranet\controller\AsistenciaController.java","MensajeResponse::setMensaje","MensajeResponse::setMensaje( String mensaje)",209,209
23,2,138,1,28,"AuthController::authenticateUser@39-66@backend\Intranet\src\main\java\com\escuelaposgrado\Intranet\controller\AuthController.java","backend\Intranet\src\main\java\com\escuelaposgrado\Intranet\controller\AuthController.java","AuthController::authenticateUser","AuthController::authenticateUser( @ Valid @ RequestBody LoginRequest loginRequest)",39,66
9,2,62,1,9,"AuthController::registerUser@72-80@backend\Intranet\src\main\java\com\escuelaposgrado\Intranet\controller\AuthController.java","backend\Intranet\src\main\java\com\escuelaposgrado\Intranet\controller\AuthController.java","AuthController::registerUser","AuthController::registerUser( @ Valid @ RequestBody UsuarioDTO usuarioDTO)",72,80
4,1,23,0,4,"AuthController::logoutUser@86-89@backend\Intranet\src\main\java\com\escuelaposgrado\Intranet\controller\AuthController.java","backend\Intranet\src\main\java\com\escuelaposgrado\Intranet\controller\AuthController.java","AuthController::logoutUser","AuthController::logoutUser()",86,89
16,3,106,1,16,"AuthController::verifyToken@95-110@backend\Intranet\src\main\java\com\escuelaposgrado\Intranet\controller\AuthController.java","backend\Intranet\src\main\java\com\escuelaposgrado\Intranet\controller\AuthController.java","AuthController::verifyToken","AuthController::verifyToken( @ RequestHeader('Authorization') String token)",95,110
1,1,8,0,1,"LoginRequest::getUsername@120-120@backend\Intranet\src\main\java\com\escuelaposgrado\Intranet\controller\AuthController.java","backend\Intranet\src\main\java\com\escuelaposgrado\Intranet\controller\AuthController.java","LoginRequest::getUsername","LoginRequest::getUsername()",120,120
1,1,13,1,1,"LoginRequest::setUsername@121-121@backend\Intranet\src\main\java\com\escuelaposgrado\Intranet\controller\AuthController.java","backend\Intranet\src\main\java\com\escuelaposgrado\Intranet\controller\AuthController.java","LoginRequest::setUsername","LoginRequest::setUsername( String username)",121,121
1,1,8,0,1,"LoginRequest::getPassword@123-123@backend\Intranet\src\main\java\com\escuelaposgrado\Intranet\controller\AuthController.java","backend\Intranet\src\main\java\com\escuelaposgrado\Intranet\controller\AuthController.java","LoginRequest::getPassword","LoginRequest::getPassword()",123,123
1,1,13,1,1,"LoginRequest::setPassword@124-124@backend\Intranet\src\main\java\com\escuelaposgrado\Intranet\controller\AuthController.java","backend\Intranet\src\main\java\com\escuelaposgrado\Intranet\controller\AuthController.java","LoginRequest::setPassword","LoginRequest::setPassword( String password)",124,124
6,1,40,4,6,"JwtResponse::JwtResponse@137-142@backend\Intranet\src\main\java\com\escuelaposgrado\Intranet\controller\AuthController.java","backend\Intranet\src\main\java\com\escuelaposgrado\Intranet\controller\AuthController.java","JwtResponse::JwtResponse","JwtResponse::JwtResponse( String accessToken , String username , String role , String nombreCompleto)",137,142
1,1,8,0,1,"JwtResponse::getToken@145-145@backend\Intranet\src\main\java\com\escuelaposgrado\Intranet\controller\AuthController.java","backend\Intranet\src\main\java\com\escuelaposgrado\Intranet\controller\AuthController.java","JwtResponse::getToken","JwtResponse::getToken()",145,145
1,1,13,1,1,"JwtResponse::setToken@146-146@backend\Intranet\src\main\java\com\escuelaposgrado\Intranet\controller\AuthController.java","backend\Intranet\src\main\java\com\escuelaposgrado\Intranet\controller\AuthController.java","JwtResponse::setToken","JwtResponse::setToken( String token)",146,146
1,1,8,0,1,"JwtResponse::getType@148-148@backend\Intranet\src\main\java\com\escuelaposgrado\Intranet\controller\AuthController.java","backend\Intranet\src\main\java\com\escuelaposgrado\Intranet\controller\AuthController.java","JwtResponse::getType","JwtResponse::getType()",148,148
1,1,13,1,1,"JwtResponse::setType@149-149@backend\Intranet\src\main\java\com\escuelaposgrado\Intranet\controller\AuthController.java","backend\Intranet\src\main\java\com\escuelaposgrado\Intranet\controller\AuthController.java","JwtResponse::setType","JwtResponse::setType( String type)",149,149
1,1,8,0,1,"JwtResponse::getUsername@151-151@backend\Intranet\src\main\java\com\escuelaposgrado\Intranet\controller\AuthController.java","backend\Intranet\src\main\java\com\escuelaposgrado\Intranet\controller\AuthController.java","JwtResponse::getUsername","JwtResponse::getUsername()",151,151
1,1,13,1,1,"JwtResponse::setUsername@152-152@backend\Intranet\src\main\java\com\escuelaposgrado\Intranet\controller\AuthController.java","backend\Intranet\src\main\java\com\escuelaposgrado\Intranet\controller\AuthController.java","JwtResponse::setUsername","JwtResponse::setUsername( String username)",152,152
1,1,8,0,1,"JwtResponse::getRole@154-154@backend\Intranet\src\main\java\com\escuelaposgrado\Intranet\controller\AuthController.java","backend\Intranet\src\main\java\com\escuelaposgrado\Intranet\controller\AuthController.java","JwtResponse::getRole","JwtResponse::getRole()",154,154
1,1,13,1,1,"JwtResponse::setRole@155-155@backend\Intranet\src\main\java\com\escuelaposgrado\Intranet\controller\AuthController.java","backend\Intranet\src\main\java\com\escuelaposgrado\Intranet\controller\AuthController.java","JwtResponse::setRole","JwtResponse::setRole( String role)",155,155
1,1,8,0,1,"JwtResponse::getNombreCompleto@157-157@backend\Intranet\src\main\java\com\escuelaposgrado\Intranet\controller\AuthController.java","backend\Intranet\src\main\java\com\escuelaposgrado\Intranet\controller\AuthController.java","JwtResponse::getNombreCompleto","JwtResponse::getNombreCompleto()",157,157
1,1,13,1,1,"JwtResponse::setNombreCompleto@158-158@backend\Intranet\src\main\java\com\escuelaposgrado\Intranet\controller\AuthController.java","backend\Intranet\src\main\java\com\escuelaposgrado\Intranet\controller\AuthController.java","JwtResponse::setNombreCompleto","JwtResponse::setNombreCompleto( String nombreCompleto)",158,158
12,2,98,2,13,"CalificacionController::registrarCalificacion@36-48@backend\Intranet\src\main\java\com\escuelaposgrado\Intranet\controller\CalificacionController.java","backend\Intranet\src\main\java\com\escuelaposgrado\Intranet\controller\CalificacionController.java","CalificacionController::registrarCalificacion","CalificacionController::registrarCalificacion( @ Valid @ RequestBody CalificacionDTO calificacionDTO , @ RequestHeader('Authorization') String token)",36,48
10,2,68,2,10,"CalificacionController::actualizarCalificacion@55-64@backend\Intranet\src\main\java\com\escuelaposgrado\Intranet\controller\CalificacionController.java","backend\Intranet\src\main\java\com\escuelaposgrado\Intranet\controller\CalificacionController.java","CalificacionController::actualizarCalificacion","CalificacionController::actualizarCalificacion( @ PathVariable Long id , @ Valid @ RequestBody CalificacionDTO calificacionDTO)",55,64
14,2,106,3,15,"CalificacionController::corregirCalificacion@71-85@backend\Intranet\src\main\java\com\escuelaposgrado\Intranet\controller\CalificacionController.java","backend\Intranet\src\main\java\com\escuelaposgrado\Intranet\controller\CalificacionController.java","CalificacionController::corregirCalificacion","CalificacionController::corregirCalificacion( @ PathVariable Long id , @ RequestBody CorreccionRequest request , @ RequestHeader('Authorization') String token)",71,85
8,2,51,1,8,"CalificacionController::obtenerCalificacionesPorEstudiante@92-99@backend\Intranet\src\main\java\com\escuelaposgrado\Intranet\controller\CalificacionController.java","backend\Intranet\src\main\java\com\escuelaposgrado\Intranet\controller\CalificacionController.java","CalificacionController::obtenerCalificacionesPorEstudiante","CalificacionController::obtenerCalificacionesPorEstudiante( @ PathVariable Long estudianteId)",92,99
8,2,51,1,8,"CalificacionController::obtenerCalificacionesPorMateria@106-113@backend\Intranet\src\main\java\com\escuelaposgrado\Intranet\controller\CalificacionController.java","backend\Intranet\src\main\java\com\escuelaposgrado\Intranet\controller\CalificacionController.java","CalificacionController::obtenerCalificacionesPorMateria","CalificacionController::obtenerCalificacionesPorMateria( @ PathVariable Long materiaId)",106,113
10,2,58,2,10,"CalificacionController::obtenerCalificacionesPorEstudianteYMateria@120-129@backend\Intranet\src\main\java\com\escuelaposgrado\Intranet\controller\CalificacionController.java","backend\Intranet\src\main\java\com\escuelaposgrado\Intranet\controller\CalificacionController.java","CalificacionController::obtenerCalificacionesPorEstudianteYMateria","CalificacionController::obtenerCalificacionesPorEstudianteYMateria( @ PathVariable Long estudianteId , @ PathVariable Long materiaId)",120,129
10,2,58,2,10,"CalificacionController::obtenerCalificacionesPorCicloYAnio@136-145@backend\Intranet\src\main\java\com\escuelaposgrado\Intranet\controller\CalificacionController.java","backend\Intranet\src\main\java\com\escuelaposgrado\Intranet\controller\CalificacionController.java","CalificacionController::obtenerCalificacionesPorCicloYAnio","CalificacionController::obtenerCalificacionesPorCicloYAnio( @ PathVariable String ciclo , @ PathVariable Integer anio)",136,145
10,2,55,2,10,"CalificacionController::calcularPromedioEstudianteMateria@152-161@backend\Intranet\src\main\java\com\escuelaposgrado\Intranet\controller\CalificacionController.java","backend\Intranet\src\main\java\com\escuelaposgrado\Intranet\controller\CalificacionController.java","CalificacionController::calcularPromedioEstudianteMateria","CalificacionController::calcularPromedioEstudianteMateria( @ PathVariable Long estudianteId , @ PathVariable Long materiaId)",152,161
10,2,55,2,10,"CalificacionController::calcularPromedioPonderado@168-177@backend\Intranet\src\main\java\com\escuelaposgrado\Intranet\controller\CalificacionController.java","backend\Intranet\src\main\java\com\escuelaposgrado\Intranet\controller\CalificacionController.java","CalificacionController::calcularPromedioPonderado","CalificacionController::calcularPromedioPonderado( @ PathVariable Long estudianteId , @ PathVariable Long materiaId)",168,177
8,2,48,1,8,"CalificacionController::obtenerEstadisticasMateria@184-191@backend\Intranet\src\main\java\com\escuelaposgrado\Intranet\controller\CalificacionController.java","backend\Intranet\src\main\java\com\escuelaposgrado\Intranet\controller\CalificacionController.java","CalificacionController::obtenerEstadisticasMateria","CalificacionController::obtenerEstadisticasMateria( @ PathVariable Long materiaId)",184,191
10,2,60,2,10,"CalificacionController::obtenerRankingEstudiantes@198-207@backend\Intranet\src\main\java\com\escuelaposgrado\Intranet\controller\CalificacionController.java","backend\Intranet\src\main\java\com\escuelaposgrado\Intranet\controller\CalificacionController.java","CalificacionController::obtenerRankingEstudiantes","CalificacionController::obtenerRankingEstudiantes( @ PathVariable Long materiaId , @ RequestParam(defaultValue='10') Integer limite)",198,207
4,1,25,0,4,"CalificacionController::obtenerCalificacionesPendientes@214-217@backend\Intranet\src\main\java\com\escuelaposgrado\Intranet\controller\CalificacionController.java","backend\Intranet\src\main\java\com\escuelaposgrado\Intranet\controller\CalificacionController.java","CalificacionController::obtenerCalificacionesPendientes","CalificacionController::obtenerCalificacionesPendientes()",214,217
8,2,60,1,8,"CalificacionController::eliminarCalificacion@224-231@backend\Intranet\src\main\java\com\escuelaposgrado\Intranet\controller\CalificacionController.java","backend\Intranet\src\main\java\com\escuelaposgrado\Intranet\controller\CalificacionController.java","CalificacionController::eliminarCalificacion","CalificacionController::eliminarCalificacion( @ PathVariable Long id)",224,231
1,1,8,0,1,"CorreccionRequest::getNuevaNota@241-241@backend\Intranet\src\main\java\com\escuelaposgrado\Intranet\controller\CalificacionController.java","backend\Intranet\src\main\java\com\escuelaposgrado\Intranet\controller\CalificacionController.java","CorreccionRequest::getNuevaNota","CorreccionRequest::getNuevaNota()",241,241
1,1,13,1,1,"CorreccionRequest::setNuevaNota@242-242@backend\Intranet\src\main\java\com\escuelaposgrado\Intranet\controller\CalificacionController.java","backend\Intranet\src\main\java\com\escuelaposgrado\Intranet\controller\CalificacionController.java","CorreccionRequest::setNuevaNota","CorreccionRequest::setNuevaNota( BigDecimal nuevaNota)",242,242
1,1,8,0,1,"CorreccionRequest::getMotivo@244-244@backend\Intranet\src\main\java\com\escuelaposgrado\Intranet\controller\CalificacionController.java","backend\Intranet\src\main\java\com\escuelaposgrado\Intranet\controller\CalificacionController.java","CorreccionRequest::getMotivo","CorreccionRequest::getMotivo()",244,244
1,1,13,1,1,"CorreccionRequest::setMotivo@245-245@backend\Intranet\src\main\java\com\escuelaposgrado\Intranet\controller\CalificacionController.java","backend\Intranet\src\main\java\com\escuelaposgrado\Intranet\controller\CalificacionController.java","CorreccionRequest::setMotivo","CorreccionRequest::setMotivo( String motivo)",245,245
12,2,98,2,13,"EncuestaController::crearEncuesta@41-53@backend\Intranet\src\main\java\com\escuelaposgrado\Intranet\controller\EncuestaController.java","backend\Intranet\src\main\java\com\escuelaposgrado\Intranet\controller\EncuestaController.java","EncuestaController::crearEncuesta","EncuestaController::crearEncuesta( @ Valid @ RequestBody EncuestaDTO encuestaDTO , @ RequestHeader('Authorization') String token)",41,53
10,2,68,2,10,"EncuestaController::actualizarEncuesta@60-69@backend\Intranet\src\main\java\com\escuelaposgrado\Intranet\controller\EncuestaController.java","backend\Intranet\src\main\java\com\escuelaposgrado\Intranet\controller\EncuestaController.java","EncuestaController::actualizarEncuesta","EncuestaController::actualizarEncuesta( @ PathVariable Long id , @ Valid @ RequestBody EncuestaDTO encuestaDTO)",60,69
10,2,75,2,10,"EncuestaController::agregarPregunta@76-85@backend\Intranet\src\main\java\com\escuelaposgrado\Intranet\controller\EncuestaController.java","backend\Intranet\src\main\java\com\escuelaposgrado\Intranet\controller\EncuestaController.java","EncuestaController::agregarPregunta","EncuestaController::agregarPregunta( @ PathVariable Long encuestaId , @ Valid @ RequestBody PreguntaEncuestaDTO preguntaDTO)",76,85
18,3,151,3,22,"EncuestaController::responderEncuesta@92-113@backend\Intranet\src\main\java\com\escuelaposgrado\Intranet\controller\EncuestaController.java","backend\Intranet\src\main\java\com\escuelaposgrado\Intranet\controller\EncuestaController.java","EncuestaController::responderEncuesta","EncuestaController::responderEncuesta( @ PathVariable Long encuestaId , @ RequestBody Map<Long,String> respuestas , @ RequestHeader('Authorization') String token)",92,113
4,1,25,0,4,"EncuestaController::obtenerEncuestasActivas@120-123@backend\Intranet\src\main\java\com\escuelaposgrado\Intranet\controller\EncuestaController.java","backend\Intranet\src\main\java\com\escuelaposgrado\Intranet\controller\EncuestaController.java","EncuestaController::obtenerEncuestasActivas","EncuestaController::obtenerEncuestasActivas()",120,123
8,2,51,1,8,"EncuestaController::obtenerEncuestasPorTipo@130-137@backend\Intranet\src\main\java\com\escuelaposgrado\Intranet\controller\EncuestaController.java","backend\Intranet\src\main\java\com\escuelaposgrado\Intranet\controller\EncuestaController.java","EncuestaController::obtenerEncuestasPorTipo","EncuestaController::obtenerEncuestasPorTipo( @ PathVariable String tipo)",130,137
8,2,51,1,8,"EncuestaController::obtenerEncuestasPorMateria@144-151@backend\Intranet\src\main\java\com\escuelaposgrado\Intranet\controller\EncuestaController.java","backend\Intranet\src\main\java\com\escuelaposgrado\Intranet\controller\EncuestaController.java","EncuestaController::obtenerEncuestasPorMateria","EncuestaController::obtenerEncuestasPorMateria( @ PathVariable Long materiaId)",144,151
8,2,51,1,8,"EncuestaController::obtenerPreguntasEncuesta@158-165@backend\Intranet\src\main\java\com\escuelaposgrado\Intranet\controller\EncuestaController.java","backend\Intranet\src\main\java\com\escuelaposgrado\Intranet\controller\EncuestaController.java","EncuestaController::obtenerPreguntasEncuesta","EncuestaController::obtenerPreguntasEncuesta( @ PathVariable Long encuestaId)",158,165
8,2,48,1,8,"EncuestaController::obtenerResultadosEncuesta@172-179@backend\Intranet\src\main\java\com\escuelaposgrado\Intranet\controller\EncuestaController.java","backend\Intranet\src\main\java\com\escuelaposgrado\Intranet\controller\EncuestaController.java","EncuestaController::obtenerResultadosEncuesta","EncuestaController::obtenerResultadosEncuesta( @ PathVariable Long encuestaId)",172,179
11,3,78,2,11,"EncuestaController::cambiarEstadoEncuesta@186-196@backend\Intranet\src\main\java\com\escuelaposgrado\Intranet\controller\EncuestaController.java","backend\Intranet\src\main\java\com\escuelaposgrado\Intranet\controller\EncuestaController.java","EncuestaController::cambiarEstadoEncuesta","EncuestaController::cambiarEstadoEncuesta( @ PathVariable Long id , @ RequestParam Boolean activa)",186,196
4,1,25,0,4,"EncuestaController::obtenerTodasLasEncuestas@203-206@backend\Intranet\src\main\java\com\escuelaposgrado\Intranet\controller\EncuestaController.java","backend\Intranet\src\main\java\com\escuelaposgrado\Intranet\controller\EncuestaController.java","EncuestaController::obtenerTodasLasEncuestas","EncuestaController::obtenerTodasLasEncuestas()",203,206
8,2,60,1,8,"EncuestaController::eliminarEncuesta@213-220@backend\Intranet\src\main\java\com\escuelaposgrado\Intranet\controller\EncuestaController.java","backend\Intranet\src\main\java\com\escuelaposgrado\Intranet\controller\EncuestaController.java","EncuestaController::eliminarEncuesta","EncuestaController::eliminarEncuesta( @ PathVariable Long id)",213,220
14,1,111,0,15,"HealthController::getStatus@33-47@backend\Intranet\src\main\java\com\escuelaposgrado\Intranet\controller\HealthController.java","backend\Intranet\src\main\java\com\escuelaposgrado\Intranet\controller\HealthController.java","HealthController::getStatus","HealthController::getStatus()",33,47
23,1,215,0,28,"HealthController::getInfo@54-81@backend\Intranet\src\main\java\com\escuelaposgrado\Intranet\controller\HealthController.java","backend\Intranet\src\main\java\com\escuelaposgrado\Intranet\controller\HealthController.java","HealthController::getInfo","HealthController::getInfo()",54,81
7,1,63,0,7,"HealthController::ping@91-97@backend\Intranet\src\main\java\com\escuelaposgrado\Intranet\controller\HealthController.java","backend\Intranet\src\main\java\com\escuelaposgrado\Intranet\controller\HealthController.java","HealthController::ping","HealthController::ping()",91,97
24,1,224,0,29,"RootController::getApiInfo@33-61@backend\Intranet\src\main\java\com\escuelaposgrado\Intranet\controller\RootController.java","backend\Intranet\src\main\java\com\escuelaposgrado\Intranet\controller\RootController.java","RootController::getApiInfo","RootController::getApiInfo()",33,61
7,1,57,2,8,"UsuarioController::obtenerUsuarios@39-46@backend\Intranet\src\main\java\com\escuelaposgrado\Intranet\controller\UsuarioController.java","backend\Intranet\src\main\java\com\escuelaposgrado\Intranet\controller\UsuarioController.java","UsuarioController::obtenerUsuarios","UsuarioController::obtenerUsuarios( @ RequestParam(defaultValue='0') int page , @ RequestParam(defaultValue='10') int size)",39,46
8,2,48,1,8,"UsuarioController::obtenerUsuarioPorId@53-60@backend\Intranet\src\main\java\com\escuelaposgrado\Intranet\controller\UsuarioController.java","backend\Intranet\src\main\java\com\escuelaposgrado\Intranet\controller\UsuarioController.java","UsuarioController::obtenerUsuarioPorId","UsuarioController::obtenerUsuarioPorId( @ PathVariable Long id)",53,60
8,2,68,1,8,"UsuarioController::crearUsuario@67-74@backend\Intranet\src\main\java\com\escuelaposgrado\Intranet\controller\UsuarioController.java","backend\Intranet\src\main\java\com\escuelaposgrado\Intranet\controller\UsuarioController.java","UsuarioController::crearUsuario","UsuarioController::crearUsuario( @ Valid @ RequestBody UsuarioDTO usuarioDTO)",67,74
8,2,68,2,8,"UsuarioController::actualizarUsuario@81-88@backend\Intranet\src\main\java\com\escuelaposgrado\Intranet\controller\UsuarioController.java","backend\Intranet\src\main\java\com\escuelaposgrado\Intranet\controller\UsuarioController.java","UsuarioController::actualizarUsuario","UsuarioController::actualizarUsuario( @ PathVariable Long id , @ Valid @ RequestBody UsuarioDTO usuarioDTO)",81,88
8,2,60,1,8,"UsuarioController::eliminarUsuario@95-102@backend\Intranet\src\main\java\com\escuelaposgrado\Intranet\controller\UsuarioController.java","backend\Intranet\src\main\java\com\escuelaposgrado\Intranet\controller\UsuarioController.java","UsuarioController::eliminarUsuario","UsuarioController::eliminarUsuario( @ PathVariable Long id)",95,102
4,1,30,1,4,"UsuarioController::buscarUsuarios@109-112@backend\Intranet\src\main\java\com\escuelaposgrado\Intranet\controller\UsuarioController.java","backend\Intranet\src\main\java\com\escuelaposgrado\Intranet\controller\UsuarioController.java","UsuarioController::buscarUsuarios","UsuarioController::buscarUsuarios( @ RequestParam String termino)",109,112
8,2,52,1,8,"UsuarioController::obtenerUsuariosPorRol@119-126@backend\Intranet\src\main\java\com\escuelaposgrado\Intranet\controller\UsuarioController.java","backend\Intranet\src\main\java\com\escuelaposgrado\Intranet\controller\UsuarioController.java","UsuarioController::obtenerUsuariosPorRol","UsuarioController::obtenerUsuariosPorRol( @ PathVariable String rol)",119,126
4,1,25,0,4,"UsuarioController::obtenerEstudiantes@133-136@backend\Intranet\src\main\java\com\escuelaposgrado\Intranet\controller\UsuarioController.java","backend\Intranet\src\main\java\com\escuelaposgrado\Intranet\controller\UsuarioController.java","UsuarioController::obtenerEstudiantes","UsuarioController::obtenerEstudiantes()",133,136
4,1,25,0,4,"UsuarioController::obtenerDocentes@143-146@backend\Intranet\src\main\java\com\escuelaposgrado\Intranet\controller\UsuarioController.java","backend\Intranet\src\main\java\com\escuelaposgrado\Intranet\controller\UsuarioController.java","UsuarioController::obtenerDocentes","UsuarioController::obtenerDocentes()",143,146
10,2,77,2,10,"UsuarioController::cambiarPassword@153-162@backend\Intranet\src\main\java\com\escuelaposgrado\Intranet\controller\UsuarioController.java","backend\Intranet\src\main\java\com\escuelaposgrado\Intranet\controller\UsuarioController.java","UsuarioController::cambiarPassword","UsuarioController::cambiarPassword( @ PathVariable Long id , @ RequestBody CambiarPasswordRequest request)",153,162
9,3,78,2,9,"UsuarioController::cambiarEstadoUsuario@169-177@backend\Intranet\src\main\java\com\escuelaposgrado\Intranet\controller\UsuarioController.java","backend\Intranet\src\main\java\com\escuelaposgrado\Intranet\controller\UsuarioController.java","UsuarioController::cambiarEstadoUsuario","UsuarioController::cambiarEstadoUsuario( @ PathVariable Long id , @ RequestParam Boolean activo)",169,177
10,2,71,1,10,"UsuarioController::obtenerPerfil@183-192@backend\Intranet\src\main\java\com\escuelaposgrado\Intranet\controller\UsuarioController.java","backend\Intranet\src\main\java\com\escuelaposgrado\Intranet\controller\UsuarioController.java","UsuarioController::obtenerPerfil","UsuarioController::obtenerPerfil( @ RequestHeader('Authorization') String token)",183,192
4,1,27,1,4,"UsuarioController::validarEmailUnico@198-201@backend\Intranet\src\main\java\com\escuelaposgrado\Intranet\controller\UsuarioController.java","backend\Intranet\src\main\java\com\escuelaposgrado\Intranet\controller\UsuarioController.java","UsuarioController::validarEmailUnico","UsuarioController::validarEmailUnico( @ RequestParam String email)",198,201
4,1,27,1,4,"UsuarioController::validarCodigoUnico@207-210@backend\Intranet\src\main\java\com\escuelaposgrado\Intranet\controller\UsuarioController.java","backend\Intranet\src\main\java\com\escuelaposgrado\Intranet\controller\UsuarioController.java","UsuarioController::validarCodigoUnico","UsuarioController::validarCodigoUnico( @ RequestParam String codigo)",207,210
1,1,8,0,1,"CambiarPasswordRequest::getPasswordActual@220-220@backend\Intranet\src\main\java\com\escuelaposgrado\Intranet\controller\UsuarioController.java","backend\Intranet\src\main\java\com\escuelaposgrado\Intranet\controller\UsuarioController.java","CambiarPasswordRequest::getPasswordActual","CambiarPasswordRequest::getPasswordActual()",220,220
1,1,13,1,1,"CambiarPasswordRequest::setPasswordActual@221-221@backend\Intranet\src\main\java\com\escuelaposgrado\Intranet\controller\UsuarioController.java","backend\Intranet\src\main\java\com\escuelaposgrado\Intranet\controller\UsuarioController.java","CambiarPasswordRequest::setPasswordActual","CambiarPasswordRequest::setPasswordActual( String passwordActual)",221,221
1,1,8,0,1,"CambiarPasswordRequest::getPasswordNuevo@223-223@backend\Intranet\src\main\java\com\escuelaposgrado\Intranet\controller\UsuarioController.java","backend\Intranet\src\main\java\com\escuelaposgrado\Intranet\controller\UsuarioController.java","CambiarPasswordRequest::getPasswordNuevo","CambiarPasswordRequest::getPasswordNuevo()",223,223
1,1,13,1,1,"CambiarPasswordRequest::setPasswordNuevo@224-224@backend\Intranet\src\main\java\com\escuelaposgrado\Intranet\controller\UsuarioController.java","backend\Intranet\src\main\java\com\escuelaposgrado\Intranet\controller\UsuarioController.java","CambiarPasswordRequest::setPasswordNuevo","CambiarPasswordRequest::setPasswordNuevo( String passwordNuevo)",224,224
1,1,5,0,1,"AsistenciaDTO::AsistenciaDTO@44-44@backend\Intranet\src\main\java\com\escuelaposgrado\Intranet\dto\AsistenciaDTO.java","backend\Intranet\src\main\java\com\escuelaposgrado\Intranet\dto\AsistenciaDTO.java","AsistenciaDTO::AsistenciaDTO","AsistenciaDTO::AsistenciaDTO()",44,44
9,1,58,6,9,"AsistenciaDTO::AsistenciaDTO@46-54@backend\Intranet\src\main\java\com\escuelaposgrado\Intranet\dto\AsistenciaDTO.java","backend\Intranet\src\main\java\com\escuelaposgrado\Intranet\dto\AsistenciaDTO.java","AsistenciaDTO::AsistenciaDTO","AsistenciaDTO::AsistenciaDTO( Long estudianteId , Long materiaId , LocalDate fecha , LocalTime horaEntrada , String estado , Integer horasAcademicas)",46,54
1,1,8,0,1,"AsistenciaDTO::getId@57-57@backend\Intranet\src\main\java\com\escuelaposgrado\Intranet\dto\AsistenciaDTO.java","backend\Intranet\src\main\java\com\escuelaposgrado\Intranet\dto\AsistenciaDTO.java","AsistenciaDTO::getId","AsistenciaDTO::getId()",57,57
1,1,13,1,1,"AsistenciaDTO::setId@58-58@backend\Intranet\src\main\java\com\escuelaposgrado\Intranet\dto\AsistenciaDTO.java","backend\Intranet\src\main\java\com\escuelaposgrado\Intranet\dto\AsistenciaDTO.java","AsistenciaDTO::setId","AsistenciaDTO::setId( Long id)",58,58
1,1,8,0,1,"AsistenciaDTO::getEstudianteId@60-60@backend\Intranet\src\main\java\com\escuelaposgrado\Intranet\dto\AsistenciaDTO.java","backend\Intranet\src\main\java\com\escuelaposgrado\Intranet\dto\AsistenciaDTO.java","AsistenciaDTO::getEstudianteId","AsistenciaDTO::getEstudianteId()",60,60
1,1,13,1,1,"AsistenciaDTO::setEstudianteId@61-61@backend\Intranet\src\main\java\com\escuelaposgrado\Intranet\dto\AsistenciaDTO.java","backend\Intranet\src\main\java\com\escuelaposgrado\Intranet\dto\AsistenciaDTO.java","AsistenciaDTO::setEstudianteId","AsistenciaDTO::setEstudianteId( Long estudianteId)",61,61
1,1,8,0,1,"AsistenciaDTO::getMateriaId@63-63@backend\Intranet\src\main\java\com\escuelaposgrado\Intranet\dto\AsistenciaDTO.java","backend\Intranet\src\main\java\com\escuelaposgrado\Intranet\dto\AsistenciaDTO.java","AsistenciaDTO::getMateriaId","AsistenciaDTO::getMateriaId()",63,63
1,1,13,1,1,"AsistenciaDTO::setMateriaId@64-64@backend\Intranet\src\main\java\com\escuelaposgrado\Intranet\dto\AsistenciaDTO.java","backend\Intranet\src\main\java\com\escuelaposgrado\Intranet\dto\AsistenciaDTO.java","AsistenciaDTO::setMateriaId","AsistenciaDTO::setMateriaId( Long materiaId)",64,64
1,1,8,0,1,"AsistenciaDTO::getFecha@66-66@backend\Intranet\src\main\java\com\escuelaposgrado\Intranet\dto\AsistenciaDTO.java","backend\Intranet\src\main\java\com\escuelaposgrado\Intranet\dto\AsistenciaDTO.java","AsistenciaDTO::getFecha","AsistenciaDTO::getFecha()",66,66
1,1,13,1,1,"AsistenciaDTO::setFecha@67-67@backend\Intranet\src\main\java\com\escuelaposgrado\Intranet\dto\AsistenciaDTO.java","backend\Intranet\src\main\java\com\escuelaposgrado\Intranet\dto\AsistenciaDTO.java","AsistenciaDTO::setFecha","AsistenciaDTO::setFecha( LocalDate fecha)",67,67
1,1,8,0,1,"AsistenciaDTO::getHoraEntrada@69-69@backend\Intranet\src\main\java\com\escuelaposgrado\Intranet\dto\AsistenciaDTO.java","backend\Intranet\src\main\java\com\escuelaposgrado\Intranet\dto\AsistenciaDTO.java","AsistenciaDTO::getHoraEntrada","AsistenciaDTO::getHoraEntrada()",69,69
1,1,13,1,1,"AsistenciaDTO::setHoraEntrada@70-70@backend\Intranet\src\main\java\com\escuelaposgrado\Intranet\dto\AsistenciaDTO.java","backend\Intranet\src\main\java\com\escuelaposgrado\Intranet\dto\AsistenciaDTO.java","AsistenciaDTO::setHoraEntrada","AsistenciaDTO::setHoraEntrada( LocalTime horaEntrada)",70,70
1,1,8,0,1,"AsistenciaDTO::getHoraSalida@72-72@backend\Intranet\src\main\java\com\escuelaposgrado\Intranet\dto\AsistenciaDTO.java","backend\Intranet\src\main\java\com\escuelaposgrado\Intranet\dto\AsistenciaDTO.java","AsistenciaDTO::getHoraSalida","AsistenciaDTO::getHoraSalida()",72,72
1,1,13,1,1,"AsistenciaDTO::setHoraSalida@73-73@backend\Intranet\src\main\java\com\escuelaposgrado\Intranet\dto\AsistenciaDTO.java","backend\Intranet\src\main\java\com\escuelaposgrado\Intranet\dto\AsistenciaDTO.java","AsistenciaDTO::setHoraSalida","AsistenciaDTO::setHoraSalida( LocalTime horaSalida)",73,73
1,1,8,0,1,"AsistenciaDTO::getEstado@75-75@backend\Intranet\src\main\java\com\escuelaposgrado\Intranet\dto\AsistenciaDTO.java","backend\Intranet\src\main\java\com\escuelaposgrado\Intranet\dto\AsistenciaDTO.java","AsistenciaDTO::getEstado","AsistenciaDTO::getEstado()",75,75
1,1,13,1,1,"AsistenciaDTO::setEstado@76-76@backend\Intranet\src\main\java\com\escuelaposgrado\Intranet\dto\AsistenciaDTO.java","backend\Intranet\src\main\java\com\escuelaposgrado\Intranet\dto\AsistenciaDTO.java","AsistenciaDTO::setEstado","AsistenciaDTO::setEstado( String estado)",76,76
1,1,8,0,1,"AsistenciaDTO::getObservaciones@78-78@backend\Intranet\src\main\java\com\escuelaposgrado\Intranet\dto\AsistenciaDTO.java","backend\Intranet\src\main\java\com\escuelaposgrado\Intranet\dto\AsistenciaDTO.java","AsistenciaDTO::getObservaciones","AsistenciaDTO::getObservaciones()",78,78
1,1,13,1,1,"AsistenciaDTO::setObservaciones@79-79@backend\Intranet\src\main\java\com\escuelaposgrado\Intranet\dto\AsistenciaDTO.java","backend\Intranet\src\main\java\com\escuelaposgrado\Intranet\dto\AsistenciaDTO.java","AsistenciaDTO::setObservaciones","AsistenciaDTO::setObservaciones( String observaciones)",79,79
1,1,8,0,1,"AsistenciaDTO::getHorasAcademicas@81-81@backend\Intranet\src\main\java\com\escuelaposgrado\Intranet\dto\AsistenciaDTO.java","backend\Intranet\src\main\java\com\escuelaposgrado\Intranet\dto\AsistenciaDTO.java","AsistenciaDTO::getHorasAcademicas","AsistenciaDTO::getHorasAcademicas()",81,81
1,1,13,1,1,"AsistenciaDTO::setHorasAcademicas@82-82@backend\Intranet\src\main\java\com\escuelaposgrado\Intranet\dto\AsistenciaDTO.java","backend\Intranet\src\main\java\com\escuelaposgrado\Intranet\dto\AsistenciaDTO.java","AsistenciaDTO::setHorasAcademicas","AsistenciaDTO::setHorasAcademicas( Integer horasAcademicas)",82,82
1,1,8,0,1,"AsistenciaDTO::getEstudianteNombre@84-84@backend\Intranet\src\main\java\com\escuelaposgrado\Intranet\dto\AsistenciaDTO.java","backend\Intranet\src\main\java\com\escuelaposgrado\Intranet\dto\AsistenciaDTO.java","AsistenciaDTO::getEstudianteNombre","AsistenciaDTO::getEstudianteNombre()",84,84
1,1,13,1,1,"AsistenciaDTO::setEstudianteNombre@85-85@backend\Intranet\src\main\java\com\escuelaposgrado\Intranet\dto\AsistenciaDTO.java","backend\Intranet\src\main\java\com\escuelaposgrado\Intranet\dto\AsistenciaDTO.java","AsistenciaDTO::setEstudianteNombre","AsistenciaDTO::setEstudianteNombre( String estudianteNombre)",85,85
1,1,8,0,1,"AsistenciaDTO::getMateriaNombre@87-87@backend\Intranet\src\main\java\com\escuelaposgrado\Intranet\dto\AsistenciaDTO.java","backend\Intranet\src\main\java\com\escuelaposgrado\Intranet\dto\AsistenciaDTO.java","AsistenciaDTO::getMateriaNombre","AsistenciaDTO::getMateriaNombre()",87,87
1,1,13,1,1,"AsistenciaDTO::setMateriaNombre@88-88@backend\Intranet\src\main\java\com\escuelaposgrado\Intranet\dto\AsistenciaDTO.java","backend\Intranet\src\main\java\com\escuelaposgrado\Intranet\dto\AsistenciaDTO.java","AsistenciaDTO::setMateriaNombre","AsistenciaDTO::setMateriaNombre( String materiaNombre)",88,88
1,1,8,0,1,"AsistenciaDTO::getRegistradoPor@90-90@backend\Intranet\src\main\java\com\escuelaposgrado\Intranet\dto\AsistenciaDTO.java","backend\Intranet\src\main\java\com\escuelaposgrado\Intranet\dto\AsistenciaDTO.java","AsistenciaDTO::getRegistradoPor","AsistenciaDTO::getRegistradoPor()",90,90
1,1,13,1,1,"AsistenciaDTO::setRegistradoPor@91-91@backend\Intranet\src\main\java\com\escuelaposgrado\Intranet\dto\AsistenciaDTO.java","backend\Intranet\src\main\java\com\escuelaposgrado\Intranet\dto\AsistenciaDTO.java","AsistenciaDTO::setRegistradoPor","AsistenciaDTO::setRegistradoPor( String registradoPor)",91,91
1,1,5,0,1,"CalificacionDTO::CalificacionDTO@62-62@backend\Intranet\src\main\java\com\escuelaposgrado\Intranet\dto\CalificacionDTO.java","backend\Intranet\src\main\java\com\escuelaposgrado\Intranet\dto\CalificacionDTO.java","CalificacionDTO::CalificacionDTO","CalificacionDTO::CalificacionDTO()",62,62
10,1,67,7,10,"CalificacionDTO::CalificacionDTO@64-73@backend\Intranet\src\main\java\com\escuelaposgrado\Intranet\dto\CalificacionDTO.java","backend\Intranet\src\main\java\com\escuelaposgrado\Intranet\dto\CalificacionDTO.java","CalificacionDTO::CalificacionDTO","CalificacionDTO::CalificacionDTO( Long estudianteId , Long materiaId , String tipoEvaluacion , String descripcion , BigDecimal nota , BigDecimal peso , LocalDate fechaEvaluacion)",64,73
1,1,8,0,1,"CalificacionDTO::getId@76-76@backend\Intranet\src\main\java\com\escuelaposgrado\Intranet\dto\CalificacionDTO.java","backend\Intranet\src\main\java\com\escuelaposgrado\Intranet\dto\CalificacionDTO.java","CalificacionDTO::getId","CalificacionDTO::getId()",76,76
1,1,13,1,1,"CalificacionDTO::setId@77-77@backend\Intranet\src\main\java\com\escuelaposgrado\Intranet\dto\CalificacionDTO.java","backend\Intranet\src\main\java\com\escuelaposgrado\Intranet\dto\CalificacionDTO.java","CalificacionDTO::setId","CalificacionDTO::setId( Long id)",77,77
1,1,8,0,1,"CalificacionDTO::getEstudianteId@79-79@backend\Intranet\src\main\java\com\escuelaposgrado\Intranet\dto\CalificacionDTO.java","backend\Intranet\src\main\java\com\escuelaposgrado\Intranet\dto\CalificacionDTO.java","CalificacionDTO::getEstudianteId","CalificacionDTO::getEstudianteId()",79,79
1,1,13,1,1,"CalificacionDTO::setEstudianteId@80-80@backend\Intranet\src\main\java\com\escuelaposgrado\Intranet\dto\CalificacionDTO.java","backend\Intranet\src\main\java\com\escuelaposgrado\Intranet\dto\CalificacionDTO.java","CalificacionDTO::setEstudianteId","CalificacionDTO::setEstudianteId( Long estudianteId)",80,80
1,1,8,0,1,"CalificacionDTO::getMateriaId@82-82@backend\Intranet\src\main\java\com\escuelaposgrado\Intranet\dto\CalificacionDTO.java","backend\Intranet\src\main\java\com\escuelaposgrado\Intranet\dto\CalificacionDTO.java","CalificacionDTO::getMateriaId","CalificacionDTO::getMateriaId()",82,82
1,1,13,1,1,"CalificacionDTO::setMateriaId@83-83@backend\Intranet\src\main\java\com\escuelaposgrado\Intranet\dto\CalificacionDTO.java","backend\Intranet\src\main\java\com\escuelaposgrado\Intranet\dto\CalificacionDTO.java","CalificacionDTO::setMateriaId","CalificacionDTO::setMateriaId( Long materiaId)",83,83
1,1,8,0,1,"CalificacionDTO::getTipoEvaluacion@85-85@backend\Intranet\src\main\java\com\escuelaposgrado\Intranet\dto\CalificacionDTO.java","backend\Intranet\src\main\java\com\escuelaposgrado\Intranet\dto\CalificacionDTO.java","CalificacionDTO::getTipoEvaluacion","CalificacionDTO::getTipoEvaluacion()",85,85
1,1,13,1,1,"CalificacionDTO::setTipoEvaluacion@86-86@backend\Intranet\src\main\java\com\escuelaposgrado\Intranet\dto\CalificacionDTO.java","backend\Intranet\src\main\java\com\escuelaposgrado\Intranet\dto\CalificacionDTO.java","CalificacionDTO::setTipoEvaluacion","CalificacionDTO::setTipoEvaluacion( String tipoEvaluacion)",86,86
1,1,8,0,1,"CalificacionDTO::getDescripcion@88-88@backend\Intranet\src\main\java\com\escuelaposgrado\Intranet\dto\CalificacionDTO.java","backend\Intranet\src\main\java\com\escuelaposgrado\Intranet\dto\CalificacionDTO.java","CalificacionDTO::getDescripcion","CalificacionDTO::getDescripcion()",88,88
1,1,13,1,1,"CalificacionDTO::setDescripcion@89-89@backend\Intranet\src\main\java\com\escuelaposgrado\Intranet\dto\CalificacionDTO.java","backend\Intranet\src\main\java\com\escuelaposgrado\Intranet\dto\CalificacionDTO.java","CalificacionDTO::setDescripcion","CalificacionDTO::setDescripcion( String descripcion)",89,89
1,1,8,0,1,"CalificacionDTO::getNota@91-91@backend\Intranet\src\main\java\com\escuelaposgrado\Intranet\dto\CalificacionDTO.java","backend\Intranet\src\main\java\com\escuelaposgrado\Intranet\dto\CalificacionDTO.java","CalificacionDTO::getNota","CalificacionDTO::getNota()",91,91
1,1,13,1,1,"CalificacionDTO::setNota@92-92@backend\Intranet\src\main\java\com\escuelaposgrado\Intranet\dto\CalificacionDTO.java","backend\Intranet\src\main\java\com\escuelaposgrado\Intranet\dto\CalificacionDTO.java","CalificacionDTO::setNota","CalificacionDTO::setNota( BigDecimal nota)",92,92
1,1,8,0,1,"CalificacionDTO::getPeso@94-94@backend\Intranet\src\main\java\com\escuelaposgrado\Intranet\dto\CalificacionDTO.java","backend\Intranet\src\main\java\com\escuelaposgrado\Intranet\dto\CalificacionDTO.java","CalificacionDTO::getPeso","CalificacionDTO::getPeso()",94,94
1,1,13,1,1,"CalificacionDTO::setPeso@95-95@backend\Intranet\src\main\java\com\escuelaposgrado\Intranet\dto\CalificacionDTO.java","backend\Intranet\src\main\java\com\escuelaposgrado\Intranet\dto\CalificacionDTO.java","CalificacionDTO::setPeso","CalificacionDTO::setPeso( BigDecimal peso)",95,95
1,1,8,0,1,"CalificacionDTO::getFechaEvaluacion@97-97@backend\Intranet\src\main\java\com\escuelaposgrado\Intranet\dto\CalificacionDTO.java","backend\Intranet\src\main\java\com\escuelaposgrado\Intranet\dto\CalificacionDTO.java","CalificacionDTO::getFechaEvaluacion","CalificacionDTO::getFechaEvaluacion()",97,97
1,1,13,1,1,"CalificacionDTO::setFechaEvaluacion@98-98@backend\Intranet\src\main\java\com\escuelaposgrado\Intranet\dto\CalificacionDTO.java","backend\Intranet\src\main\java\com\escuelaposgrado\Intranet\dto\CalificacionDTO.java","CalificacionDTO::setFechaEvaluacion","CalificacionDTO::setFechaEvaluacion( LocalDate fechaEvaluacion)",98,98
1,1,8,0,1,"CalificacionDTO::getObservaciones@100-100@backend\Intranet\src\main\java\com\escuelaposgrado\Intranet\dto\CalificacionDTO.java","backend\Intranet\src\main\java\com\escuelaposgrado\Intranet\dto\CalificacionDTO.java","CalificacionDTO::getObservaciones","CalificacionDTO::getObservaciones()",100,100
1,1,13,1,1,"CalificacionDTO::setObservaciones@101-101@backend\Intranet\src\main\java\com\escuelaposgrado\Intranet\dto\CalificacionDTO.java","backend\Intranet\src\main\java\com\escuelaposgrado\Intranet\dto\CalificacionDTO.java","CalificacionDTO::setObservaciones","CalificacionDTO::setObservaciones( String observaciones)",101,101
1,1,8,0,1,"CalificacionDTO::getPublicada@103-103@backend\Intranet\src\main\java\com\escuelaposgrado\Intranet\dto\CalificacionDTO.java","backend\Intranet\src\main\java\com\escuelaposgrado\Intranet\dto\CalificacionDTO.java","CalificacionDTO::getPublicada","CalificacionDTO::getPublicada()",103,103
1,1,13,1,1,"CalificacionDTO::setPublicada@104-104@backend\Intranet\src\main\java\com\escuelaposgrado\Intranet\dto\CalificacionDTO.java","backend\Intranet\src\main\java\com\escuelaposgrado\Intranet\dto\CalificacionDTO.java","CalificacionDTO::setPublicada","CalificacionDTO::setPublicada( Boolean publicada)",104,104
1,1,8,0,1,"CalificacionDTO::getRecuperable@106-106@backend\Intranet\src\main\java\com\escuelaposgrado\Intranet\dto\CalificacionDTO.java","backend\Intranet\src\main\java\com\escuelaposgrado\Intranet\dto\CalificacionDTO.java","CalificacionDTO::getRecuperable","CalificacionDTO::getRecuperable()",106,106
1,1,13,1,1,"CalificacionDTO::setRecuperable@107-107@backend\Intranet\src\main\java\com\escuelaposgrado\Intranet\dto\CalificacionDTO.java","backend\Intranet\src\main\java\com\escuelaposgrado\Intranet\dto\CalificacionDTO.java","CalificacionDTO::setRecuperable","CalificacionDTO::setRecuperable( Boolean recuperable)",107,107
1,1,8,0,1,"CalificacionDTO::getNotaAnterior@109-109@backend\Intranet\src\main\java\com\escuelaposgrado\Intranet\dto\CalificacionDTO.java","backend\Intranet\src\main\java\com\escuelaposgrado\Intranet\dto\CalificacionDTO.java","CalificacionDTO::getNotaAnterior","CalificacionDTO::getNotaAnterior()",109,109
1,1,13,1,1,"CalificacionDTO::setNotaAnterior@110-110@backend\Intranet\src\main\java\com\escuelaposgrado\Intranet\dto\CalificacionDTO.java","backend\Intranet\src\main\java\com\escuelaposgrado\Intranet\dto\CalificacionDTO.java","CalificacionDTO::setNotaAnterior","CalificacionDTO::setNotaAnterior( BigDecimal notaAnterior)",110,110
1,1,8,0,1,"CalificacionDTO::getMotivoCorreccion@112-112@backend\Intranet\src\main\java\com\escuelaposgrado\Intranet\dto\CalificacionDTO.java","backend\Intranet\src\main\java\com\escuelaposgrado\Intranet\dto\CalificacionDTO.java","CalificacionDTO::getMotivoCorreccion","CalificacionDTO::getMotivoCorreccion()",112,112
1,1,13,1,1,"CalificacionDTO::setMotivoCorreccion@113-113@backend\Intranet\src\main\java\com\escuelaposgrado\Intranet\dto\CalificacionDTO.java","backend\Intranet\src\main\java\com\escuelaposgrado\Intranet\dto\CalificacionDTO.java","CalificacionDTO::setMotivoCorreccion","CalificacionDTO::setMotivoCorreccion( String motivoCorreccion)",113,113
1,1,8,0,1,"CalificacionDTO::getEstudianteNombre@115-115@backend\Intranet\src\main\java\com\escuelaposgrado\Intranet\dto\CalificacionDTO.java","backend\Intranet\src\main\java\com\escuelaposgrado\Intranet\dto\CalificacionDTO.java","CalificacionDTO::getEstudianteNombre","CalificacionDTO::getEstudianteNombre()",115,115
1,1,13,1,1,"CalificacionDTO::setEstudianteNombre@116-116@backend\Intranet\src\main\java\com\escuelaposgrado\Intranet\dto\CalificacionDTO.java","backend\Intranet\src\main\java\com\escuelaposgrado\Intranet\dto\CalificacionDTO.java","CalificacionDTO::setEstudianteNombre","CalificacionDTO::setEstudianteNombre( String estudianteNombre)",116,116
1,1,8,0,1,"CalificacionDTO::getEstudianteCodigo@118-118@backend\Intranet\src\main\java\com\escuelaposgrado\Intranet\dto\CalificacionDTO.java","backend\Intranet\src\main\java\com\escuelaposgrado\Intranet\dto\CalificacionDTO.java","CalificacionDTO::getEstudianteCodigo","CalificacionDTO::getEstudianteCodigo()",118,118
1,1,13,1,1,"CalificacionDTO::setEstudianteCodigo@119-119@backend\Intranet\src\main\java\com\escuelaposgrado\Intranet\dto\CalificacionDTO.java","backend\Intranet\src\main\java\com\escuelaposgrado\Intranet\dto\CalificacionDTO.java","CalificacionDTO::setEstudianteCodigo","CalificacionDTO::setEstudianteCodigo( String estudianteCodigo)",119,119
1,1,8,0,1,"CalificacionDTO::getMateriaNombre@121-121@backend\Intranet\src\main\java\com\escuelaposgrado\Intranet\dto\CalificacionDTO.java","backend\Intranet\src\main\java\com\escuelaposgrado\Intranet\dto\CalificacionDTO.java","CalificacionDTO::getMateriaNombre","CalificacionDTO::getMateriaNombre()",121,121
1,1,13,1,1,"CalificacionDTO::setMateriaNombre@122-122@backend\Intranet\src\main\java\com\escuelaposgrado\Intranet\dto\CalificacionDTO.java","backend\Intranet\src\main\java\com\escuelaposgrado\Intranet\dto\CalificacionDTO.java","CalificacionDTO::setMateriaNombre","CalificacionDTO::setMateriaNombre( String materiaNombre)",122,122
1,1,8,0,1,"CalificacionDTO::getMateriaCodigo@124-124@backend\Intranet\src\main\java\com\escuelaposgrado\Intranet\dto\CalificacionDTO.java","backend\Intranet\src\main\java\com\escuelaposgrado\Intranet\dto\CalificacionDTO.java","CalificacionDTO::getMateriaCodigo","CalificacionDTO::getMateriaCodigo()",124,124
1,1,13,1,1,"CalificacionDTO::setMateriaCodigo@125-125@backend\Intranet\src\main\java\com\escuelaposgrado\Intranet\dto\CalificacionDTO.java","backend\Intranet\src\main\java\com\escuelaposgrado\Intranet\dto\CalificacionDTO.java","CalificacionDTO::setMateriaCodigo","CalificacionDTO::setMateriaCodigo( String materiaCodigo)",125,125
1,1,8,0,1,"CalificacionDTO::getRegistradoPor@127-127@backend\Intranet\src\main\java\com\escuelaposgrado\Intranet\dto\CalificacionDTO.java","backend\Intranet\src\main\java\com\escuelaposgrado\Intranet\dto\CalificacionDTO.java","CalificacionDTO::getRegistradoPor","CalificacionDTO::getRegistradoPor()",127,127
1,1,13,1,1,"CalificacionDTO::setRegistradoPor@128-128@backend\Intranet\src\main\java\com\escuelaposgrado\Intranet\dto\CalificacionDTO.java","backend\Intranet\src\main\java\com\escuelaposgrado\Intranet\dto\CalificacionDTO.java","CalificacionDTO::setRegistradoPor","CalificacionDTO::setRegistradoPor( String registradoPor)",128,128
1,1,8,0,1,"CalificacionDTO::getCorregidoPor@130-130@backend\Intranet\src\main\java\com\escuelaposgrado\Intranet\dto\CalificacionDTO.java","backend\Intranet\src\main\java\com\escuelaposgrado\Intranet\dto\CalificacionDTO.java","CalificacionDTO::getCorregidoPor","CalificacionDTO::getCorregidoPor()",130,130
1,1,13,1,1,"CalificacionDTO::setCorregidoPor@131-131@backend\Intranet\src\main\java\com\escuelaposgrado\Intranet\dto\CalificacionDTO.java","backend\Intranet\src\main\java\com\escuelaposgrado\Intranet\dto\CalificacionDTO.java","CalificacionDTO::setCorregidoPor","CalificacionDTO::setCorregidoPor( String corregidoPor)",131,131
1,1,8,0,1,"CalificacionDTO::getEstadoTexto@133-133@backend\Intranet\src\main\java\com\escuelaposgrado\Intranet\dto\CalificacionDTO.java","backend\Intranet\src\main\java\com\escuelaposgrado\Intranet\dto\CalificacionDTO.java","CalificacionDTO::getEstadoTexto","CalificacionDTO::getEstadoTexto()",133,133
1,1,13,1,1,"CalificacionDTO::setEstadoTexto@134-134@backend\Intranet\src\main\java\com\escuelaposgrado\Intranet\dto\CalificacionDTO.java","backend\Intranet\src\main\java\com\escuelaposgrado\Intranet\dto\CalificacionDTO.java","CalificacionDTO::setEstadoTexto","CalificacionDTO::setEstadoTexto( String estadoTexto)",134,134
1,1,8,0,1,"CalificacionDTO::getCiclo@136-136@backend\Intranet\src\main\java\com\escuelaposgrado\Intranet\dto\CalificacionDTO.java","backend\Intranet\src\main\java\com\escuelaposgrado\Intranet\dto\CalificacionDTO.java","CalificacionDTO::getCiclo","CalificacionDTO::getCiclo()",136,136
1,1,13,1,1,"CalificacionDTO::setCiclo@137-137@backend\Intranet\src\main\java\com\escuelaposgrado\Intranet\dto\CalificacionDTO.java","backend\Intranet\src\main\java\com\escuelaposgrado\Intranet\dto\CalificacionDTO.java","CalificacionDTO::setCiclo","CalificacionDTO::setCiclo( String ciclo)",137,137
1,1,8,0,1,"CalificacionDTO::getAnio@139-139@backend\Intranet\src\main\java\com\escuelaposgrado\Intranet\dto\CalificacionDTO.java","backend\Intranet\src\main\java\com\escuelaposgrado\Intranet\dto\CalificacionDTO.java","CalificacionDTO::getAnio","CalificacionDTO::getAnio()",139,139
1,1,13,1,1,"CalificacionDTO::setAnio@140-140@backend\Intranet\src\main\java\com\escuelaposgrado\Intranet\dto\CalificacionDTO.java","backend\Intranet\src\main\java\com\escuelaposgrado\Intranet\dto\CalificacionDTO.java","CalificacionDTO::setAnio","CalificacionDTO::setAnio( Integer anio)",140,140
1,1,5,0,1,"EncuestaDTO::EncuestaDTO@55-55@backend\Intranet\src\main\java\com\escuelaposgrado\Intranet\dto\EncuestaDTO.java","backend\Intranet\src\main\java\com\escuelaposgrado\Intranet\dto\EncuestaDTO.java","EncuestaDTO::EncuestaDTO","EncuestaDTO::EncuestaDTO()",55,55
8,1,49,5,8,"EncuestaDTO::EncuestaDTO@57-64@backend\Intranet\src\main\java\com\escuelaposgrado\Intranet\dto\EncuestaDTO.java","backend\Intranet\src\main\java\com\escuelaposgrado\Intranet\dto\EncuestaDTO.java","EncuestaDTO::EncuestaDTO","EncuestaDTO::EncuestaDTO( String titulo , String descripcion , String tipo , LocalDate fechaInicio , LocalDate fechaFin)",57,64
1,1,8,0,1,"EncuestaDTO::getId@67-67@backend\Intranet\src\main\java\com\escuelaposgrado\Intranet\dto\EncuestaDTO.java","backend\Intranet\src\main\java\com\escuelaposgrado\Intranet\dto\EncuestaDTO.java","EncuestaDTO::getId","EncuestaDTO::getId()",67,67
1,1,13,1,1,"EncuestaDTO::setId@68-68@backend\Intranet\src\main\java\com\escuelaposgrado\Intranet\dto\EncuestaDTO.java","backend\Intranet\src\main\java\com\escuelaposgrado\Intranet\dto\EncuestaDTO.java","EncuestaDTO::setId","EncuestaDTO::setId( Long id)",68,68
1,1,8,0,1,"EncuestaDTO::getTitulo@70-70@backend\Intranet\src\main\java\com\escuelaposgrado\Intranet\dto\EncuestaDTO.java","backend\Intranet\src\main\java\com\escuelaposgrado\Intranet\dto\EncuestaDTO.java","EncuestaDTO::getTitulo","EncuestaDTO::getTitulo()",70,70
1,1,13,1,1,"EncuestaDTO::setTitulo@71-71@backend\Intranet\src\main\java\com\escuelaposgrado\Intranet\dto\EncuestaDTO.java","backend\Intranet\src\main\java\com\escuelaposgrado\Intranet\dto\EncuestaDTO.java","EncuestaDTO::setTitulo","EncuestaDTO::setTitulo( String titulo)",71,71
1,1,8,0,1,"EncuestaDTO::getDescripcion@73-73@backend\Intranet\src\main\java\com\escuelaposgrado\Intranet\dto\EncuestaDTO.java","backend\Intranet\src\main\java\com\escuelaposgrado\Intranet\dto\EncuestaDTO.java","EncuestaDTO::getDescripcion","EncuestaDTO::getDescripcion()",73,73
1,1,13,1,1,"EncuestaDTO::setDescripcion@74-74@backend\Intranet\src\main\java\com\escuelaposgrado\Intranet\dto\EncuestaDTO.java","backend\Intranet\src\main\java\com\escuelaposgrado\Intranet\dto\EncuestaDTO.java","EncuestaDTO::setDescripcion","EncuestaDTO::setDescripcion( String descripcion)",74,74
1,1,8,0,1,"EncuestaDTO::getTipo@76-76@backend\Intranet\src\main\java\com\escuelaposgrado\Intranet\dto\EncuestaDTO.java","backend\Intranet\src\main\java\com\escuelaposgrado\Intranet\dto\EncuestaDTO.java","EncuestaDTO::getTipo","EncuestaDTO::getTipo()",76,76
1,1,13,1,1,"EncuestaDTO::setTipo@77-77@backend\Intranet\src\main\java\com\escuelaposgrado\Intranet\dto\EncuestaDTO.java","backend\Intranet\src\main\java\com\escuelaposgrado\Intranet\dto\EncuestaDTO.java","EncuestaDTO::setTipo","EncuestaDTO::setTipo( String tipo)",77,77
1,1,8,0,1,"EncuestaDTO::getFechaInicio@79-79@backend\Intranet\src\main\java\com\escuelaposgrado\Intranet\dto\EncuestaDTO.java","backend\Intranet\src\main\java\com\escuelaposgrado\Intranet\dto\EncuestaDTO.java","EncuestaDTO::getFechaInicio","EncuestaDTO::getFechaInicio()",79,79
1,1,13,1,1,"EncuestaDTO::setFechaInicio@80-80@backend\Intranet\src\main\java\com\escuelaposgrado\Intranet\dto\EncuestaDTO.java","backend\Intranet\src\main\java\com\escuelaposgrado\Intranet\dto\EncuestaDTO.java","EncuestaDTO::setFechaInicio","EncuestaDTO::setFechaInicio( LocalDate fechaInicio)",80,80
1,1,8,0,1,"EncuestaDTO::getFechaFin@82-82@backend\Intranet\src\main\java\com\escuelaposgrado\Intranet\dto\EncuestaDTO.java","backend\Intranet\src\main\java\com\escuelaposgrado\Intranet\dto\EncuestaDTO.java","EncuestaDTO::getFechaFin","EncuestaDTO::getFechaFin()",82,82
1,1,13,1,1,"EncuestaDTO::setFechaFin@83-83@backend\Intranet\src\main\java\com\escuelaposgrado\Intranet\dto\EncuestaDTO.java","backend\Intranet\src\main\java\com\escuelaposgrado\Intranet\dto\EncuestaDTO.java","EncuestaDTO::setFechaFin","EncuestaDTO::setFechaFin( LocalDate fechaFin)",83,83
1,1,8,0,1,"EncuestaDTO::getActiva@85-85@backend\Intranet\src\main\java\com\escuelaposgrado\Intranet\dto\EncuestaDTO.java","backend\Intranet\src\main\java\com\escuelaposgrado\Intranet\dto\EncuestaDTO.java","EncuestaDTO::getActiva","EncuestaDTO::getActiva()",85,85
1,1,13,1,1,"EncuestaDTO::setActiva@86-86@backend\Intranet\src\main\java\com\escuelaposgrado\Intranet\dto\EncuestaDTO.java","backend\Intranet\src\main\java\com\escuelaposgrado\Intranet\dto\EncuestaDTO.java","EncuestaDTO::setActiva","EncuestaDTO::setActiva( Boolean activa)",86,86
1,1,8,0,1,"EncuestaDTO::getAnonima@88-88@backend\Intranet\src\main\java\com\escuelaposgrado\Intranet\dto\EncuestaDTO.java","backend\Intranet\src\main\java\com\escuelaposgrado\Intranet\dto\EncuestaDTO.java","EncuestaDTO::getAnonima","EncuestaDTO::getAnonima()",88,88
1,1,13,1,1,"EncuestaDTO::setAnonima@89-89@backend\Intranet\src\main\java\com\escuelaposgrado\Intranet\dto\EncuestaDTO.java","backend\Intranet\src\main\java\com\escuelaposgrado\Intranet\dto\EncuestaDTO.java","EncuestaDTO::setAnonima","EncuestaDTO::setAnonima( Boolean anonima)",89,89
1,1,8,0,1,"EncuestaDTO::getObligatoria@91-91@backend\Intranet\src\main\java\com\escuelaposgrado\Intranet\dto\EncuestaDTO.java","backend\Intranet\src\main\java\com\escuelaposgrado\Intranet\dto\EncuestaDTO.java","EncuestaDTO::getObligatoria","EncuestaDTO::getObligatoria()",91,91
1,1,13,1,1,"EncuestaDTO::setObligatoria@92-92@backend\Intranet\src\main\java\com\escuelaposgrado\Intranet\dto\EncuestaDTO.java","backend\Intranet\src\main\java\com\escuelaposgrado\Intranet\dto\EncuestaDTO.java","EncuestaDTO::setObligatoria","EncuestaDTO::setObligatoria( Boolean obligatoria)",92,92
1,1,8,0,1,"EncuestaDTO::getMateriaId@94-94@backend\Intranet\src\main\java\com\escuelaposgrado\Intranet\dto\EncuestaDTO.java","backend\Intranet\src\main\java\com\escuelaposgrado\Intranet\dto\EncuestaDTO.java","EncuestaDTO::getMateriaId","EncuestaDTO::getMateriaId()",94,94
1,1,13,1,1,"EncuestaDTO::setMateriaId@95-95@backend\Intranet\src\main\java\com\escuelaposgrado\Intranet\dto\EncuestaDTO.java","backend\Intranet\src\main\java\com\escuelaposgrado\Intranet\dto\EncuestaDTO.java","EncuestaDTO::setMateriaId","EncuestaDTO::setMateriaId( Long materiaId)",95,95
1,1,8,0,1,"EncuestaDTO::getRolObjetivo@97-97@backend\Intranet\src\main\java\com\escuelaposgrado\Intranet\dto\EncuestaDTO.java","backend\Intranet\src\main\java\com\escuelaposgrado\Intranet\dto\EncuestaDTO.java","EncuestaDTO::getRolObjetivo","EncuestaDTO::getRolObjetivo()",97,97
1,1,13,1,1,"EncuestaDTO::setRolObjetivo@98-98@backend\Intranet\src\main\java\com\escuelaposgrado\Intranet\dto\EncuestaDTO.java","backend\Intranet\src\main\java\com\escuelaposgrado\Intranet\dto\EncuestaDTO.java","EncuestaDTO::setRolObjetivo","EncuestaDTO::setRolObjetivo( String rolObjetivo)",98,98
1,1,8,0,1,"EncuestaDTO::getInstrucciones@100-100@backend\Intranet\src\main\java\com\escuelaposgrado\Intranet\dto\EncuestaDTO.java","backend\Intranet\src\main\java\com\escuelaposgrado\Intranet\dto\EncuestaDTO.java","EncuestaDTO::getInstrucciones","EncuestaDTO::getInstrucciones()",100,100
1,1,13,1,1,"EncuestaDTO::setInstrucciones@101-101@backend\Intranet\src\main\java\com\escuelaposgrado\Intranet\dto\EncuestaDTO.java","backend\Intranet\src\main\java\com\escuelaposgrado\Intranet\dto\EncuestaDTO.java","EncuestaDTO::setInstrucciones","EncuestaDTO::setInstrucciones( String instrucciones)",101,101
1,1,8,0,1,"EncuestaDTO::getPreguntas@103-103@backend\Intranet\src\main\java\com\escuelaposgrado\Intranet\dto\EncuestaDTO.java","backend\Intranet\src\main\java\com\escuelaposgrado\Intranet\dto\EncuestaDTO.java","EncuestaDTO::getPreguntas","EncuestaDTO::getPreguntas()",103,103
1,1,16,1,1,"EncuestaDTO::setPreguntas@104-104@backend\Intranet\src\main\java\com\escuelaposgrado\Intranet\dto\EncuestaDTO.java","backend\Intranet\src\main\java\com\escuelaposgrado\Intranet\dto\EncuestaDTO.java","EncuestaDTO::setPreguntas","EncuestaDTO::setPreguntas( List<PreguntaEncuestaDTO> preguntas)",104,104
1,1,8,0,1,"EncuestaDTO::getMateriaNombre@106-106@backend\Intranet\src\main\java\com\escuelaposgrado\Intranet\dto\EncuestaDTO.java","backend\Intranet\src\main\java\com\escuelaposgrado\Intranet\dto\EncuestaDTO.java","EncuestaDTO::getMateriaNombre","EncuestaDTO::getMateriaNombre()",106,106
1,1,13,1,1,"EncuestaDTO::setMateriaNombre@107-107@backend\Intranet\src\main\java\com\escuelaposgrado\Intranet\dto\EncuestaDTO.java","backend\Intranet\src\main\java\com\escuelaposgrado\Intranet\dto\EncuestaDTO.java","EncuestaDTO::setMateriaNombre","EncuestaDTO::setMateriaNombre( String materiaNombre)",107,107
1,1,8,0,1,"EncuestaDTO::getCreadoPor@109-109@backend\Intranet\src\main\java\com\escuelaposgrado\Intranet\dto\EncuestaDTO.java","backend\Intranet\src\main\java\com\escuelaposgrado\Intranet\dto\EncuestaDTO.java","EncuestaDTO::getCreadoPor","EncuestaDTO::getCreadoPor()",109,109
1,1,13,1,1,"EncuestaDTO::setCreadoPor@110-110@backend\Intranet\src\main\java\com\escuelaposgrado\Intranet\dto\EncuestaDTO.java","backend\Intranet\src\main\java\com\escuelaposgrado\Intranet\dto\EncuestaDTO.java","EncuestaDTO::setCreadoPor","EncuestaDTO::setCreadoPor( String creadoPor)",110,110
1,1,8,0,1,"EncuestaDTO::getEstaActiva@112-112@backend\Intranet\src\main\java\com\escuelaposgrado\Intranet\dto\EncuestaDTO.java","backend\Intranet\src\main\java\com\escuelaposgrado\Intranet\dto\EncuestaDTO.java","EncuestaDTO::getEstaActiva","EncuestaDTO::getEstaActiva()",112,112
1,1,13,1,1,"EncuestaDTO::setEstaActiva@113-113@backend\Intranet\src\main\java\com\escuelaposgrado\Intranet\dto\EncuestaDTO.java","backend\Intranet\src\main\java\com\escuelaposgrado\Intranet\dto\EncuestaDTO.java","EncuestaDTO::setEstaActiva","EncuestaDTO::setEstaActiva( Boolean estaActiva)",113,113
1,1,8,0,1,"EncuestaDTO::getHaTerminado@115-115@backend\Intranet\src\main\java\com\escuelaposgrado\Intranet\dto\EncuestaDTO.java","backend\Intranet\src\main\java\com\escuelaposgrado\Intranet\dto\EncuestaDTO.java","EncuestaDTO::getHaTerminado","EncuestaDTO::getHaTerminado()",115,115
1,1,13,1,1,"EncuestaDTO::setHaTerminado@116-116@backend\Intranet\src\main\java\com\escuelaposgrado\Intranet\dto\EncuestaDTO.java","backend\Intranet\src\main\java\com\escuelaposgrado\Intranet\dto\EncuestaDTO.java","EncuestaDTO::setHaTerminado","EncuestaDTO::setHaTerminado( Boolean haTerminado)",116,116
1,1,8,0,1,"EncuestaDTO::getDiasRestantes@118-118@backend\Intranet\src\main\java\com\escuelaposgrado\Intranet\dto\EncuestaDTO.java","backend\Intranet\src\main\java\com\escuelaposgrado\Intranet\dto\EncuestaDTO.java","EncuestaDTO::getDiasRestantes","EncuestaDTO::getDiasRestantes()",118,118
1,1,13,1,1,"EncuestaDTO::setDiasRestantes@119-119@backend\Intranet\src\main\java\com\escuelaposgrado\Intranet\dto\EncuestaDTO.java","backend\Intranet\src\main\java\com\escuelaposgrado\Intranet\dto\EncuestaDTO.java","EncuestaDTO::setDiasRestantes","EncuestaDTO::setDiasRestantes( Integer diasRestantes)",119,119
1,1,8,0,1,"EncuestaDTO::getTotalRespuestas@121-121@backend\Intranet\src\main\java\com\escuelaposgrado\Intranet\dto\EncuestaDTO.java","backend\Intranet\src\main\java\com\escuelaposgrado\Intranet\dto\EncuestaDTO.java","EncuestaDTO::getTotalRespuestas","EncuestaDTO::getTotalRespuestas()",121,121
1,1,13,1,1,"EncuestaDTO::setTotalRespuestas@122-122@backend\Intranet\src\main\java\com\escuelaposgrado\Intranet\dto\EncuestaDTO.java","backend\Intranet\src\main\java\com\escuelaposgrado\Intranet\dto\EncuestaDTO.java","EncuestaDTO::setTotalRespuestas","EncuestaDTO::setTotalRespuestas( Integer totalRespuestas)",122,122
3,1,13,1,3,"MensajeResponse::MensajeResponse@9-11@backend\Intranet\src\main\java\com\escuelaposgrado\Intranet\dto\MensajeResponse.java","backend\Intranet\src\main\java\com\escuelaposgrado\Intranet\dto\MensajeResponse.java","MensajeResponse::MensajeResponse","MensajeResponse::MensajeResponse( String mensaje)",9,11
3,1,8,0,3,"MensajeResponse::getMensaje@13-15@backend\Intranet\src\main\java\com\escuelaposgrado\Intranet\dto\MensajeResponse.java","backend\Intranet\src\main\java\com\escuelaposgrado\Intranet\dto\MensajeResponse.java","MensajeResponse::getMensaje","MensajeResponse::getMensaje()",13,15
3,1,13,1,3,"MensajeResponse::setMensaje@17-19@backend\Intranet\src\main\java\com\escuelaposgrado\Intranet\dto\MensajeResponse.java","backend\Intranet\src\main\java\com\escuelaposgrado\Intranet\dto\MensajeResponse.java","MensajeResponse::setMensaje","MensajeResponse::setMensaje( String mensaje)",17,19
1,1,5,0,1,"PreguntaEncuestaDTO::PreguntaEncuestaDTO@38-38@backend\Intranet\src\main\java\com\escuelaposgrado\Intranet\dto\PreguntaEncuestaDTO.java","backend\Intranet\src\main\java\com\escuelaposgrado\Intranet\dto\PreguntaEncuestaDTO.java","PreguntaEncuestaDTO::PreguntaEncuestaDTO","PreguntaEncuestaDTO::PreguntaEncuestaDTO()",38,38
6,1,40,4,6,"PreguntaEncuestaDTO::PreguntaEncuestaDTO@40-45@backend\Intranet\src\main\java\com\escuelaposgrado\Intranet\dto\PreguntaEncuestaDTO.java","backend\Intranet\src\main\java\com\escuelaposgrado\Intranet\dto\PreguntaEncuestaDTO.java","PreguntaEncuestaDTO::PreguntaEncuestaDTO","PreguntaEncuestaDTO::PreguntaEncuestaDTO( String texto , String tipo , Integer orden , Long encuestaId)",40,45
1,1,8,0,1,"PreguntaEncuestaDTO::getId@48-48@backend\Intranet\src\main\java\com\escuelaposgrado\Intranet\dto\PreguntaEncuestaDTO.java","backend\Intranet\src\main\java\com\escuelaposgrado\Intranet\dto\PreguntaEncuestaDTO.java","PreguntaEncuestaDTO::getId","PreguntaEncuestaDTO::getId()",48,48
1,1,13,1,1,"PreguntaEncuestaDTO::setId@49-49@backend\Intranet\src\main\java\com\escuelaposgrado\Intranet\dto\PreguntaEncuestaDTO.java","backend\Intranet\src\main\java\com\escuelaposgrado\Intranet\dto\PreguntaEncuestaDTO.java","PreguntaEncuestaDTO::setId","PreguntaEncuestaDTO::setId( Long id)",49,49
1,1,8,0,1,"PreguntaEncuestaDTO::getTexto@51-51@backend\Intranet\src\main\java\com\escuelaposgrado\Intranet\dto\PreguntaEncuestaDTO.java","backend\Intranet\src\main\java\com\escuelaposgrado\Intranet\dto\PreguntaEncuestaDTO.java","PreguntaEncuestaDTO::getTexto","PreguntaEncuestaDTO::getTexto()",51,51
1,1,13,1,1,"PreguntaEncuestaDTO::setTexto@52-52@backend\Intranet\src\main\java\com\escuelaposgrado\Intranet\dto\PreguntaEncuestaDTO.java","backend\Intranet\src\main\java\com\escuelaposgrado\Intranet\dto\PreguntaEncuestaDTO.java","PreguntaEncuestaDTO::setTexto","PreguntaEncuestaDTO::setTexto( String texto)",52,52
1,1,8,0,1,"PreguntaEncuestaDTO::getTipo@54-54@backend\Intranet\src\main\java\com\escuelaposgrado\Intranet\dto\PreguntaEncuestaDTO.java","backend\Intranet\src\main\java\com\escuelaposgrado\Intranet\dto\PreguntaEncuestaDTO.java","PreguntaEncuestaDTO::getTipo","PreguntaEncuestaDTO::getTipo()",54,54
1,1,13,1,1,"PreguntaEncuestaDTO::setTipo@55-55@backend\Intranet\src\main\java\com\escuelaposgrado\Intranet\dto\PreguntaEncuestaDTO.java","backend\Intranet\src\main\java\com\escuelaposgrado\Intranet\dto\PreguntaEncuestaDTO.java","PreguntaEncuestaDTO::setTipo","PreguntaEncuestaDTO::setTipo( String tipo)",55,55
1,1,8,0,1,"PreguntaEncuestaDTO::getOrden@57-57@backend\Intranet\src\main\java\com\escuelaposgrado\Intranet\dto\PreguntaEncuestaDTO.java","backend\Intranet\src\main\java\com\escuelaposgrado\Intranet\dto\PreguntaEncuestaDTO.java","PreguntaEncuestaDTO::getOrden","PreguntaEncuestaDTO::getOrden()",57,57
1,1,13,1,1,"PreguntaEncuestaDTO::setOrden@58-58@backend\Intranet\src\main\java\com\escuelaposgrado\Intranet\dto\PreguntaEncuestaDTO.java","backend\Intranet\src\main\java\com\escuelaposgrado\Intranet\dto\PreguntaEncuestaDTO.java","PreguntaEncuestaDTO::setOrden","PreguntaEncuestaDTO::setOrden( Integer orden)",58,58
1,1,8,0,1,"PreguntaEncuestaDTO::getObligatoria@60-60@backend\Intranet\src\main\java\com\escuelaposgrado\Intranet\dto\PreguntaEncuestaDTO.java","backend\Intranet\src\main\java\com\escuelaposgrado\Intranet\dto\PreguntaEncuestaDTO.java","PreguntaEncuestaDTO::getObligatoria","PreguntaEncuestaDTO::getObligatoria()",60,60
1,1,13,1,1,"PreguntaEncuestaDTO::setObligatoria@61-61@backend\Intranet\src\main\java\com\escuelaposgrado\Intranet\dto\PreguntaEncuestaDTO.java","backend\Intranet\src\main\java\com\escuelaposgrado\Intranet\dto\PreguntaEncuestaDTO.java","PreguntaEncuestaDTO::setObligatoria","PreguntaEncuestaDTO::setObligatoria( Boolean obligatoria)",61,61
1,1,8,0,1,"PreguntaEncuestaDTO::getOpcionesJson@63-63@backend\Intranet\src\main\java\com\escuelaposgrado\Intranet\dto\PreguntaEncuestaDTO.java","backend\Intranet\src\main\java\com\escuelaposgrado\Intranet\dto\PreguntaEncuestaDTO.java","PreguntaEncuestaDTO::getOpcionesJson","PreguntaEncuestaDTO::getOpcionesJson()",63,63
1,1,13,1,1,"PreguntaEncuestaDTO::setOpcionesJson@64-64@backend\Intranet\src\main\java\com\escuelaposgrado\Intranet\dto\PreguntaEncuestaDTO.java","backend\Intranet\src\main\java\com\escuelaposgrado\Intranet\dto\PreguntaEncuestaDTO.java","PreguntaEncuestaDTO::setOpcionesJson","PreguntaEncuestaDTO::setOpcionesJson( String opcionesJson)",64,64
1,1,8,0,1,"PreguntaEncuestaDTO::getValorMinimo@66-66@backend\Intranet\src\main\java\com\escuelaposgrado\Intranet\dto\PreguntaEncuestaDTO.java","backend\Intranet\src\main\java\com\escuelaposgrado\Intranet\dto\PreguntaEncuestaDTO.java","PreguntaEncuestaDTO::getValorMinimo","PreguntaEncuestaDTO::getValorMinimo()",66,66
1,1,13,1,1,"PreguntaEncuestaDTO::setValorMinimo@67-67@backend\Intranet\src\main\java\com\escuelaposgrado\Intranet\dto\PreguntaEncuestaDTO.java","backend\Intranet\src\main\java\com\escuelaposgrado\Intranet\dto\PreguntaEncuestaDTO.java","PreguntaEncuestaDTO::setValorMinimo","PreguntaEncuestaDTO::setValorMinimo( Integer valorMinimo)",67,67
1,1,8,0,1,"PreguntaEncuestaDTO::getValorMaximo@69-69@backend\Intranet\src\main\java\com\escuelaposgrado\Intranet\dto\PreguntaEncuestaDTO.java","backend\Intranet\src\main\java\com\escuelaposgrado\Intranet\dto\PreguntaEncuestaDTO.java","PreguntaEncuestaDTO::getValorMaximo","PreguntaEncuestaDTO::getValorMaximo()",69,69
1,1,13,1,1,"PreguntaEncuestaDTO::setValorMaximo@70-70@backend\Intranet\src\main\java\com\escuelaposgrado\Intranet\dto\PreguntaEncuestaDTO.java","backend\Intranet\src\main\java\com\escuelaposgrado\Intranet\dto\PreguntaEncuestaDTO.java","PreguntaEncuestaDTO::setValorMaximo","PreguntaEncuestaDTO::setValorMaximo( Integer valorMaximo)",70,70
1,1,8,0,1,"PreguntaEncuestaDTO::getAyuda@72-72@backend\Intranet\src\main\java\com\escuelaposgrado\Intranet\dto\PreguntaEncuestaDTO.java","backend\Intranet\src\main\java\com\escuelaposgrado\Intranet\dto\PreguntaEncuestaDTO.java","PreguntaEncuestaDTO::getAyuda","PreguntaEncuestaDTO::getAyuda()",72,72
1,1,13,1,1,"PreguntaEncuestaDTO::setAyuda@73-73@backend\Intranet\src\main\java\com\escuelaposgrado\Intranet\dto\PreguntaEncuestaDTO.java","backend\Intranet\src\main\java\com\escuelaposgrado\Intranet\dto\PreguntaEncuestaDTO.java","PreguntaEncuestaDTO::setAyuda","PreguntaEncuestaDTO::setAyuda( String ayuda)",73,73
1,1,8,0,1,"PreguntaEncuestaDTO::getEncuestaId@75-75@backend\Intranet\src\main\java\com\escuelaposgrado\Intranet\dto\PreguntaEncuestaDTO.java","backend\Intranet\src\main\java\com\escuelaposgrado\Intranet\dto\PreguntaEncuestaDTO.java","PreguntaEncuestaDTO::getEncuestaId","PreguntaEncuestaDTO::getEncuestaId()",75,75
1,1,13,1,1,"PreguntaEncuestaDTO::setEncuestaId@76-76@backend\Intranet\src\main\java\com\escuelaposgrado\Intranet\dto\PreguntaEncuestaDTO.java","backend\Intranet\src\main\java\com\escuelaposgrado\Intranet\dto\PreguntaEncuestaDTO.java","PreguntaEncuestaDTO::setEncuestaId","PreguntaEncuestaDTO::setEncuestaId( Long encuestaId)",76,76
3,1,8,0,3,"PreguntaEncuestaDTO::getOpciones@81-83@backend\Intranet\src\main\java\com\escuelaposgrado\Intranet\dto\PreguntaEncuestaDTO.java","backend\Intranet\src\main\java\com\escuelaposgrado\Intranet\dto\PreguntaEncuestaDTO.java","PreguntaEncuestaDTO::getOpciones","PreguntaEncuestaDTO::getOpciones()",81,83
3,1,13,1,3,"PreguntaEncuestaDTO::setOpciones@85-87@backend\Intranet\src\main\java\com\escuelaposgrado\Intranet\dto\PreguntaEncuestaDTO.java","backend\Intranet\src\main\java\com\escuelaposgrado\Intranet\dto\PreguntaEncuestaDTO.java","PreguntaEncuestaDTO::setOpciones","PreguntaEncuestaDTO::setOpciones( String opciones)",85,87
1,1,5,0,1,"ReporteAcademicoDTO::ReporteAcademicoDTO@43-43@backend\Intranet\src\main\java\com\escuelaposgrado\Intranet\dto\ReporteAcademicoDTO.java","backend\Intranet\src\main\java\com\escuelaposgrado\Intranet\dto\ReporteAcademicoDTO.java","ReporteAcademicoDTO::ReporteAcademicoDTO","ReporteAcademicoDTO::ReporteAcademicoDTO()",43,43
5,1,31,3,5,"ReporteAcademicoDTO::ReporteAcademicoDTO@45-49@backend\Intranet\src\main\java\com\escuelaposgrado\Intranet\dto\ReporteAcademicoDTO.java","backend\Intranet\src\main\java\com\escuelaposgrado\Intranet\dto\ReporteAcademicoDTO.java","ReporteAcademicoDTO::ReporteAcademicoDTO","ReporteAcademicoDTO::ReporteAcademicoDTO( Long estudianteId , String estudianteNombre , String estudianteCodigo)",45,49
1,1,8,0,1,"ReporteAcademicoDTO::getEstudianteId@52-52@backend\Intranet\src\main\java\com\escuelaposgrado\Intranet\dto\ReporteAcademicoDTO.java","backend\Intranet\src\main\java\com\escuelaposgrado\Intranet\dto\ReporteAcademicoDTO.java","ReporteAcademicoDTO::getEstudianteId","ReporteAcademicoDTO::getEstudianteId()",52,52
1,1,13,1,1,"ReporteAcademicoDTO::setEstudianteId@53-53@backend\Intranet\src\main\java\com\escuelaposgrado\Intranet\dto\ReporteAcademicoDTO.java","backend\Intranet\src\main\java\com\escuelaposgrado\Intranet\dto\ReporteAcademicoDTO.java","ReporteAcademicoDTO::setEstudianteId","ReporteAcademicoDTO::setEstudianteId( Long estudianteId)",53,53
1,1,8,0,1,"ReporteAcademicoDTO::getEstudianteNombre@55-55@backend\Intranet\src\main\java\com\escuelaposgrado\Intranet\dto\ReporteAcademicoDTO.java","backend\Intranet\src\main\java\com\escuelaposgrado\Intranet\dto\ReporteAcademicoDTO.java","ReporteAcademicoDTO::getEstudianteNombre","ReporteAcademicoDTO::getEstudianteNombre()",55,55
1,1,13,1,1,"ReporteAcademicoDTO::setEstudianteNombre@56-56@backend\Intranet\src\main\java\com\escuelaposgrado\Intranet\dto\ReporteAcademicoDTO.java","backend\Intranet\src\main\java\com\escuelaposgrado\Intranet\dto\ReporteAcademicoDTO.java","ReporteAcademicoDTO::setEstudianteNombre","ReporteAcademicoDTO::setEstudianteNombre( String estudianteNombre)",56,56
1,1,8,0,1,"ReporteAcademicoDTO::getEstudianteCodigo@58-58@backend\Intranet\src\main\java\com\escuelaposgrado\Intranet\dto\ReporteAcademicoDTO.java","backend\Intranet\src\main\java\com\escuelaposgrado\Intranet\dto\ReporteAcademicoDTO.java","ReporteAcademicoDTO::getEstudianteCodigo","ReporteAcademicoDTO::getEstudianteCodigo()",58,58
1,1,13,1,1,"ReporteAcademicoDTO::setEstudianteCodigo@59-59@backend\Intranet\src\main\java\com\escuelaposgrado\Intranet\dto\ReporteAcademicoDTO.java","backend\Intranet\src\main\java\com\escuelaposgrado\Intranet\dto\ReporteAcademicoDTO.java","ReporteAcademicoDTO::setEstudianteCodigo","ReporteAcademicoDTO::setEstudianteCodigo( String estudianteCodigo)",59,59
1,1,8,0,1,"ReporteAcademicoDTO::getEstudianteEmail@61-61@backend\Intranet\src\main\java\com\escuelaposgrado\Intranet\dto\ReporteAcademicoDTO.java","backend\Intranet\src\main\java\com\escuelaposgrado\Intranet\dto\ReporteAcademicoDTO.java","ReporteAcademicoDTO::getEstudianteEmail","ReporteAcademicoDTO::getEstudianteEmail()",61,61
1,1,13,1,1,"ReporteAcademicoDTO::setEstudianteEmail@62-62@backend\Intranet\src\main\java\com\escuelaposgrado\Intranet\dto\ReporteAcademicoDTO.java","backend\Intranet\src\main\java\com\escuelaposgrado\Intranet\dto\ReporteAcademicoDTO.java","ReporteAcademicoDTO::setEstudianteEmail","ReporteAcademicoDTO::setEstudianteEmail( String estudianteEmail)",62,62
1,1,8,0,1,"ReporteAcademicoDTO::getTotalClases@64-64@backend\Intranet\src\main\java\com\escuelaposgrado\Intranet\dto\ReporteAcademicoDTO.java","backend\Intranet\src\main\java\com\escuelaposgrado\Intranet\dto\ReporteAcademicoDTO.java","ReporteAcademicoDTO::getTotalClases","ReporteAcademicoDTO::getTotalClases()",64,64
1,1,13,1,1,"ReporteAcademicoDTO::setTotalClases@65-65@backend\Intranet\src\main\java\com\escuelaposgrado\Intranet\dto\ReporteAcademicoDTO.java","backend\Intranet\src\main\java\com\escuelaposgrado\Intranet\dto\ReporteAcademicoDTO.java","ReporteAcademicoDTO::setTotalClases","ReporteAcademicoDTO::setTotalClases( Integer totalClases)",65,65
1,1,8,0,1,"ReporteAcademicoDTO::getClasesAsistidas@67-67@backend\Intranet\src\main\java\com\escuelaposgrado\Intranet\dto\ReporteAcademicoDTO.java","backend\Intranet\src\main\java\com\escuelaposgrado\Intranet\dto\ReporteAcademicoDTO.java","ReporteAcademicoDTO::getClasesAsistidas","ReporteAcademicoDTO::getClasesAsistidas()",67,67
1,1,13,1,1,"ReporteAcademicoDTO::setClasesAsistidas@68-68@backend\Intranet\src\main\java\com\escuelaposgrado\Intranet\dto\ReporteAcademicoDTO.java","backend\Intranet\src\main\java\com\escuelaposgrado\Intranet\dto\ReporteAcademicoDTO.java","ReporteAcademicoDTO::setClasesAsistidas","ReporteAcademicoDTO::setClasesAsistidas( Integer clasesAsistidas)",68,68
1,1,8,0,1,"ReporteAcademicoDTO::getFaltas@70-70@backend\Intranet\src\main\java\com\escuelaposgrado\Intranet\dto\ReporteAcademicoDTO.java","backend\Intranet\src\main\java\com\escuelaposgrado\Intranet\dto\ReporteAcademicoDTO.java","ReporteAcademicoDTO::getFaltas","ReporteAcademicoDTO::getFaltas()",70,70
1,1,13,1,1,"ReporteAcademicoDTO::setFaltas@71-71@backend\Intranet\src\main\java\com\escuelaposgrado\Intranet\dto\ReporteAcademicoDTO.java","backend\Intranet\src\main\java\com\escuelaposgrado\Intranet\dto\ReporteAcademicoDTO.java","ReporteAcademicoDTO::setFaltas","ReporteAcademicoDTO::setFaltas( Integer faltas)",71,71
1,1,8,0,1,"ReporteAcademicoDTO::getTardanzas@73-73@backend\Intranet\src\main\java\com\escuelaposgrado\Intranet\dto\ReporteAcademicoDTO.java","backend\Intranet\src\main\java\com\escuelaposgrado\Intranet\dto\ReporteAcademicoDTO.java","ReporteAcademicoDTO::getTardanzas","ReporteAcademicoDTO::getTardanzas()",73,73
1,1,13,1,1,"ReporteAcademicoDTO::setTardanzas@74-74@backend\Intranet\src\main\java\com\escuelaposgrado\Intranet\dto\ReporteAcademicoDTO.java","backend\Intranet\src\main\java\com\escuelaposgrado\Intranet\dto\ReporteAcademicoDTO.java","ReporteAcademicoDTO::setTardanzas","ReporteAcademicoDTO::setTardanzas( Integer tardanzas)",74,74
1,1,8,0,1,"ReporteAcademicoDTO::getPorcentajeAsistencia@76-76@backend\Intranet\src\main\java\com\escuelaposgrado\Intranet\dto\ReporteAcademicoDTO.java","backend\Intranet\src\main\java\com\escuelaposgrado\Intranet\dto\ReporteAcademicoDTO.java","ReporteAcademicoDTO::getPorcentajeAsistencia","ReporteAcademicoDTO::getPorcentajeAsistencia()",76,76
1,1,13,1,1,"ReporteAcademicoDTO::setPorcentajeAsistencia@77-77@backend\Intranet\src\main\java\com\escuelaposgrado\Intranet\dto\ReporteAcademicoDTO.java","backend\Intranet\src\main\java\com\escuelaposgrado\Intranet\dto\ReporteAcademicoDTO.java","ReporteAcademicoDTO::setPorcentajeAsistencia","ReporteAcademicoDTO::setPorcentajeAsistencia( Double porcentajeAsistencia)",77,77
1,1,8,0,1,"ReporteAcademicoDTO::getPromedioGeneral@79-79@backend\Intranet\src\main\java\com\escuelaposgrado\Intranet\dto\ReporteAcademicoDTO.java","backend\Intranet\src\main\java\com\escuelaposgrado\Intranet\dto\ReporteAcademicoDTO.java","ReporteAcademicoDTO::getPromedioGeneral","ReporteAcademicoDTO::getPromedioGeneral()",79,79
1,1,13,1,1,"ReporteAcademicoDTO::setPromedioGeneral@80-80@backend\Intranet\src\main\java\com\escuelaposgrado\Intranet\dto\ReporteAcademicoDTO.java","backend\Intranet\src\main\java\com\escuelaposgrado\Intranet\dto\ReporteAcademicoDTO.java","ReporteAcademicoDTO::setPromedioGeneral","ReporteAcademicoDTO::setPromedioGeneral( BigDecimal promedioGeneral)",80,80
1,1,8,0,1,"ReporteAcademicoDTO::getNotaMaxima@82-82@backend\Intranet\src\main\java\com\escuelaposgrado\Intranet\dto\ReporteAcademicoDTO.java","backend\Intranet\src\main\java\com\escuelaposgrado\Intranet\dto\ReporteAcademicoDTO.java","ReporteAcademicoDTO::getNotaMaxima","ReporteAcademicoDTO::getNotaMaxima()",82,82
1,1,13,1,1,"ReporteAcademicoDTO::setNotaMaxima@83-83@backend\Intranet\src\main\java\com\escuelaposgrado\Intranet\dto\ReporteAcademicoDTO.java","backend\Intranet\src\main\java\com\escuelaposgrado\Intranet\dto\ReporteAcademicoDTO.java","ReporteAcademicoDTO::setNotaMaxima","ReporteAcademicoDTO::setNotaMaxima( BigDecimal notaMaxima)",83,83
1,1,8,0,1,"ReporteAcademicoDTO::getNotaMinima@85-85@backend\Intranet\src\main\java\com\escuelaposgrado\Intranet\dto\ReporteAcademicoDTO.java","backend\Intranet\src\main\java\com\escuelaposgrado\Intranet\dto\ReporteAcademicoDTO.java","ReporteAcademicoDTO::getNotaMinima","ReporteAcademicoDTO::getNotaMinima()",85,85
1,1,13,1,1,"ReporteAcademicoDTO::setNotaMinima@86-86@backend\Intranet\src\main\java\com\escuelaposgrado\Intranet\dto\ReporteAcademicoDTO.java","backend\Intranet\src\main\java\com\escuelaposgrado\Intranet\dto\ReporteAcademicoDTO.java","ReporteAcademicoDTO::setNotaMinima","ReporteAcademicoDTO::setNotaMinima( BigDecimal notaMinima)",86,86
1,1,8,0,1,"ReporteAcademicoDTO::getMateriasAprobadas@88-88@backend\Intranet\src\main\java\com\escuelaposgrado\Intranet\dto\ReporteAcademicoDTO.java","backend\Intranet\src\main\java\com\escuelaposgrado\Intranet\dto\ReporteAcademicoDTO.java","ReporteAcademicoDTO::getMateriasAprobadas","ReporteAcademicoDTO::getMateriasAprobadas()",88,88
1,1,13,1,1,"ReporteAcademicoDTO::setMateriasAprobadas@89-89@backend\Intranet\src\main\java\com\escuelaposgrado\Intranet\dto\ReporteAcademicoDTO.java","backend\Intranet\src\main\java\com\escuelaposgrado\Intranet\dto\ReporteAcademicoDTO.java","ReporteAcademicoDTO::setMateriasAprobadas","ReporteAcademicoDTO::setMateriasAprobadas( Integer materiasAprobadas)",89,89
1,1,8,0,1,"ReporteAcademicoDTO::getMateriasDesaprobadas@91-91@backend\Intranet\src\main\java\com\escuelaposgrado\Intranet\dto\ReporteAcademicoDTO.java","backend\Intranet\src\main\java\com\escuelaposgrado\Intranet\dto\ReporteAcademicoDTO.java","ReporteAcademicoDTO::getMateriasDesaprobadas","ReporteAcademicoDTO::getMateriasDesaprobadas()",91,91
1,1,13,1,1,"ReporteAcademicoDTO::setMateriasDesaprobadas@92-92@backend\Intranet\src\main\java\com\escuelaposgrado\Intranet\dto\ReporteAcademicoDTO.java","backend\Intranet\src\main\java\com\escuelaposgrado\Intranet\dto\ReporteAcademicoDTO.java","ReporteAcademicoDTO::setMateriasDesaprobadas","ReporteAcademicoDTO::setMateriasDesaprobadas( Integer materiasDesaprobadas)",92,92
1,1,8,0,1,"ReporteAcademicoDTO::getTotalMaterias@94-94@backend\Intranet\src\main\java\com\escuelaposgrado\Intranet\dto\ReporteAcademicoDTO.java","backend\Intranet\src\main\java\com\escuelaposgrado\Intranet\dto\ReporteAcademicoDTO.java","ReporteAcademicoDTO::getTotalMaterias","ReporteAcademicoDTO::getTotalMaterias()",94,94
1,1,13,1,1,"ReporteAcademicoDTO::setTotalMaterias@95-95@backend\Intranet\src\main\java\com\escuelaposgrado\Intranet\dto\ReporteAcademicoDTO.java","backend\Intranet\src\main\java\com\escuelaposgrado\Intranet\dto\ReporteAcademicoDTO.java","ReporteAcademicoDTO::setTotalMaterias","ReporteAcademicoDTO::setTotalMaterias( Integer totalMaterias)",95,95
1,1,8,0,1,"ReporteAcademicoDTO::getCalificacionesPorMateria@97-97@backend\Intranet\src\main\java\com\escuelaposgrado\Intranet\dto\ReporteAcademicoDTO.java","backend\Intranet\src\main\java\com\escuelaposgrado\Intranet\dto\ReporteAcademicoDTO.java","ReporteAcademicoDTO::getCalificacionesPorMateria","ReporteAcademicoDTO::getCalificacionesPorMateria()",97,97
3,1,16,1,3,"ReporteAcademicoDTO::setCalificacionesPorMateria@98-100@backend\Intranet\src\main\java\com\escuelaposgrado\Intranet\dto\ReporteAcademicoDTO.java","backend\Intranet\src\main\java\com\escuelaposgrado\Intranet\dto\ReporteAcademicoDTO.java","ReporteAcademicoDTO::setCalificacionesPorMateria","ReporteAcademicoDTO::setCalificacionesPorMateria( List<CalificacionPorMateriaDTO> calificacionesPorMateria)",98,100
1,1,8,0,1,"ReporteAcademicoDTO::getAsistenciasPorMateria@102-102@backend\Intranet\src\main\java\com\escuelaposgrado\Intranet\dto\ReporteAcademicoDTO.java","backend\Intranet\src\main\java\com\escuelaposgrado\Intranet\dto\ReporteAcademicoDTO.java","ReporteAcademicoDTO::getAsistenciasPorMateria","ReporteAcademicoDTO::getAsistenciasPorMateria()",102,102
3,1,16,1,3,"ReporteAcademicoDTO::setAsistenciasPorMateria@103-105@backend\Intranet\src\main\java\com\escuelaposgrado\Intranet\dto\ReporteAcademicoDTO.java","backend\Intranet\src\main\java\com\escuelaposgrado\Intranet\dto\ReporteAcademicoDTO.java","ReporteAcademicoDTO::setAsistenciasPorMateria","ReporteAcademicoDTO::setAsistenciasPorMateria( List<AsistenciaPorMateriaDTO> asistenciasPorMateria)",103,105
1,1,8,0,1,"ReporteAcademicoDTO::getEstadoAcademico@107-107@backend\Intranet\src\main\java\com\escuelaposgrado\Intranet\dto\ReporteAcademicoDTO.java","backend\Intranet\src\main\java\com\escuelaposgrado\Intranet\dto\ReporteAcademicoDTO.java","ReporteAcademicoDTO::getEstadoAcademico","ReporteAcademicoDTO::getEstadoAcademico()",107,107
1,1,13,1,1,"ReporteAcademicoDTO::setEstadoAcademico@108-108@backend\Intranet\src\main\java\com\escuelaposgrado\Intranet\dto\ReporteAcademicoDTO.java","backend\Intranet\src\main\java\com\escuelaposgrado\Intranet\dto\ReporteAcademicoDTO.java","ReporteAcademicoDTO::setEstadoAcademico","ReporteAcademicoDTO::setEstadoAcademico( String estadoAcademico)",108,108
1,1,8,0,1,"ReporteAcademicoDTO::getRequiereAtencion@110-110@backend\Intranet\src\main\java\com\escuelaposgrado\Intranet\dto\ReporteAcademicoDTO.java","backend\Intranet\src\main\java\com\escuelaposgrado\Intranet\dto\ReporteAcademicoDTO.java","ReporteAcademicoDTO::getRequiereAtencion","ReporteAcademicoDTO::getRequiereAtencion()",110,110
1,1,13,1,1,"ReporteAcademicoDTO::setRequiereAtencion@111-111@backend\Intranet\src\main\java\com\escuelaposgrado\Intranet\dto\ReporteAcademicoDTO.java","backend\Intranet\src\main\java\com\escuelaposgrado\Intranet\dto\ReporteAcademicoDTO.java","ReporteAcademicoDTO::setRequiereAtencion","ReporteAcademicoDTO::setRequiereAtencion( Boolean requiereAtencion)",111,111
1,1,8,0,1,"ReporteAcademicoDTO::getObservaciones@113-113@backend\Intranet\src\main\java\com\escuelaposgrado\Intranet\dto\ReporteAcademicoDTO.java","backend\Intranet\src\main\java\com\escuelaposgrado\Intranet\dto\ReporteAcademicoDTO.java","ReporteAcademicoDTO::getObservaciones","ReporteAcademicoDTO::getObservaciones()",113,113
1,1,13,1,1,"ReporteAcademicoDTO::setObservaciones@114-114@backend\Intranet\src\main\java\com\escuelaposgrado\Intranet\dto\ReporteAcademicoDTO.java","backend\Intranet\src\main\java\com\escuelaposgrado\Intranet\dto\ReporteAcademicoDTO.java","ReporteAcademicoDTO::setObservaciones","ReporteAcademicoDTO::setObservaciones( String observaciones)",114,114
1,1,5,0,1,"CalificacionPorMateriaDTO::CalificacionPorMateriaDTO@128-128@backend\Intranet\src\main\java\com\escuelaposgrado\Intranet\dto\ReporteAcademicoDTO.java","backend\Intranet\src\main\java\com\escuelaposgrado\Intranet\dto\ReporteAcademicoDTO.java","CalificacionPorMateriaDTO::CalificacionPorMateriaDTO","CalificacionPorMateriaDTO::CalificacionPorMateriaDTO()",128,128
6,1,40,4,6,"CalificacionPorMateriaDTO::CalificacionPorMateriaDTO@130-135@backend\Intranet\src\main\java\com\escuelaposgrado\Intranet\dto\ReporteAcademicoDTO.java","backend\Intranet\src\main\java\com\escuelaposgrado\Intranet\dto\ReporteAcademicoDTO.java","CalificacionPorMateriaDTO::CalificacionPorMateriaDTO","CalificacionPorMateriaDTO::CalificacionPorMateriaDTO( Long materiaId , String materiaNombre , String materiaCodigo , BigDecimal promedio)",130,135
1,1,8,0,1,"CalificacionPorMateriaDTO::getMateriaId@137-137@backend\Intranet\src\main\java\com\escuelaposgrado\Intranet\dto\ReporteAcademicoDTO.java","backend\Intranet\src\main\java\com\escuelaposgrado\Intranet\dto\ReporteAcademicoDTO.java","CalificacionPorMateriaDTO::getMateriaId","CalificacionPorMateriaDTO::getMateriaId()",137,137
1,1,13,1,1,"CalificacionPorMateriaDTO::setMateriaId@138-138@backend\Intranet\src\main\java\com\escuelaposgrado\Intranet\dto\ReporteAcademicoDTO.java","backend\Intranet\src\main\java\com\escuelaposgrado\Intranet\dto\ReporteAcademicoDTO.java","CalificacionPorMateriaDTO::setMateriaId","CalificacionPorMateriaDTO::setMateriaId( Long materiaId)",138,138
1,1,8,0,1,"CalificacionPorMateriaDTO::getMateriaNombre@140-140@backend\Intranet\src\main\java\com\escuelaposgrado\Intranet\dto\ReporteAcademicoDTO.java","backend\Intranet\src\main\java\com\escuelaposgrado\Intranet\dto\ReporteAcademicoDTO.java","CalificacionPorMateriaDTO::getMateriaNombre","CalificacionPorMateriaDTO::getMateriaNombre()",140,140
1,1,13,1,1,"CalificacionPorMateriaDTO::setMateriaNombre@141-141@backend\Intranet\src\main\java\com\escuelaposgrado\Intranet\dto\ReporteAcademicoDTO.java","backend\Intranet\src\main\java\com\escuelaposgrado\Intranet\dto\ReporteAcademicoDTO.java","CalificacionPorMateriaDTO::setMateriaNombre","CalificacionPorMateriaDTO::setMateriaNombre( String materiaNombre)",141,141
1,1,8,0,1,"CalificacionPorMateriaDTO::getMateriaCodigo@143-143@backend\Intranet\src\main\java\com\escuelaposgrado\Intranet\dto\ReporteAcademicoDTO.java","backend\Intranet\src\main\java\com\escuelaposgrado\Intranet\dto\ReporteAcademicoDTO.java","CalificacionPorMateriaDTO::getMateriaCodigo","CalificacionPorMateriaDTO::getMateriaCodigo()",143,143
1,1,13,1,1,"CalificacionPorMateriaDTO::setMateriaCodigo@144-144@backend\Intranet\src\main\java\com\escuelaposgrado\Intranet\dto\ReporteAcademicoDTO.java","backend\Intranet\src\main\java\com\escuelaposgrado\Intranet\dto\ReporteAcademicoDTO.java","CalificacionPorMateriaDTO::setMateriaCodigo","CalificacionPorMateriaDTO::setMateriaCodigo( String materiaCodigo)",144,144
1,1,8,0,1,"CalificacionPorMateriaDTO::getPromedio@146-146@backend\Intranet\src\main\java\com\escuelaposgrado\Intranet\dto\ReporteAcademicoDTO.java","backend\Intranet\src\main\java\com\escuelaposgrado\Intranet\dto\ReporteAcademicoDTO.java","CalificacionPorMateriaDTO::getPromedio","CalificacionPorMateriaDTO::getPromedio()",146,146
1,1,13,1,1,"CalificacionPorMateriaDTO::setPromedio@147-147@backend\Intranet\src\main\java\com\escuelaposgrado\Intranet\dto\ReporteAcademicoDTO.java","backend\Intranet\src\main\java\com\escuelaposgrado\Intranet\dto\ReporteAcademicoDTO.java","CalificacionPorMateriaDTO::setPromedio","CalificacionPorMateriaDTO::setPromedio( BigDecimal promedio)",147,147
1,1,8,0,1,"CalificacionPorMateriaDTO::getEstado@149-149@backend\Intranet\src\main\java\com\escuelaposgrado\Intranet\dto\ReporteAcademicoDTO.java","backend\Intranet\src\main\java\com\escuelaposgrado\Intranet\dto\ReporteAcademicoDTO.java","CalificacionPorMateriaDTO::getEstado","CalificacionPorMateriaDTO::getEstado()",149,149
1,1,13,1,1,"CalificacionPorMateriaDTO::setEstado@150-150@backend\Intranet\src\main\java\com\escuelaposgrado\Intranet\dto\ReporteAcademicoDTO.java","backend\Intranet\src\main\java\com\escuelaposgrado\Intranet\dto\ReporteAcademicoDTO.java","CalificacionPorMateriaDTO::setEstado","CalificacionPorMateriaDTO::setEstado( String estado)",150,150
1,1,5,0,1,"AsistenciaPorMateriaDTO::AsistenciaPorMateriaDTO@165-165@backend\Intranet\src\main\java\com\escuelaposgrado\Intranet\dto\ReporteAcademicoDTO.java","backend\Intranet\src\main\java\com\escuelaposgrado\Intranet\dto\ReporteAcademicoDTO.java","AsistenciaPorMateriaDTO::AsistenciaPorMateriaDTO","AsistenciaPorMateriaDTO::AsistenciaPorMateriaDTO()",165,165
9,2,67,5,9,"AsistenciaPorMateriaDTO::AsistenciaPorMateriaDTO@167-175@backend\Intranet\src\main\java\com\escuelaposgrado\Intranet\dto\ReporteAcademicoDTO.java","backend\Intranet\src\main\java\com\escuelaposgrado\Intranet\dto\ReporteAcademicoDTO.java","AsistenciaPorMateriaDTO::AsistenciaPorMateriaDTO","AsistenciaPorMateriaDTO::AsistenciaPorMateriaDTO( Long materiaId , String materiaNombre , String materiaCodigo , Integer totalClases , Integer clasesAsistidas)",167,175
1,1,8,0,1,"AsistenciaPorMateriaDTO::getMateriaId@177-177@backend\Intranet\src\main\java\com\escuelaposgrado\Intranet\dto\ReporteAcademicoDTO.java","backend\Intranet\src\main\java\com\escuelaposgrado\Intranet\dto\ReporteAcademicoDTO.java","AsistenciaPorMateriaDTO::getMateriaId","AsistenciaPorMateriaDTO::getMateriaId()",177,177
1,1,13,1,1,"AsistenciaPorMateriaDTO::setMateriaId@178-178@backend\Intranet\src\main\java\com\escuelaposgrado\Intranet\dto\ReporteAcademicoDTO.java","backend\Intranet\src\main\java\com\escuelaposgrado\Intranet\dto\ReporteAcademicoDTO.java","AsistenciaPorMateriaDTO::setMateriaId","AsistenciaPorMateriaDTO::setMateriaId( Long materiaId)",178,178
1,1,8,0,1,"AsistenciaPorMateriaDTO::getMateriaNombre@180-180@backend\Intranet\src\main\java\com\escuelaposgrado\Intranet\dto\ReporteAcademicoDTO.java","backend\Intranet\src\main\java\com\escuelaposgrado\Intranet\dto\ReporteAcademicoDTO.java","AsistenciaPorMateriaDTO::getMateriaNombre","AsistenciaPorMateriaDTO::getMateriaNombre()",180,180
1,1,13,1,1,"AsistenciaPorMateriaDTO::setMateriaNombre@181-181@backend\Intranet\src\main\java\com\escuelaposgrado\Intranet\dto\ReporteAcademicoDTO.java","backend\Intranet\src\main\java\com\escuelaposgrado\Intranet\dto\ReporteAcademicoDTO.java","AsistenciaPorMateriaDTO::setMateriaNombre","AsistenciaPorMateriaDTO::setMateriaNombre( String materiaNombre)",181,181
1,1,8,0,1,"AsistenciaPorMateriaDTO::getMateriaCodigo@183-183@backend\Intranet\src\main\java\com\escuelaposgrado\Intranet\dto\ReporteAcademicoDTO.java","backend\Intranet\src\main\java\com\escuelaposgrado\Intranet\dto\ReporteAcademicoDTO.java","AsistenciaPorMateriaDTO::getMateriaCodigo","AsistenciaPorMateriaDTO::getMateriaCodigo()",183,183
1,1,13,1,1,"AsistenciaPorMateriaDTO::setMateriaCodigo@184-184@backend\Intranet\src\main\java\com\escuelaposgrado\Intranet\dto\ReporteAcademicoDTO.java","backend\Intranet\src\main\java\com\escuelaposgrado\Intranet\dto\ReporteAcademicoDTO.java","AsistenciaPorMateriaDTO::setMateriaCodigo","AsistenciaPorMateriaDTO::setMateriaCodigo( String materiaCodigo)",184,184
1,1,8,0,1,"AsistenciaPorMateriaDTO::getTotalClases@186-186@backend\Intranet\src\main\java\com\escuelaposgrado\Intranet\dto\ReporteAcademicoDTO.java","backend\Intranet\src\main\java\com\escuelaposgrado\Intranet\dto\ReporteAcademicoDTO.java","AsistenciaPorMateriaDTO::getTotalClases","AsistenciaPorMateriaDTO::getTotalClases()",186,186
1,1,13,1,1,"AsistenciaPorMateriaDTO::setTotalClases@187-187@backend\Intranet\src\main\java\com\escuelaposgrado\Intranet\dto\ReporteAcademicoDTO.java","backend\Intranet\src\main\java\com\escuelaposgrado\Intranet\dto\ReporteAcademicoDTO.java","AsistenciaPorMateriaDTO::setTotalClases","AsistenciaPorMateriaDTO::setTotalClases( Integer totalClases)",187,187
1,1,8,0,1,"AsistenciaPorMateriaDTO::getClasesAsistidas@189-189@backend\Intranet\src\main\java\com\escuelaposgrado\Intranet\dto\ReporteAcademicoDTO.java","backend\Intranet\src\main\java\com\escuelaposgrado\Intranet\dto\ReporteAcademicoDTO.java","AsistenciaPorMateriaDTO::getClasesAsistidas","AsistenciaPorMateriaDTO::getClasesAsistidas()",189,189
1,1,13,1,1,"AsistenciaPorMateriaDTO::setClasesAsistidas@190-190@backend\Intranet\src\main\java\com\escuelaposgrado\Intranet\dto\ReporteAcademicoDTO.java","backend\Intranet\src\main\java\com\escuelaposgrado\Intranet\dto\ReporteAcademicoDTO.java","AsistenciaPorMateriaDTO::setClasesAsistidas","AsistenciaPorMateriaDTO::setClasesAsistidas( Integer clasesAsistidas)",190,190
1,1,8,0,1,"AsistenciaPorMateriaDTO::getPorcentajeAsistencia@192-192@backend\Intranet\src\main\java\com\escuelaposgrado\Intranet\dto\ReporteAcademicoDTO.java","backend\Intranet\src\main\java\com\escuelaposgrado\Intranet\dto\ReporteAcademicoDTO.java","AsistenciaPorMateriaDTO::getPorcentajeAsistencia","AsistenciaPorMateriaDTO::getPorcentajeAsistencia()",192,192
1,1,13,1,1,"AsistenciaPorMateriaDTO::setPorcentajeAsistencia@193-193@backend\Intranet\src\main\java\com\escuelaposgrado\Intranet\dto\ReporteAcademicoDTO.java","backend\Intranet\src\main\java\com\escuelaposgrado\Intranet\dto\ReporteAcademicoDTO.java","AsistenciaPorMateriaDTO::setPorcentajeAsistencia","AsistenciaPorMateriaDTO::setPorcentajeAsistencia( Double porcentajeAsistencia)",193,193
1,1,5,0,1,"UsuarioDTO::UsuarioDTO@52-52@backend\Intranet\src\main\java\com\escuelaposgrado\Intranet\dto\UsuarioDTO.java","backend\Intranet\src\main\java\com\escuelaposgrado\Intranet\dto\UsuarioDTO.java","UsuarioDTO::UsuarioDTO","UsuarioDTO::UsuarioDTO()",52,52
7,1,49,5,7,"UsuarioDTO::UsuarioDTO@54-60@backend\Intranet\src\main\java\com\escuelaposgrado\Intranet\dto\UsuarioDTO.java","backend\Intranet\src\main\java\com\escuelaposgrado\Intranet\dto\UsuarioDTO.java","UsuarioDTO::UsuarioDTO","UsuarioDTO::UsuarioDTO( String nombres , String apellidos , String email , String codigo , String rol)",54,60
1,1,8,0,1,"UsuarioDTO::getId@63-63@backend\Intranet\src\main\java\com\escuelaposgrado\Intranet\dto\UsuarioDTO.java","backend\Intranet\src\main\java\com\escuelaposgrado\Intranet\dto\UsuarioDTO.java","UsuarioDTO::getId","UsuarioDTO::getId()",63,63
1,1,13,1,1,"UsuarioDTO::setId@64-64@backend\Intranet\src\main\java\com\escuelaposgrado\Intranet\dto\UsuarioDTO.java","backend\Intranet\src\main\java\com\escuelaposgrado\Intranet\dto\UsuarioDTO.java","UsuarioDTO::setId","UsuarioDTO::setId( Long id)",64,64
1,1,8,0,1,"UsuarioDTO::getNombres@66-66@backend\Intranet\src\main\java\com\escuelaposgrado\Intranet\dto\UsuarioDTO.java","backend\Intranet\src\main\java\com\escuelaposgrado\Intranet\dto\UsuarioDTO.java","UsuarioDTO::getNombres","UsuarioDTO::getNombres()",66,66
1,1,13,1,1,"UsuarioDTO::setNombres@67-67@backend\Intranet\src\main\java\com\escuelaposgrado\Intranet\dto\UsuarioDTO.java","backend\Intranet\src\main\java\com\escuelaposgrado\Intranet\dto\UsuarioDTO.java","UsuarioDTO::setNombres","UsuarioDTO::setNombres( String nombres)",67,67
1,1,8,0,1,"UsuarioDTO::getApellidos@69-69@backend\Intranet\src\main\java\com\escuelaposgrado\Intranet\dto\UsuarioDTO.java","backend\Intranet\src\main\java\com\escuelaposgrado\Intranet\dto\UsuarioDTO.java","UsuarioDTO::getApellidos","UsuarioDTO::getApellidos()",69,69
1,1,13,1,1,"UsuarioDTO::setApellidos@70-70@backend\Intranet\src\main\java\com\escuelaposgrado\Intranet\dto\UsuarioDTO.java","backend\Intranet\src\main\java\com\escuelaposgrado\Intranet\dto\UsuarioDTO.java","UsuarioDTO::setApellidos","UsuarioDTO::setApellidos( String apellidos)",70,70
1,1,8,0,1,"UsuarioDTO::getEmail@72-72@backend\Intranet\src\main\java\com\escuelaposgrado\Intranet\dto\UsuarioDTO.java","backend\Intranet\src\main\java\com\escuelaposgrado\Intranet\dto\UsuarioDTO.java","UsuarioDTO::getEmail","UsuarioDTO::getEmail()",72,72
1,1,13,1,1,"UsuarioDTO::setEmail@73-73@backend\Intranet\src\main\java\com\escuelaposgrado\Intranet\dto\UsuarioDTO.java","backend\Intranet\src\main\java\com\escuelaposgrado\Intranet\dto\UsuarioDTO.java","UsuarioDTO::setEmail","UsuarioDTO::setEmail( String email)",73,73
1,1,8,0,1,"UsuarioDTO::getPassword@75-75@backend\Intranet\src\main\java\com\escuelaposgrado\Intranet\dto\UsuarioDTO.java","backend\Intranet\src\main\java\com\escuelaposgrado\Intranet\dto\UsuarioDTO.java","UsuarioDTO::getPassword","UsuarioDTO::getPassword()",75,75
1,1,13,1,1,"UsuarioDTO::setPassword@76-76@backend\Intranet\src\main\java\com\escuelaposgrado\Intranet\dto\UsuarioDTO.java","backend\Intranet\src\main\java\com\escuelaposgrado\Intranet\dto\UsuarioDTO.java","UsuarioDTO::setPassword","UsuarioDTO::setPassword( String password)",76,76
1,1,8,0,1,"UsuarioDTO::getCodigo@78-78@backend\Intranet\src\main\java\com\escuelaposgrado\Intranet\dto\UsuarioDTO.java","backend\Intranet\src\main\java\com\escuelaposgrado\Intranet\dto\UsuarioDTO.java","UsuarioDTO::getCodigo","UsuarioDTO::getCodigo()",78,78
1,1,13,1,1,"UsuarioDTO::setCodigo@79-79@backend\Intranet\src\main\java\com\escuelaposgrado\Intranet\dto\UsuarioDTO.java","backend\Intranet\src\main\java\com\escuelaposgrado\Intranet\dto\UsuarioDTO.java","UsuarioDTO::setCodigo","UsuarioDTO::setCodigo( String codigo)",79,79
1,1,8,0,1,"UsuarioDTO::getTelefono@81-81@backend\Intranet\src\main\java\com\escuelaposgrado\Intranet\dto\UsuarioDTO.java","backend\Intranet\src\main\java\com\escuelaposgrado\Intranet\dto\UsuarioDTO.java","UsuarioDTO::getTelefono","UsuarioDTO::getTelefono()",81,81
1,1,13,1,1,"UsuarioDTO::setTelefono@82-82@backend\Intranet\src\main\java\com\escuelaposgrado\Intranet\dto\UsuarioDTO.java","backend\Intranet\src\main\java\com\escuelaposgrado\Intranet\dto\UsuarioDTO.java","UsuarioDTO::setTelefono","UsuarioDTO::setTelefono( String telefono)",82,82
1,1,8,0,1,"UsuarioDTO::getDireccion@84-84@backend\Intranet\src\main\java\com\escuelaposgrado\Intranet\dto\UsuarioDTO.java","backend\Intranet\src\main\java\com\escuelaposgrado\Intranet\dto\UsuarioDTO.java","UsuarioDTO::getDireccion","UsuarioDTO::getDireccion()",84,84
1,1,13,1,1,"UsuarioDTO::setDireccion@85-85@backend\Intranet\src\main\java\com\escuelaposgrado\Intranet\dto\UsuarioDTO.java","backend\Intranet\src\main\java\com\escuelaposgrado\Intranet\dto\UsuarioDTO.java","UsuarioDTO::setDireccion","UsuarioDTO::setDireccion( String direccion)",85,85
1,1,8,0,1,"UsuarioDTO::getRol@87-87@backend\Intranet\src\main\java\com\escuelaposgrado\Intranet\dto\UsuarioDTO.java","backend\Intranet\src\main\java\com\escuelaposgrado\Intranet\dto\UsuarioDTO.java","UsuarioDTO::getRol","UsuarioDTO::getRol()",87,87
1,1,13,1,1,"UsuarioDTO::setRol@88-88@backend\Intranet\src\main\java\com\escuelaposgrado\Intranet\dto\UsuarioDTO.java","backend\Intranet\src\main\java\com\escuelaposgrado\Intranet\dto\UsuarioDTO.java","UsuarioDTO::setRol","UsuarioDTO::setRol( String rol)",88,88
1,1,8,0,1,"UsuarioDTO::getActivo@90-90@backend\Intranet\src\main\java\com\escuelaposgrado\Intranet\dto\UsuarioDTO.java","backend\Intranet\src\main\java\com\escuelaposgrado\Intranet\dto\UsuarioDTO.java","UsuarioDTO::getActivo","UsuarioDTO::getActivo()",90,90
1,1,13,1,1,"UsuarioDTO::setActivo@91-91@backend\Intranet\src\main\java\com\escuelaposgrado\Intranet\dto\UsuarioDTO.java","backend\Intranet\src\main\java\com\escuelaposgrado\Intranet\dto\UsuarioDTO.java","UsuarioDTO::setActivo","UsuarioDTO::setActivo( Boolean activo)",91,91
1,1,8,0,1,"UsuarioDTO::getNombreCompleto@93-93@backend\Intranet\src\main\java\com\escuelaposgrado\Intranet\dto\UsuarioDTO.java","backend\Intranet\src\main\java\com\escuelaposgrado\Intranet\dto\UsuarioDTO.java","UsuarioDTO::getNombreCompleto","UsuarioDTO::getNombreCompleto()",93,93
1,1,13,1,1,"UsuarioDTO::setNombreCompleto@94-94@backend\Intranet\src\main\java\com\escuelaposgrado\Intranet\dto\UsuarioDTO.java","backend\Intranet\src\main\java\com\escuelaposgrado\Intranet\dto\UsuarioDTO.java","UsuarioDTO::setNombreCompleto","UsuarioDTO::setNombreCompleto( String nombreCompleto)",94,94
1,1,8,0,1,"UsuarioDTO::getFechaRegistro@96-96@backend\Intranet\src\main\java\com\escuelaposgrado\Intranet\dto\UsuarioDTO.java","backend\Intranet\src\main\java\com\escuelaposgrado\Intranet\dto\UsuarioDTO.java","UsuarioDTO::getFechaRegistro","UsuarioDTO::getFechaRegistro()",96,96
1,1,13,1,1,"UsuarioDTO::setFechaRegistro@97-97@backend\Intranet\src\main\java\com\escuelaposgrado\Intranet\dto\UsuarioDTO.java","backend\Intranet\src\main\java\com\escuelaposgrado\Intranet\dto\UsuarioDTO.java","UsuarioDTO::setFechaRegistro","UsuarioDTO::setFechaRegistro( LocalDateTime fechaRegistro)",97,97
1,1,8,0,1,"UsuarioDTO::getFechaActualizacion@99-99@backend\Intranet\src\main\java\com\escuelaposgrado\Intranet\dto\UsuarioDTO.java","backend\Intranet\src\main\java\com\escuelaposgrado\Intranet\dto\UsuarioDTO.java","UsuarioDTO::getFechaActualizacion","UsuarioDTO::getFechaActualizacion()",99,99
1,1,13,1,1,"UsuarioDTO::setFechaActualizacion@100-100@backend\Intranet\src\main\java\com\escuelaposgrado\Intranet\dto\UsuarioDTO.java","backend\Intranet\src\main\java\com\escuelaposgrado\Intranet\dto\UsuarioDTO.java","UsuarioDTO::setFechaActualizacion","UsuarioDTO::setFechaActualizacion( LocalDateTime fechaActualizacion)",100,100
1,1,8,0,1,"UsuarioDTO::getUltimoAcceso@102-102@backend\Intranet\src\main\java\com\escuelaposgrado\Intranet\dto\UsuarioDTO.java","backend\Intranet\src\main\java\com\escuelaposgrado\Intranet\dto\UsuarioDTO.java","UsuarioDTO::getUltimoAcceso","UsuarioDTO::getUltimoAcceso()",102,102
1,1,13,1,1,"UsuarioDTO::setUltimoAcceso@103-103@backend\Intranet\src\main\java\com\escuelaposgrado\Intranet\dto\UsuarioDTO.java","backend\Intranet\src\main\java\com\escuelaposgrado\Intranet\dto\UsuarioDTO.java","UsuarioDTO::setUltimoAcceso","UsuarioDTO::setUltimoAcceso( LocalDateTime ultimoAcceso)",103,103
1,1,8,0,1,"UsuarioDTO::getEliminado@105-105@backend\Intranet\src\main\java\com\escuelaposgrado\Intranet\dto\UsuarioDTO.java","backend\Intranet\src\main\java\com\escuelaposgrado\Intranet\dto\UsuarioDTO.java","UsuarioDTO::getEliminado","UsuarioDTO::getEliminado()",105,105
1,1,13,1,1,"UsuarioDTO::setEliminado@106-106@backend\Intranet\src\main\java\com\escuelaposgrado\Intranet\dto\UsuarioDTO.java","backend\Intranet\src\main\java\com\escuelaposgrado\Intranet\dto\UsuarioDTO.java","UsuarioDTO::setEliminado","UsuarioDTO::setEliminado( Boolean eliminado)",106,106
1,1,5,0,1,"Asistencia::Asistencia@64-64@backend\Intranet\src\main\java\com\escuelaposgrado\Intranet\model\Asistencia.java","backend\Intranet\src\main\java\com\escuelaposgrado\Intranet\model\Asistencia.java","Asistencia::Asistencia","Asistencia::Asistencia()",64,64
9,1,58,6,9,"Asistencia::Asistencia@66-74@backend\Intranet\src\main\java\com\escuelaposgrado\Intranet\model\Asistencia.java","backend\Intranet\src\main\java\com\escuelaposgrado\Intranet\model\Asistencia.java","Asistencia::Asistencia","Asistencia::Asistencia( LocalDate fecha , LocalTime horaEntrada , EstadoAsistencia estado , Usuario estudiante , Materia materia , Integer horasAcademicas)",66,74
4,1,21,0,4,"Asistencia::onCreate@78-81@backend\Intranet\src\main\java\com\escuelaposgrado\Intranet\model\Asistencia.java","backend\Intranet\src\main\java\com\escuelaposgrado\Intranet\model\Asistencia.java","Asistencia::onCreate","Asistencia::onCreate()",78,81
3,1,13,0,3,"Asistencia::onUpdate@84-86@backend\Intranet\src\main\java\com\escuelaposgrado\Intranet\model\Asistencia.java","backend\Intranet\src\main\java\com\escuelaposgrado\Intranet\model\Asistencia.java","Asistencia::onUpdate","Asistencia::onUpdate()",84,86
3,1,12,0,3,"Asistencia::esAsistencia@89-91@backend\Intranet\src\main\java\com\escuelaposgrado\Intranet\model\Asistencia.java","backend\Intranet\src\main\java\com\escuelaposgrado\Intranet\model\Asistencia.java","Asistencia::esAsistencia","Asistencia::esAsistencia()",89,91
3,1,12,0,3,"Asistencia::esFalta@93-95@backend\Intranet\src\main\java\com\escuelaposgrado\Intranet\model\Asistencia.java","backend\Intranet\src\main\java\com\escuelaposgrado\Intranet\model\Asistencia.java","Asistencia::esFalta","Asistencia::esFalta()",93,95
3,1,12,0,3,"Asistencia::esTardanza@97-99@backend\Intranet\src\main\java\com\escuelaposgrado\Intranet\model\Asistencia.java","backend\Intranet\src\main\java\com\escuelaposgrado\Intranet\model\Asistencia.java","Asistencia::esTardanza","Asistencia::esTardanza()",97,99
3,1,10,0,3,"Asistencia::tieneHoraSalida@101-103@backend\Intranet\src\main\java\com\escuelaposgrado\Intranet\model\Asistencia.java","backend\Intranet\src\main\java\com\escuelaposgrado\Intranet\model\Asistencia.java","Asistencia::tieneHoraSalida","Asistencia::tieneHoraSalida()",101,103
1,1,8,0,1,"Asistencia::getId@106-106@backend\Intranet\src\main\java\com\escuelaposgrado\Intranet\model\Asistencia.java","backend\Intranet\src\main\java\com\escuelaposgrado\Intranet\model\Asistencia.java","Asistencia::getId","Asistencia::getId()",106,106
1,1,13,1,1,"Asistencia::setId@107-107@backend\Intranet\src\main\java\com\escuelaposgrado\Intranet\model\Asistencia.java","backend\Intranet\src\main\java\com\escuelaposgrado\Intranet\model\Asistencia.java","Asistencia::setId","Asistencia::setId( Long id)",107,107
1,1,8,0,1,"Asistencia::getFecha@109-109@backend\Intranet\src\main\java\com\escuelaposgrado\Intranet\model\Asistencia.java","backend\Intranet\src\main\java\com\escuelaposgrado\Intranet\model\Asistencia.java","Asistencia::getFecha","Asistencia::getFecha()",109,109
1,1,13,1,1,"Asistencia::setFecha@110-110@backend\Intranet\src\main\java\com\escuelaposgrado\Intranet\model\Asistencia.java","backend\Intranet\src\main\java\com\escuelaposgrado\Intranet\model\Asistencia.java","Asistencia::setFecha","Asistencia::setFecha( LocalDate fecha)",110,110
1,1,8,0,1,"Asistencia::getHoraEntrada@112-112@backend\Intranet\src\main\java\com\escuelaposgrado\Intranet\model\Asistencia.java","backend\Intranet\src\main\java\com\escuelaposgrado\Intranet\model\Asistencia.java","Asistencia::getHoraEntrada","Asistencia::getHoraEntrada()",112,112
1,1,13,1,1,"Asistencia::setHoraEntrada@113-113@backend\Intranet\src\main\java\com\escuelaposgrado\Intranet\model\Asistencia.java","backend\Intranet\src\main\java\com\escuelaposgrado\Intranet\model\Asistencia.java","Asistencia::setHoraEntrada","Asistencia::setHoraEntrada( LocalTime horaEntrada)",113,113
1,1,8,0,1,"Asistencia::getHoraSalida@115-115@backend\Intranet\src\main\java\com\escuelaposgrado\Intranet\model\Asistencia.java","backend\Intranet\src\main\java\com\escuelaposgrado\Intranet\model\Asistencia.java","Asistencia::getHoraSalida","Asistencia::getHoraSalida()",115,115
1,1,13,1,1,"Asistencia::setHoraSalida@116-116@backend\Intranet\src\main\java\com\escuelaposgrado\Intranet\model\Asistencia.java","backend\Intranet\src\main\java\com\escuelaposgrado\Intranet\model\Asistencia.java","Asistencia::setHoraSalida","Asistencia::setHoraSalida( LocalTime horaSalida)",116,116
1,1,8,0,1,"Asistencia::getEstado@118-118@backend\Intranet\src\main\java\com\escuelaposgrado\Intranet\model\Asistencia.java","backend\Intranet\src\main\java\com\escuelaposgrado\Intranet\model\Asistencia.java","Asistencia::getEstado","Asistencia::getEstado()",118,118
1,1,13,1,1,"Asistencia::setEstado@119-119@backend\Intranet\src\main\java\com\escuelaposgrado\Intranet\model\Asistencia.java","backend\Intranet\src\main\java\com\escuelaposgrado\Intranet\model\Asistencia.java","Asistencia::setEstado","Asistencia::setEstado( EstadoAsistencia estado)",119,119
1,1,8,0,1,"Asistencia::getObservaciones@121-121@backend\Intranet\src\main\java\com\escuelaposgrado\Intranet\model\Asistencia.java","backend\Intranet\src\main\java\com\escuelaposgrado\Intranet\model\Asistencia.java","Asistencia::getObservaciones","Asistencia::getObservaciones()",121,121
1,1,13,1,1,"Asistencia::setObservaciones@122-122@backend\Intranet\src\main\java\com\escuelaposgrado\Intranet\model\Asistencia.java","backend\Intranet\src\main\java\com\escuelaposgrado\Intranet\model\Asistencia.java","Asistencia::setObservaciones","Asistencia::setObservaciones( String observaciones)",122,122
1,1,8,0,1,"Asistencia::getHorasAcademicas@124-124@backend\Intranet\src\main\java\com\escuelaposgrado\Intranet\model\Asistencia.java","backend\Intranet\src\main\java\com\escuelaposgrado\Intranet\model\Asistencia.java","Asistencia::getHorasAcademicas","Asistencia::getHorasAcademicas()",124,124
1,1,13,1,1,"Asistencia::setHorasAcademicas@125-125@backend\Intranet\src\main\java\com\escuelaposgrado\Intranet\model\Asistencia.java","backend\Intranet\src\main\java\com\escuelaposgrado\Intranet\model\Asistencia.java","Asistencia::setHorasAcademicas","Asistencia::setHorasAcademicas( Integer horasAcademicas)",125,125
1,1,8,0,1,"Asistencia::getEstudiante@127-127@backend\Intranet\src\main\java\com\escuelaposgrado\Intranet\model\Asistencia.java","backend\Intranet\src\main\java\com\escuelaposgrado\Intranet\model\Asistencia.java","Asistencia::getEstudiante","Asistencia::getEstudiante()",127,127
1,1,13,1,1,"Asistencia::setEstudiante@128-128@backend\Intranet\src\main\java\com\escuelaposgrado\Intranet\model\Asistencia.java","backend\Intranet\src\main\java\com\escuelaposgrado\Intranet\model\Asistencia.java","Asistencia::setEstudiante","Asistencia::setEstudiante( Usuario estudiante)",128,128
1,1,8,0,1,"Asistencia::getMateria@130-130@backend\Intranet\src\main\java\com\escuelaposgrado\Intranet\model\Asistencia.java","backend\Intranet\src\main\java\com\escuelaposgrado\Intranet\model\Asistencia.java","Asistencia::getMateria","Asistencia::getMateria()",130,130
1,1,13,1,1,"Asistencia::setMateria@131-131@backend\Intranet\src\main\java\com\escuelaposgrado\Intranet\model\Asistencia.java","backend\Intranet\src\main\java\com\escuelaposgrado\Intranet\model\Asistencia.java","Asistencia::setMateria","Asistencia::setMateria( Materia materia)",131,131
1,1,8,0,1,"Asistencia::getFechaRegistro@133-133@backend\Intranet\src\main\java\com\escuelaposgrado\Intranet\model\Asistencia.java","backend\Intranet\src\main\java\com\escuelaposgrado\Intranet\model\Asistencia.java","Asistencia::getFechaRegistro","Asistencia::getFechaRegistro()",133,133
1,1,13,1,1,"Asistencia::setFechaRegistro@134-134@backend\Intranet\src\main\java\com\escuelaposgrado\Intranet\model\Asistencia.java","backend\Intranet\src\main\java\com\escuelaposgrado\Intranet\model\Asistencia.java","Asistencia::setFechaRegistro","Asistencia::setFechaRegistro( LocalDateTime fechaRegistro)",134,134
1,1,8,0,1,"Asistencia::getFechaActualizacion@136-136@backend\Intranet\src\main\java\com\escuelaposgrado\Intranet\model\Asistencia.java","backend\Intranet\src\main\java\com\escuelaposgrado\Intranet\model\Asistencia.java","Asistencia::getFechaActualizacion","Asistencia::getFechaActualizacion()",136,136
1,1,13,1,1,"Asistencia::setFechaActualizacion@137-137@backend\Intranet\src\main\java\com\escuelaposgrado\Intranet\model\Asistencia.java","backend\Intranet\src\main\java\com\escuelaposgrado\Intranet\model\Asistencia.java","Asistencia::setFechaActualizacion","Asistencia::setFechaActualizacion( LocalDateTime fechaActualizacion)",137,137
1,1,8,0,1,"Asistencia::getRegistradoPor@139-139@backend\Intranet\src\main\java\com\escuelaposgrado\Intranet\model\Asistencia.java","backend\Intranet\src\main\java\com\escuelaposgrado\Intranet\model\Asistencia.java","Asistencia::getRegistradoPor","Asistencia::getRegistradoPor()",139,139
1,1,13,1,1,"Asistencia::setRegistradoPor@140-140@backend\Intranet\src\main\java\com\escuelaposgrado\Intranet\model\Asistencia.java","backend\Intranet\src\main\java\com\escuelaposgrado\Intranet\model\Asistencia.java","Asistencia::setRegistradoPor","Asistencia::setRegistradoPor( String registradoPor)",140,140
1,1,5,0,1,"Calificacion::Calificacion@96-96@backend\Intranet\src\main\java\com\escuelaposgrado\Intranet\model\Calificacion.java","backend\Intranet\src\main\java\com\escuelaposgrado\Intranet\model\Calificacion.java","Calificacion::Calificacion","Calificacion::Calificacion()",96,96
10,1,67,7,10,"Calificacion::Calificacion@98-107@backend\Intranet\src\main\java\com\escuelaposgrado\Intranet\model\Calificacion.java","backend\Intranet\src\main\java\com\escuelaposgrado\Intranet\model\Calificacion.java","Calificacion::Calificacion","Calificacion::Calificacion( TipoEvaluacion tipoEvaluacion , String descripcion , BigDecimal nota , BigDecimal peso , LocalDate fechaEvaluacion , Usuario estudiante , Materia materia)",98,107
4,1,21,0,4,"Calificacion::onCreate@111-114@backend\Intranet\src\main\java\com\escuelaposgrado\Intranet\model\Calificacion.java","backend\Intranet\src\main\java\com\escuelaposgrado\Intranet\model\Calificacion.java","Calificacion::onCreate","Calificacion::onCreate()",111,114
3,1,13,0,3,"Calificacion::onUpdate@117-119@backend\Intranet\src\main\java\com\escuelaposgrado\Intranet\model\Calificacion.java","backend\Intranet\src\main\java\com\escuelaposgrado\Intranet\model\Calificacion.java","Calificacion::onUpdate","Calificacion::onUpdate()",117,119
3,1,19,0,3,"Calificacion::esAprobatoria@122-124@backend\Intranet\src\main\java\com\escuelaposgrado\Intranet\model\Calificacion.java","backend\Intranet\src\main\java\com\escuelaposgrado\Intranet\model\Calificacion.java","Calificacion::esAprobatoria","Calificacion::esAprobatoria()",122,124
3,1,19,0,3,"Calificacion::esDesaprobatoria@126-128@backend\Intranet\src\main\java\com\escuelaposgrado\Intranet\model\Calificacion.java","backend\Intranet\src\main\java\com\escuelaposgrado\Intranet\model\Calificacion.java","Calificacion::esDesaprobatoria","Calificacion::esDesaprobatoria()",126,128
3,1,10,0,3,"Calificacion::fueCorregida@130-132@backend\Intranet\src\main\java\com\escuelaposgrado\Intranet\model\Calificacion.java","backend\Intranet\src\main\java\com\escuelaposgrado\Intranet\model\Calificacion.java","Calificacion::fueCorregida","Calificacion::fueCorregida()",130,132
7,2,22,0,7,"Calificacion::getEstadoTexto@134-140@backend\Intranet\src\main\java\com\escuelaposgrado\Intranet\model\Calificacion.java","backend\Intranet\src\main\java\com\escuelaposgrado\Intranet\model\Calificacion.java","Calificacion::getEstadoTexto","Calificacion::getEstadoTexto()",134,140
3,1,28,0,3,"Calificacion::getNotaContribucion@142-144@backend\Intranet\src\main\java\com\escuelaposgrado\Intranet\model\Calificacion.java","backend\Intranet\src\main\java\com\escuelaposgrado\Intranet\model\Calificacion.java","Calificacion::getNotaContribucion","Calificacion::getNotaContribucion()",142,144
1,1,8,0,1,"Calificacion::getId@147-147@backend\Intranet\src\main\java\com\escuelaposgrado\Intranet\model\Calificacion.java","backend\Intranet\src\main\java\com\escuelaposgrado\Intranet\model\Calificacion.java","Calificacion::getId","Calificacion::getId()",147,147
1,1,13,1,1,"Calificacion::setId@148-148@backend\Intranet\src\main\java\com\escuelaposgrado\Intranet\model\Calificacion.java","backend\Intranet\src\main\java\com\escuelaposgrado\Intranet\model\Calificacion.java","Calificacion::setId","Calificacion::setId( Long id)",148,148
1,1,8,0,1,"Calificacion::getTipoEvaluacion@150-150@backend\Intranet\src\main\java\com\escuelaposgrado\Intranet\model\Calificacion.java","backend\Intranet\src\main\java\com\escuelaposgrado\Intranet\model\Calificacion.java","Calificacion::getTipoEvaluacion","Calificacion::getTipoEvaluacion()",150,150
1,1,13,1,1,"Calificacion::setTipoEvaluacion@151-151@backend\Intranet\src\main\java\com\escuelaposgrado\Intranet\model\Calificacion.java","backend\Intranet\src\main\java\com\escuelaposgrado\Intranet\model\Calificacion.java","Calificacion::setTipoEvaluacion","Calificacion::setTipoEvaluacion( TipoEvaluacion tipoEvaluacion)",151,151
1,1,8,0,1,"Calificacion::getDescripcion@153-153@backend\Intranet\src\main\java\com\escuelaposgrado\Intranet\model\Calificacion.java","backend\Intranet\src\main\java\com\escuelaposgrado\Intranet\model\Calificacion.java","Calificacion::getDescripcion","Calificacion::getDescripcion()",153,153
1,1,13,1,1,"Calificacion::setDescripcion@154-154@backend\Intranet\src\main\java\com\escuelaposgrado\Intranet\model\Calificacion.java","backend\Intranet\src\main\java\com\escuelaposgrado\Intranet\model\Calificacion.java","Calificacion::setDescripcion","Calificacion::setDescripcion( String descripcion)",154,154
1,1,8,0,1,"Calificacion::getNota@156-156@backend\Intranet\src\main\java\com\escuelaposgrado\Intranet\model\Calificacion.java","backend\Intranet\src\main\java\com\escuelaposgrado\Intranet\model\Calificacion.java","Calificacion::getNota","Calificacion::getNota()",156,156
1,1,13,1,1,"Calificacion::setNota@157-157@backend\Intranet\src\main\java\com\escuelaposgrado\Intranet\model\Calificacion.java","backend\Intranet\src\main\java\com\escuelaposgrado\Intranet\model\Calificacion.java","Calificacion::setNota","Calificacion::setNota( BigDecimal nota)",157,157
1,1,8,0,1,"Calificacion::getPeso@159-159@backend\Intranet\src\main\java\com\escuelaposgrado\Intranet\model\Calificacion.java","backend\Intranet\src\main\java\com\escuelaposgrado\Intranet\model\Calificacion.java","Calificacion::getPeso","Calificacion::getPeso()",159,159
1,1,13,1,1,"Calificacion::setPeso@160-160@backend\Intranet\src\main\java\com\escuelaposgrado\Intranet\model\Calificacion.java","backend\Intranet\src\main\java\com\escuelaposgrado\Intranet\model\Calificacion.java","Calificacion::setPeso","Calificacion::setPeso( BigDecimal peso)",160,160
1,1,8,0,1,"Calificacion::getFechaEvaluacion@162-162@backend\Intranet\src\main\java\com\escuelaposgrado\Intranet\model\Calificacion.java","backend\Intranet\src\main\java\com\escuelaposgrado\Intranet\model\Calificacion.java","Calificacion::getFechaEvaluacion","Calificacion::getFechaEvaluacion()",162,162
1,1,13,1,1,"Calificacion::setFechaEvaluacion@163-163@backend\Intranet\src\main\java\com\escuelaposgrado\Intranet\model\Calificacion.java","backend\Intranet\src\main\java\com\escuelaposgrado\Intranet\model\Calificacion.java","Calificacion::setFechaEvaluacion","Calificacion::setFechaEvaluacion( LocalDate fechaEvaluacion)",163,163
1,1,8,0,1,"Calificacion::getObservaciones@165-165@backend\Intranet\src\main\java\com\escuelaposgrado\Intranet\model\Calificacion.java","backend\Intranet\src\main\java\com\escuelaposgrado\Intranet\model\Calificacion.java","Calificacion::getObservaciones","Calificacion::getObservaciones()",165,165
1,1,13,1,1,"Calificacion::setObservaciones@166-166@backend\Intranet\src\main\java\com\escuelaposgrado\Intranet\model\Calificacion.java","backend\Intranet\src\main\java\com\escuelaposgrado\Intranet\model\Calificacion.java","Calificacion::setObservaciones","Calificacion::setObservaciones( String observaciones)",166,166
1,1,8,0,1,"Calificacion::getPublicada@168-168@backend\Intranet\src\main\java\com\escuelaposgrado\Intranet\model\Calificacion.java","backend\Intranet\src\main\java\com\escuelaposgrado\Intranet\model\Calificacion.java","Calificacion::getPublicada","Calificacion::getPublicada()",168,168
1,1,13,1,1,"Calificacion::setPublicada@169-169@backend\Intranet\src\main\java\com\escuelaposgrado\Intranet\model\Calificacion.java","backend\Intranet\src\main\java\com\escuelaposgrado\Intranet\model\Calificacion.java","Calificacion::setPublicada","Calificacion::setPublicada( Boolean publicada)",169,169
1,1,8,0,1,"Calificacion::getRecuperable@171-171@backend\Intranet\src\main\java\com\escuelaposgrado\Intranet\model\Calificacion.java","backend\Intranet\src\main\java\com\escuelaposgrado\Intranet\model\Calificacion.java","Calificacion::getRecuperable","Calificacion::getRecuperable()",171,171
1,1,13,1,1,"Calificacion::setRecuperable@172-172@backend\Intranet\src\main\java\com\escuelaposgrado\Intranet\model\Calificacion.java","backend\Intranet\src\main\java\com\escuelaposgrado\Intranet\model\Calificacion.java","Calificacion::setRecuperable","Calificacion::setRecuperable( Boolean recuperable)",172,172
1,1,8,0,1,"Calificacion::getNotaAnterior@174-174@backend\Intranet\src\main\java\com\escuelaposgrado\Intranet\model\Calificacion.java","backend\Intranet\src\main\java\com\escuelaposgrado\Intranet\model\Calificacion.java","Calificacion::getNotaAnterior","Calificacion::getNotaAnterior()",174,174
1,1,13,1,1,"Calificacion::setNotaAnterior@175-175@backend\Intranet\src\main\java\com\escuelaposgrado\Intranet\model\Calificacion.java","backend\Intranet\src\main\java\com\escuelaposgrado\Intranet\model\Calificacion.java","Calificacion::setNotaAnterior","Calificacion::setNotaAnterior( BigDecimal notaAnterior)",175,175
1,1,8,0,1,"Calificacion::getFechaCorreccion@177-177@backend\Intranet\src\main\java\com\escuelaposgrado\Intranet\model\Calificacion.java","backend\Intranet\src\main\java\com\escuelaposgrado\Intranet\model\Calificacion.java","Calificacion::getFechaCorreccion","Calificacion::getFechaCorreccion()",177,177
1,1,13,1,1,"Calificacion::setFechaCorreccion@178-178@backend\Intranet\src\main\java\com\escuelaposgrado\Intranet\model\Calificacion.java","backend\Intranet\src\main\java\com\escuelaposgrado\Intranet\model\Calificacion.java","Calificacion::setFechaCorreccion","Calificacion::setFechaCorreccion( LocalDateTime fechaCorreccion)",178,178
1,1,8,0,1,"Calificacion::getMotivoCorreccion@180-180@backend\Intranet\src\main\java\com\escuelaposgrado\Intranet\model\Calificacion.java","backend\Intranet\src\main\java\com\escuelaposgrado\Intranet\model\Calificacion.java","Calificacion::getMotivoCorreccion","Calificacion::getMotivoCorreccion()",180,180
1,1,13,1,1,"Calificacion::setMotivoCorreccion@181-181@backend\Intranet\src\main\java\com\escuelaposgrado\Intranet\model\Calificacion.java","backend\Intranet\src\main\java\com\escuelaposgrado\Intranet\model\Calificacion.java","Calificacion::setMotivoCorreccion","Calificacion::setMotivoCorreccion( String motivoCorreccion)",181,181
1,1,8,0,1,"Calificacion::getEstudiante@183-183@backend\Intranet\src\main\java\com\escuelaposgrado\Intranet\model\Calificacion.java","backend\Intranet\src\main\java\com\escuelaposgrado\Intranet\model\Calificacion.java","Calificacion::getEstudiante","Calificacion::getEstudiante()",183,183
1,1,13,1,1,"Calificacion::setEstudiante@184-184@backend\Intranet\src\main\java\com\escuelaposgrado\Intranet\model\Calificacion.java","backend\Intranet\src\main\java\com\escuelaposgrado\Intranet\model\Calificacion.java","Calificacion::setEstudiante","Calificacion::setEstudiante( Usuario estudiante)",184,184
1,1,8,0,1,"Calificacion::getMateria@186-186@backend\Intranet\src\main\java\com\escuelaposgrado\Intranet\model\Calificacion.java","backend\Intranet\src\main\java\com\escuelaposgrado\Intranet\model\Calificacion.java","Calificacion::getMateria","Calificacion::getMateria()",186,186
1,1,13,1,1,"Calificacion::setMateria@187-187@backend\Intranet\src\main\java\com\escuelaposgrado\Intranet\model\Calificacion.java","backend\Intranet\src\main\java\com\escuelaposgrado\Intranet\model\Calificacion.java","Calificacion::setMateria","Calificacion::setMateria( Materia materia)",187,187
1,1,8,0,1,"Calificacion::getFechaRegistro@189-189@backend\Intranet\src\main\java\com\escuelaposgrado\Intranet\model\Calificacion.java","backend\Intranet\src\main\java\com\escuelaposgrado\Intranet\model\Calificacion.java","Calificacion::getFechaRegistro","Calificacion::getFechaRegistro()",189,189
1,1,13,1,1,"Calificacion::setFechaRegistro@190-190@backend\Intranet\src\main\java\com\escuelaposgrado\Intranet\model\Calificacion.java","backend\Intranet\src\main\java\com\escuelaposgrado\Intranet\model\Calificacion.java","Calificacion::setFechaRegistro","Calificacion::setFechaRegistro( LocalDateTime fechaRegistro)",190,190
1,1,8,0,1,"Calificacion::getFechaActualizacion@192-192@backend\Intranet\src\main\java\com\escuelaposgrado\Intranet\model\Calificacion.java","backend\Intranet\src\main\java\com\escuelaposgrado\Intranet\model\Calificacion.java","Calificacion::getFechaActualizacion","Calificacion::getFechaActualizacion()",192,192
1,1,13,1,1,"Calificacion::setFechaActualizacion@193-193@backend\Intranet\src\main\java\com\escuelaposgrado\Intranet\model\Calificacion.java","backend\Intranet\src\main\java\com\escuelaposgrado\Intranet\model\Calificacion.java","Calificacion::setFechaActualizacion","Calificacion::setFechaActualizacion( LocalDateTime fechaActualizacion)",193,193
1,1,8,0,1,"Calificacion::getRegistradoPor@195-195@backend\Intranet\src\main\java\com\escuelaposgrado\Intranet\model\Calificacion.java","backend\Intranet\src\main\java\com\escuelaposgrado\Intranet\model\Calificacion.java","Calificacion::getRegistradoPor","Calificacion::getRegistradoPor()",195,195
1,1,13,1,1,"Calificacion::setRegistradoPor@196-196@backend\Intranet\src\main\java\com\escuelaposgrado\Intranet\model\Calificacion.java","backend\Intranet\src\main\java\com\escuelaposgrado\Intranet\model\Calificacion.java","Calificacion::setRegistradoPor","Calificacion::setRegistradoPor( String registradoPor)",196,196
1,1,8,0,1,"Calificacion::getCorregidoPor@198-198@backend\Intranet\src\main\java\com\escuelaposgrado\Intranet\model\Calificacion.java","backend\Intranet\src\main\java\com\escuelaposgrado\Intranet\model\Calificacion.java","Calificacion::getCorregidoPor","Calificacion::getCorregidoPor()",198,198
1,1,13,1,1,"Calificacion::setCorregidoPor@199-199@backend\Intranet\src\main\java\com\escuelaposgrado\Intranet\model\Calificacion.java","backend\Intranet\src\main\java\com\escuelaposgrado\Intranet\model\Calificacion.java","Calificacion::setCorregidoPor","Calificacion::setCorregidoPor( String corregidoPor)",199,199
1,1,8,0,1,"Calificacion::getCiclo@201-201@backend\Intranet\src\main\java\com\escuelaposgrado\Intranet\model\Calificacion.java","backend\Intranet\src\main\java\com\escuelaposgrado\Intranet\model\Calificacion.java","Calificacion::getCiclo","Calificacion::getCiclo()",201,201
1,1,13,1,1,"Calificacion::setCiclo@202-202@backend\Intranet\src\main\java\com\escuelaposgrado\Intranet\model\Calificacion.java","backend\Intranet\src\main\java\com\escuelaposgrado\Intranet\model\Calificacion.java","Calificacion::setCiclo","Calificacion::setCiclo( Ciclo ciclo)",202,202
1,1,8,0,1,"Calificacion::getAnio@204-204@backend\Intranet\src\main\java\com\escuelaposgrado\Intranet\model\Calificacion.java","backend\Intranet\src\main\java\com\escuelaposgrado\Intranet\model\Calificacion.java","Calificacion::getAnio","Calificacion::getAnio()",204,204
1,1,13,1,1,"Calificacion::setAnio@205-205@backend\Intranet\src\main\java\com\escuelaposgrado\Intranet\model\Calificacion.java","backend\Intranet\src\main\java\com\escuelaposgrado\Intranet\model\Calificacion.java","Calificacion::setAnio","Calificacion::setAnio( Integer anio)",205,205
3,1,13,1,3,"Ciclo::Ciclo@14-16@backend\Intranet\src\main\java\com\escuelaposgrado\Intranet\model\Ciclo.java","backend\Intranet\src\main\java\com\escuelaposgrado\Intranet\model\Ciclo.java","Ciclo::Ciclo","Ciclo( String descripcion)",14,16
3,1,8,0,3,"Ciclo::getDescripcion@18-20@backend\Intranet\src\main\java\com\escuelaposgrado\Intranet\model\Ciclo.java","backend\Intranet\src\main\java\com\escuelaposgrado\Intranet\model\Ciclo.java","Ciclo::getDescripcion","getDescripcion()",18,20
3,1,8,0,3,"Ciclo::toString@23-25@backend\Intranet\src\main\java\com\escuelaposgrado\Intranet\model\Ciclo.java","backend\Intranet\src\main\java\com\escuelaposgrado\Intranet\model\Ciclo.java","Ciclo::toString","toString()",23,25
1,1,5,0,1,"Encuesta::Encuesta@82-82@backend\Intranet\src\main\java\com\escuelaposgrado\Intranet\model\Encuesta.java","backend\Intranet\src\main\java\com\escuelaposgrado\Intranet\model\Encuesta.java","Encuesta::Encuesta","Encuesta::Encuesta()",82,82
8,1,49,5,8,"Encuesta::Encuesta@84-91@backend\Intranet\src\main\java\com\escuelaposgrado\Intranet\model\Encuesta.java","backend\Intranet\src\main\java\com\escuelaposgrado\Intranet\model\Encuesta.java","Encuesta::Encuesta","Encuesta::Encuesta( String titulo , String descripcion , TipoEncuesta tipo , LocalDate fechaInicio , LocalDate fechaFin)",84,91
4,1,21,0,4,"Encuesta::onCreate@95-98@backend\Intranet\src\main\java\com\escuelaposgrado\Intranet\model\Encuesta.java","backend\Intranet\src\main\java\com\escuelaposgrado\Intranet\model\Encuesta.java","Encuesta::onCreate","Encuesta::onCreate()",95,98
3,1,13,0,3,"Encuesta::onUpdate@101-103@backend\Intranet\src\main\java\com\escuelaposgrado\Intranet\model\Encuesta.java","backend\Intranet\src\main\java\com\escuelaposgrado\Intranet\model\Encuesta.java","Encuesta::onUpdate","Encuesta::onUpdate()",101,103
4,3,33,0,4,"Encuesta::estaActiva@106-109@backend\Intranet\src\main\java\com\escuelaposgrado\Intranet\model\Encuesta.java","backend\Intranet\src\main\java\com\escuelaposgrado\Intranet\model\Encuesta.java","Encuesta::estaActiva","Encuesta::estaActiva()",106,109
3,1,17,0,3,"Encuesta::haTerminado@111-113@backend\Intranet\src\main\java\com\escuelaposgrado\Intranet\model\Encuesta.java","backend\Intranet\src\main\java\com\escuelaposgrado\Intranet\model\Encuesta.java","Encuesta::haTerminado","Encuesta::haTerminado()",111,113
3,1,17,0,3,"Encuesta::noHaIniciado@115-117@backend\Intranet\src\main\java\com\escuelaposgrado\Intranet\model\Encuesta.java","backend\Intranet\src\main\java\com\escuelaposgrado\Intranet\model\Encuesta.java","Encuesta::noHaIniciado","Encuesta::noHaIniciado()",115,117
7,2,43,0,7,"Encuesta::getDiasRestantes@119-125@backend\Intranet\src\main\java\com\escuelaposgrado\Intranet\model\Encuesta.java","backend\Intranet\src\main\java\com\escuelaposgrado\Intranet\model\Encuesta.java","Encuesta::getDiasRestantes","Encuesta::getDiasRestantes()",119,125
1,1,8,0,1,"Encuesta::getId@128-128@backend\Intranet\src\main\java\com\escuelaposgrado\Intranet\model\Encuesta.java","backend\Intranet\src\main\java\com\escuelaposgrado\Intranet\model\Encuesta.java","Encuesta::getId","Encuesta::getId()",128,128
1,1,13,1,1,"Encuesta::setId@129-129@backend\Intranet\src\main\java\com\escuelaposgrado\Intranet\model\Encuesta.java","backend\Intranet\src\main\java\com\escuelaposgrado\Intranet\model\Encuesta.java","Encuesta::setId","Encuesta::setId( Long id)",129,129
1,1,8,0,1,"Encuesta::getTitulo@131-131@backend\Intranet\src\main\java\com\escuelaposgrado\Intranet\model\Encuesta.java","backend\Intranet\src\main\java\com\escuelaposgrado\Intranet\model\Encuesta.java","Encuesta::getTitulo","Encuesta::getTitulo()",131,131
1,1,13,1,1,"Encuesta::setTitulo@132-132@backend\Intranet\src\main\java\com\escuelaposgrado\Intranet\model\Encuesta.java","backend\Intranet\src\main\java\com\escuelaposgrado\Intranet\model\Encuesta.java","Encuesta::setTitulo","Encuesta::setTitulo( String titulo)",132,132
1,1,8,0,1,"Encuesta::getDescripcion@134-134@backend\Intranet\src\main\java\com\escuelaposgrado\Intranet\model\Encuesta.java","backend\Intranet\src\main\java\com\escuelaposgrado\Intranet\model\Encuesta.java","Encuesta::getDescripcion","Encuesta::getDescripcion()",134,134
1,1,13,1,1,"Encuesta::setDescripcion@135-135@backend\Intranet\src\main\java\com\escuelaposgrado\Intranet\model\Encuesta.java","backend\Intranet\src\main\java\com\escuelaposgrado\Intranet\model\Encuesta.java","Encuesta::setDescripcion","Encuesta::setDescripcion( String descripcion)",135,135
1,1,8,0,1,"Encuesta::getTipo@137-137@backend\Intranet\src\main\java\com\escuelaposgrado\Intranet\model\Encuesta.java","backend\Intranet\src\main\java\com\escuelaposgrado\Intranet\model\Encuesta.java","Encuesta::getTipo","Encuesta::getTipo()",137,137
1,1,13,1,1,"Encuesta::setTipo@138-138@backend\Intranet\src\main\java\com\escuelaposgrado\Intranet\model\Encuesta.java","backend\Intranet\src\main\java\com\escuelaposgrado\Intranet\model\Encuesta.java","Encuesta::setTipo","Encuesta::setTipo( TipoEncuesta tipo)",138,138
1,1,8,0,1,"Encuesta::getFechaInicio@140-140@backend\Intranet\src\main\java\com\escuelaposgrado\Intranet\model\Encuesta.java","backend\Intranet\src\main\java\com\escuelaposgrado\Intranet\model\Encuesta.java","Encuesta::getFechaInicio","Encuesta::getFechaInicio()",140,140
1,1,13,1,1,"Encuesta::setFechaInicio@141-141@backend\Intranet\src\main\java\com\escuelaposgrado\Intranet\model\Encuesta.java","backend\Intranet\src\main\java\com\escuelaposgrado\Intranet\model\Encuesta.java","Encuesta::setFechaInicio","Encuesta::setFechaInicio( LocalDate fechaInicio)",141,141
1,1,8,0,1,"Encuesta::getFechaFin@143-143@backend\Intranet\src\main\java\com\escuelaposgrado\Intranet\model\Encuesta.java","backend\Intranet\src\main\java\com\escuelaposgrado\Intranet\model\Encuesta.java","Encuesta::getFechaFin","Encuesta::getFechaFin()",143,143
1,1,13,1,1,"Encuesta::setFechaFin@144-144@backend\Intranet\src\main\java\com\escuelaposgrado\Intranet\model\Encuesta.java","backend\Intranet\src\main\java\com\escuelaposgrado\Intranet\model\Encuesta.java","Encuesta::setFechaFin","Encuesta::setFechaFin( LocalDate fechaFin)",144,144
1,1,8,0,1,"Encuesta::getActiva@146-146@backend\Intranet\src\main\java\com\escuelaposgrado\Intranet\model\Encuesta.java","backend\Intranet\src\main\java\com\escuelaposgrado\Intranet\model\Encuesta.java","Encuesta::getActiva","Encuesta::getActiva()",146,146
1,1,13,1,1,"Encuesta::setActiva@147-147@backend\Intranet\src\main\java\com\escuelaposgrado\Intranet\model\Encuesta.java","backend\Intranet\src\main\java\com\escuelaposgrado\Intranet\model\Encuesta.java","Encuesta::setActiva","Encuesta::setActiva( Boolean activa)",147,147
1,1,8,0,1,"Encuesta::getAnonima@149-149@backend\Intranet\src\main\java\com\escuelaposgrado\Intranet\model\Encuesta.java","backend\Intranet\src\main\java\com\escuelaposgrado\Intranet\model\Encuesta.java","Encuesta::getAnonima","Encuesta::getAnonima()",149,149
1,1,13,1,1,"Encuesta::setAnonima@150-150@backend\Intranet\src\main\java\com\escuelaposgrado\Intranet\model\Encuesta.java","backend\Intranet\src\main\java\com\escuelaposgrado\Intranet\model\Encuesta.java","Encuesta::setAnonima","Encuesta::setAnonima( Boolean anonima)",150,150
1,1,8,0,1,"Encuesta::getObligatoria@152-152@backend\Intranet\src\main\java\com\escuelaposgrado\Intranet\model\Encuesta.java","backend\Intranet\src\main\java\com\escuelaposgrado\Intranet\model\Encuesta.java","Encuesta::getObligatoria","Encuesta::getObligatoria()",152,152
1,1,13,1,1,"Encuesta::setObligatoria@153-153@backend\Intranet\src\main\java\com\escuelaposgrado\Intranet\model\Encuesta.java","backend\Intranet\src\main\java\com\escuelaposgrado\Intranet\model\Encuesta.java","Encuesta::setObligatoria","Encuesta::setObligatoria( Boolean obligatoria)",153,153
1,1,8,0,1,"Encuesta::getMateria@155-155@backend\Intranet\src\main\java\com\escuelaposgrado\Intranet\model\Encuesta.java","backend\Intranet\src\main\java\com\escuelaposgrado\Intranet\model\Encuesta.java","Encuesta::getMateria","Encuesta::getMateria()",155,155
1,1,13,1,1,"Encuesta::setMateria@156-156@backend\Intranet\src\main\java\com\escuelaposgrado\Intranet\model\Encuesta.java","backend\Intranet\src\main\java\com\escuelaposgrado\Intranet\model\Encuesta.java","Encuesta::setMateria","Encuesta::setMateria( Materia materia)",156,156
1,1,8,0,1,"Encuesta::getRolObjetivo@158-158@backend\Intranet\src\main\java\com\escuelaposgrado\Intranet\model\Encuesta.java","backend\Intranet\src\main\java\com\escuelaposgrado\Intranet\model\Encuesta.java","Encuesta::getRolObjetivo","Encuesta::getRolObjetivo()",158,158
1,1,13,1,1,"Encuesta::setRolObjetivo@159-159@backend\Intranet\src\main\java\com\escuelaposgrado\Intranet\model\Encuesta.java","backend\Intranet\src\main\java\com\escuelaposgrado\Intranet\model\Encuesta.java","Encuesta::setRolObjetivo","Encuesta::setRolObjetivo( Role rolObjetivo)",159,159
1,1,8,0,1,"Encuesta::getInstrucciones@161-161@backend\Intranet\src\main\java\com\escuelaposgrado\Intranet\model\Encuesta.java","backend\Intranet\src\main\java\com\escuelaposgrado\Intranet\model\Encuesta.java","Encuesta::getInstrucciones","Encuesta::getInstrucciones()",161,161
1,1,13,1,1,"Encuesta::setInstrucciones@162-162@backend\Intranet\src\main\java\com\escuelaposgrado\Intranet\model\Encuesta.java","backend\Intranet\src\main\java\com\escuelaposgrado\Intranet\model\Encuesta.java","Encuesta::setInstrucciones","Encuesta::setInstrucciones( String instrucciones)",162,162
1,1,8,0,1,"Encuesta::getPreguntas@164-164@backend\Intranet\src\main\java\com\escuelaposgrado\Intranet\model\Encuesta.java","backend\Intranet\src\main\java\com\escuelaposgrado\Intranet\model\Encuesta.java","Encuesta::getPreguntas","Encuesta::getPreguntas()",164,164
1,1,16,1,1,"Encuesta::setPreguntas@165-165@backend\Intranet\src\main\java\com\escuelaposgrado\Intranet\model\Encuesta.java","backend\Intranet\src\main\java\com\escuelaposgrado\Intranet\model\Encuesta.java","Encuesta::setPreguntas","Encuesta::setPreguntas( List<PreguntaEncuesta> preguntas)",165,165
1,1,8,0,1,"Encuesta::getRespuestas@167-167@backend\Intranet\src\main\java\com\escuelaposgrado\Intranet\model\Encuesta.java","backend\Intranet\src\main\java\com\escuelaposgrado\Intranet\model\Encuesta.java","Encuesta::getRespuestas","Encuesta::getRespuestas()",167,167
1,1,16,1,1,"Encuesta::setRespuestas@168-168@backend\Intranet\src\main\java\com\escuelaposgrado\Intranet\model\Encuesta.java","backend\Intranet\src\main\java\com\escuelaposgrado\Intranet\model\Encuesta.java","Encuesta::setRespuestas","Encuesta::setRespuestas( List<RespuestaEncuesta> respuestas)",168,168
1,1,8,0,1,"Encuesta::getFechaCreacion@170-170@backend\Intranet\src\main\java\com\escuelaposgrado\Intranet\model\Encuesta.java","backend\Intranet\src\main\java\com\escuelaposgrado\Intranet\model\Encuesta.java","Encuesta::getFechaCreacion","Encuesta::getFechaCreacion()",170,170
1,1,13,1,1,"Encuesta::setFechaCreacion@171-171@backend\Intranet\src\main\java\com\escuelaposgrado\Intranet\model\Encuesta.java","backend\Intranet\src\main\java\com\escuelaposgrado\Intranet\model\Encuesta.java","Encuesta::setFechaCreacion","Encuesta::setFechaCreacion( LocalDateTime fechaCreacion)",171,171
1,1,8,0,1,"Encuesta::getFechaActualizacion@173-173@backend\Intranet\src\main\java\com\escuelaposgrado\Intranet\model\Encuesta.java","backend\Intranet\src\main\java\com\escuelaposgrado\Intranet\model\Encuesta.java","Encuesta::getFechaActualizacion","Encuesta::getFechaActualizacion()",173,173
1,1,13,1,1,"Encuesta::setFechaActualizacion@174-174@backend\Intranet\src\main\java\com\escuelaposgrado\Intranet\model\Encuesta.java","backend\Intranet\src\main\java\com\escuelaposgrado\Intranet\model\Encuesta.java","Encuesta::setFechaActualizacion","Encuesta::setFechaActualizacion( LocalDateTime fechaActualizacion)",174,174
1,1,8,0,1,"Encuesta::getCreadoPor@176-176@backend\Intranet\src\main\java\com\escuelaposgrado\Intranet\model\Encuesta.java","backend\Intranet\src\main\java\com\escuelaposgrado\Intranet\model\Encuesta.java","Encuesta::getCreadoPor","Encuesta::getCreadoPor()",176,176
1,1,13,1,1,"Encuesta::setCreadoPor@177-177@backend\Intranet\src\main\java\com\escuelaposgrado\Intranet\model\Encuesta.java","backend\Intranet\src\main\java\com\escuelaposgrado\Intranet\model\Encuesta.java","Encuesta::setCreadoPor","Encuesta::setCreadoPor( String creadoPor)",177,177
3,1,13,1,3,"EstadoAsistencia::EstadoAsistencia@14-16@backend\Intranet\src\main\java\com\escuelaposgrado\Intranet\model\EstadoAsistencia.java","backend\Intranet\src\main\java\com\escuelaposgrado\Intranet\model\EstadoAsistencia.java","EstadoAsistencia::EstadoAsistencia","EstadoAsistencia( String descripcion)",14,16
3,1,8,0,3,"EstadoAsistencia::getDescripcion@18-20@backend\Intranet\src\main\java\com\escuelaposgrado\Intranet\model\EstadoAsistencia.java","backend\Intranet\src\main\java\com\escuelaposgrado\Intranet\model\EstadoAsistencia.java","EstadoAsistencia::getDescripcion","getDescripcion()",18,20
3,1,8,0,3,"EstadoAsistencia::toString@23-25@backend\Intranet\src\main\java\com\escuelaposgrado\Intranet\model\EstadoAsistencia.java","backend\Intranet\src\main\java\com\escuelaposgrado\Intranet\model\EstadoAsistencia.java","EstadoAsistencia::toString","toString()",23,25
1,1,5,0,1,"Materia::Materia@70-70@backend\Intranet\src\main\java\com\escuelaposgrado\Intranet\model\Materia.java","backend\Intranet\src\main\java\com\escuelaposgrado\Intranet\model\Materia.java","Materia::Materia","Materia::Materia()",70,70
6,1,40,4,6,"Materia::Materia@72-77@backend\Intranet\src\main\java\com\escuelaposgrado\Intranet\model\Materia.java","backend\Intranet\src\main\java\com\escuelaposgrado\Intranet\model\Materia.java","Materia::Materia","Materia::Materia( String codigo , String nombre , Integer creditos , Ciclo ciclo)",72,77
4,1,21,0,4,"Materia::onCreate@81-84@backend\Intranet\src\main\java\com\escuelaposgrado\Intranet\model\Materia.java","backend\Intranet\src\main\java\com\escuelaposgrado\Intranet\model\Materia.java","Materia::onCreate","Materia::onCreate()",81,84
3,1,13,0,3,"Materia::onUpdate@87-89@backend\Intranet\src\main\java\com\escuelaposgrado\Intranet\model\Materia.java","backend\Intranet\src\main\java\com\escuelaposgrado\Intranet\model\Materia.java","Materia::onUpdate","Materia::onUpdate()",87,89
3,1,10,0,3,"Materia::getTotalHoras@92-94@backend\Intranet\src\main\java\com\escuelaposgrado\Intranet\model\Materia.java","backend\Intranet\src\main\java\com\escuelaposgrado\Intranet\model\Materia.java","Materia::getTotalHoras","Materia::getTotalHoras()",92,94
3,1,12,0,3,"Materia::getCodigoNombre@96-98@backend\Intranet\src\main\java\com\escuelaposgrado\Intranet\model\Materia.java","backend\Intranet\src\main\java\com\escuelaposgrado\Intranet\model\Materia.java","Materia::getCodigoNombre","Materia::getCodigoNombre()",96,98
1,1,8,0,1,"Materia::getId@101-101@backend\Intranet\src\main\java\com\escuelaposgrado\Intranet\model\Materia.java","backend\Intranet\src\main\java\com\escuelaposgrado\Intranet\model\Materia.java","Materia::getId","Materia::getId()",101,101
1,1,13,1,1,"Materia::setId@102-102@backend\Intranet\src\main\java\com\escuelaposgrado\Intranet\model\Materia.java","backend\Intranet\src\main\java\com\escuelaposgrado\Intranet\model\Materia.java","Materia::setId","Materia::setId( Long id)",102,102
1,1,8,0,1,"Materia::getCodigo@104-104@backend\Intranet\src\main\java\com\escuelaposgrado\Intranet\model\Materia.java","backend\Intranet\src\main\java\com\escuelaposgrado\Intranet\model\Materia.java","Materia::getCodigo","Materia::getCodigo()",104,104
1,1,13,1,1,"Materia::setCodigo@105-105@backend\Intranet\src\main\java\com\escuelaposgrado\Intranet\model\Materia.java","backend\Intranet\src\main\java\com\escuelaposgrado\Intranet\model\Materia.java","Materia::setCodigo","Materia::setCodigo( String codigo)",105,105
1,1,8,0,1,"Materia::getNombre@107-107@backend\Intranet\src\main\java\com\escuelaposgrado\Intranet\model\Materia.java","backend\Intranet\src\main\java\com\escuelaposgrado\Intranet\model\Materia.java","Materia::getNombre","Materia::getNombre()",107,107
1,1,13,1,1,"Materia::setNombre@108-108@backend\Intranet\src\main\java\com\escuelaposgrado\Intranet\model\Materia.java","backend\Intranet\src\main\java\com\escuelaposgrado\Intranet\model\Materia.java","Materia::setNombre","Materia::setNombre( String nombre)",108,108
1,1,8,0,1,"Materia::getDescripcion@110-110@backend\Intranet\src\main\java\com\escuelaposgrado\Intranet\model\Materia.java","backend\Intranet\src\main\java\com\escuelaposgrado\Intranet\model\Materia.java","Materia::getDescripcion","Materia::getDescripcion()",110,110
1,1,13,1,1,"Materia::setDescripcion@111-111@backend\Intranet\src\main\java\com\escuelaposgrado\Intranet\model\Materia.java","backend\Intranet\src\main\java\com\escuelaposgrado\Intranet\model\Materia.java","Materia::setDescripcion","Materia::setDescripcion( String descripcion)",111,111
1,1,8,0,1,"Materia::getCreditos@113-113@backend\Intranet\src\main\java\com\escuelaposgrado\Intranet\model\Materia.java","backend\Intranet\src\main\java\com\escuelaposgrado\Intranet\model\Materia.java","Materia::getCreditos","Materia::getCreditos()",113,113
1,1,13,1,1,"Materia::setCreditos@114-114@backend\Intranet\src\main\java\com\escuelaposgrado\Intranet\model\Materia.java","backend\Intranet\src\main\java\com\escuelaposgrado\Intranet\model\Materia.java","Materia::setCreditos","Materia::setCreditos( Integer creditos)",114,114
1,1,8,0,1,"Materia::getHorasTeoricas@116-116@backend\Intranet\src\main\java\com\escuelaposgrado\Intranet\model\Materia.java","backend\Intranet\src\main\java\com\escuelaposgrado\Intranet\model\Materia.java","Materia::getHorasTeoricas","Materia::getHorasTeoricas()",116,116
1,1,13,1,1,"Materia::setHorasTeoricas@117-117@backend\Intranet\src\main\java\com\escuelaposgrado\Intranet\model\Materia.java","backend\Intranet\src\main\java\com\escuelaposgrado\Intranet\model\Materia.java","Materia::setHorasTeoricas","Materia::setHorasTeoricas( Integer horasTeoricas)",117,117
1,1,8,0,1,"Materia::getHorasPracticas@119-119@backend\Intranet\src\main\java\com\escuelaposgrado\Intranet\model\Materia.java","backend\Intranet\src\main\java\com\escuelaposgrado\Intranet\model\Materia.java","Materia::getHorasPracticas","Materia::getHorasPracticas()",119,119
1,1,13,1,1,"Materia::setHorasPracticas@120-120@backend\Intranet\src\main\java\com\escuelaposgrado\Intranet\model\Materia.java","backend\Intranet\src\main\java\com\escuelaposgrado\Intranet\model\Materia.java","Materia::setHorasPracticas","Materia::setHorasPracticas( Integer horasPracticas)",120,120
1,1,8,0,1,"Materia::getCiclo@122-122@backend\Intranet\src\main\java\com\escuelaposgrado\Intranet\model\Materia.java","backend\Intranet\src\main\java\com\escuelaposgrado\Intranet\model\Materia.java","Materia::getCiclo","Materia::getCiclo()",122,122
1,1,13,1,1,"Materia::setCiclo@123-123@backend\Intranet\src\main\java\com\escuelaposgrado\Intranet\model\Materia.java","backend\Intranet\src\main\java\com\escuelaposgrado\Intranet\model\Materia.java","Materia::setCiclo","Materia::setCiclo( Ciclo ciclo)",123,123
1,1,8,0,1,"Materia::getActiva@125-125@backend\Intranet\src\main\java\com\escuelaposgrado\Intranet\model\Materia.java","backend\Intranet\src\main\java\com\escuelaposgrado\Intranet\model\Materia.java","Materia::getActiva","Materia::getActiva()",125,125
1,1,13,1,1,"Materia::setActiva@126-126@backend\Intranet\src\main\java\com\escuelaposgrado\Intranet\model\Materia.java","backend\Intranet\src\main\java\com\escuelaposgrado\Intranet\model\Materia.java","Materia::setActiva","Materia::setActiva( Boolean activa)",126,126
1,1,8,0,1,"Materia::getDocente@128-128@backend\Intranet\src\main\java\com\escuelaposgrado\Intranet\model\Materia.java","backend\Intranet\src\main\java\com\escuelaposgrado\Intranet\model\Materia.java","Materia::getDocente","Materia::getDocente()",128,128
1,1,13,1,1,"Materia::setDocente@129-129@backend\Intranet\src\main\java\com\escuelaposgrado\Intranet\model\Materia.java","backend\Intranet\src\main\java\com\escuelaposgrado\Intranet\model\Materia.java","Materia::setDocente","Materia::setDocente( Usuario docente)",129,129
1,1,8,0,1,"Materia::getAsistencias@131-131@backend\Intranet\src\main\java\com\escuelaposgrado\Intranet\model\Materia.java","backend\Intranet\src\main\java\com\escuelaposgrado\Intranet\model\Materia.java","Materia::getAsistencias","Materia::getAsistencias()",131,131
1,1,16,1,1,"Materia::setAsistencias@132-132@backend\Intranet\src\main\java\com\escuelaposgrado\Intranet\model\Materia.java","backend\Intranet\src\main\java\com\escuelaposgrado\Intranet\model\Materia.java","Materia::setAsistencias","Materia::setAsistencias( List<Asistencia> asistencias)",132,132
1,1,8,0,1,"Materia::getCalificaciones@134-134@backend\Intranet\src\main\java\com\escuelaposgrado\Intranet\model\Materia.java","backend\Intranet\src\main\java\com\escuelaposgrado\Intranet\model\Materia.java","Materia::getCalificaciones","Materia::getCalificaciones()",134,134
1,1,16,1,1,"Materia::setCalificaciones@135-135@backend\Intranet\src\main\java\com\escuelaposgrado\Intranet\model\Materia.java","backend\Intranet\src\main\java\com\escuelaposgrado\Intranet\model\Materia.java","Materia::setCalificaciones","Materia::setCalificaciones( List<Calificacion> calificaciones)",135,135
1,1,8,0,1,"Materia::getFechaCreacion@137-137@backend\Intranet\src\main\java\com\escuelaposgrado\Intranet\model\Materia.java","backend\Intranet\src\main\java\com\escuelaposgrado\Intranet\model\Materia.java","Materia::getFechaCreacion","Materia::getFechaCreacion()",137,137
1,1,13,1,1,"Materia::setFechaCreacion@138-138@backend\Intranet\src\main\java\com\escuelaposgrado\Intranet\model\Materia.java","backend\Intranet\src\main\java\com\escuelaposgrado\Intranet\model\Materia.java","Materia::setFechaCreacion","Materia::setFechaCreacion( LocalDateTime fechaCreacion)",138,138
1,1,8,0,1,"Materia::getFechaActualizacion@140-140@backend\Intranet\src\main\java\com\escuelaposgrado\Intranet\model\Materia.java","backend\Intranet\src\main\java\com\escuelaposgrado\Intranet\model\Materia.java","Materia::getFechaActualizacion","Materia::getFechaActualizacion()",140,140
1,1,13,1,1,"Materia::setFechaActualizacion@141-141@backend\Intranet\src\main\java\com\escuelaposgrado\Intranet\model\Materia.java","backend\Intranet\src\main\java\com\escuelaposgrado\Intranet\model\Materia.java","Materia::setFechaActualizacion","Materia::setFechaActualizacion( LocalDateTime fechaActualizacion)",141,141
1,1,5,0,1,"PreguntaEncuesta::PreguntaEncuesta@66-66@backend\Intranet\src\main\java\com\escuelaposgrado\Intranet\model\PreguntaEncuesta.java","backend\Intranet\src\main\java\com\escuelaposgrado\Intranet\model\PreguntaEncuesta.java","PreguntaEncuesta::PreguntaEncuesta","PreguntaEncuesta::PreguntaEncuesta()",66,66
6,1,40,4,6,"PreguntaEncuesta::PreguntaEncuesta@68-73@backend\Intranet\src\main\java\com\escuelaposgrado\Intranet\model\PreguntaEncuesta.java","backend\Intranet\src\main\java\com\escuelaposgrado\Intranet\model\PreguntaEncuesta.java","PreguntaEncuesta::PreguntaEncuesta","PreguntaEncuesta::PreguntaEncuesta( String texto , TipoPregunta tipo , Integer orden , Encuesta encuesta)",68,73
4,1,21,0,4,"PreguntaEncuesta::onCreate@77-80@backend\Intranet\src\main\java\com\escuelaposgrado\Intranet\model\PreguntaEncuesta.java","backend\Intranet\src\main\java\com\escuelaposgrado\Intranet\model\PreguntaEncuesta.java","PreguntaEncuesta::onCreate","PreguntaEncuesta::onCreate()",77,80
3,1,13,0,3,"PreguntaEncuesta::onUpdate@83-85@backend\Intranet\src\main\java\com\escuelaposgrado\Intranet\model\PreguntaEncuesta.java","backend\Intranet\src\main\java\com\escuelaposgrado\Intranet\model\PreguntaEncuesta.java","PreguntaEncuesta::onUpdate","PreguntaEncuesta::onUpdate()",83,85
3,2,18,0,3,"PreguntaEncuesta::esOpcionMultiple@88-90@backend\Intranet\src\main\java\com\escuelaposgrado\Intranet\model\PreguntaEncuesta.java","backend\Intranet\src\main\java\com\escuelaposgrado\Intranet\model\PreguntaEncuesta.java","PreguntaEncuesta::esOpcionMultiple","PreguntaEncuesta::esOpcionMultiple()",88,90
3,2,18,0,3,"PreguntaEncuesta::esCalificacion@92-94@backend\Intranet\src\main\java\com\escuelaposgrado\Intranet\model\PreguntaEncuesta.java","backend\Intranet\src\main\java\com\escuelaposgrado\Intranet\model\PreguntaEncuesta.java","PreguntaEncuesta::esCalificacion","PreguntaEncuesta::esCalificacion()",92,94
3,2,18,0,3,"PreguntaEncuesta::esTextoLibre@96-98@backend\Intranet\src\main\java\com\escuelaposgrado\Intranet\model\PreguntaEncuesta.java","backend\Intranet\src\main\java\com\escuelaposgrado\Intranet\model\PreguntaEncuesta.java","PreguntaEncuesta::esTextoLibre","PreguntaEncuesta::esTextoLibre()",96,98
1,1,8,0,1,"PreguntaEncuesta::getId@101-101@backend\Intranet\src\main\java\com\escuelaposgrado\Intranet\model\PreguntaEncuesta.java","backend\Intranet\src\main\java\com\escuelaposgrado\Intranet\model\PreguntaEncuesta.java","PreguntaEncuesta::getId","PreguntaEncuesta::getId()",101,101
1,1,13,1,1,"PreguntaEncuesta::setId@102-102@backend\Intranet\src\main\java\com\escuelaposgrado\Intranet\model\PreguntaEncuesta.java","backend\Intranet\src\main\java\com\escuelaposgrado\Intranet\model\PreguntaEncuesta.java","PreguntaEncuesta::setId","PreguntaEncuesta::setId( Long id)",102,102
1,1,8,0,1,"PreguntaEncuesta::getTexto@104-104@backend\Intranet\src\main\java\com\escuelaposgrado\Intranet\model\PreguntaEncuesta.java","backend\Intranet\src\main\java\com\escuelaposgrado\Intranet\model\PreguntaEncuesta.java","PreguntaEncuesta::getTexto","PreguntaEncuesta::getTexto()",104,104
1,1,13,1,1,"PreguntaEncuesta::setTexto@105-105@backend\Intranet\src\main\java\com\escuelaposgrado\Intranet\model\PreguntaEncuesta.java","backend\Intranet\src\main\java\com\escuelaposgrado\Intranet\model\PreguntaEncuesta.java","PreguntaEncuesta::setTexto","PreguntaEncuesta::setTexto( String texto)",105,105
1,1,8,0,1,"PreguntaEncuesta::getTipo@107-107@backend\Intranet\src\main\java\com\escuelaposgrado\Intranet\model\PreguntaEncuesta.java","backend\Intranet\src\main\java\com\escuelaposgrado\Intranet\model\PreguntaEncuesta.java","PreguntaEncuesta::getTipo","PreguntaEncuesta::getTipo()",107,107
1,1,13,1,1,"PreguntaEncuesta::setTipo@108-108@backend\Intranet\src\main\java\com\escuelaposgrado\Intranet\model\PreguntaEncuesta.java","backend\Intranet\src\main\java\com\escuelaposgrado\Intranet\model\PreguntaEncuesta.java","PreguntaEncuesta::setTipo","PreguntaEncuesta::setTipo( TipoPregunta tipo)",108,108
1,1,8,0,1,"PreguntaEncuesta::getOrden@110-110@backend\Intranet\src\main\java\com\escuelaposgrado\Intranet\model\PreguntaEncuesta.java","backend\Intranet\src\main\java\com\escuelaposgrado\Intranet\model\PreguntaEncuesta.java","PreguntaEncuesta::getOrden","PreguntaEncuesta::getOrden()",110,110
1,1,13,1,1,"PreguntaEncuesta::setOrden@111-111@backend\Intranet\src\main\java\com\escuelaposgrado\Intranet\model\PreguntaEncuesta.java","backend\Intranet\src\main\java\com\escuelaposgrado\Intranet\model\PreguntaEncuesta.java","PreguntaEncuesta::setOrden","PreguntaEncuesta::setOrden( Integer orden)",111,111
1,1,8,0,1,"PreguntaEncuesta::getObligatoria@113-113@backend\Intranet\src\main\java\com\escuelaposgrado\Intranet\model\PreguntaEncuesta.java","backend\Intranet\src\main\java\com\escuelaposgrado\Intranet\model\PreguntaEncuesta.java","PreguntaEncuesta::getObligatoria","PreguntaEncuesta::getObligatoria()",113,113
1,1,13,1,1,"PreguntaEncuesta::setObligatoria@114-114@backend\Intranet\src\main\java\com\escuelaposgrado\Intranet\model\PreguntaEncuesta.java","backend\Intranet\src\main\java\com\escuelaposgrado\Intranet\model\PreguntaEncuesta.java","PreguntaEncuesta::setObligatoria","PreguntaEncuesta::setObligatoria( Boolean obligatoria)",114,114
1,1,8,0,1,"PreguntaEncuesta::getOpcionesJson@116-116@backend\Intranet\src\main\java\com\escuelaposgrado\Intranet\model\PreguntaEncuesta.java","backend\Intranet\src\main\java\com\escuelaposgrado\Intranet\model\PreguntaEncuesta.java","PreguntaEncuesta::getOpcionesJson","PreguntaEncuesta::getOpcionesJson()",116,116
1,1,13,1,1,"PreguntaEncuesta::setOpcionesJson@117-117@backend\Intranet\src\main\java\com\escuelaposgrado\Intranet\model\PreguntaEncuesta.java","backend\Intranet\src\main\java\com\escuelaposgrado\Intranet\model\PreguntaEncuesta.java","PreguntaEncuesta::setOpcionesJson","PreguntaEncuesta::setOpcionesJson( String opcionesJson)",117,117
1,1,8,0,1,"PreguntaEncuesta::getValorMinimo@119-119@backend\Intranet\src\main\java\com\escuelaposgrado\Intranet\model\PreguntaEncuesta.java","backend\Intranet\src\main\java\com\escuelaposgrado\Intranet\model\PreguntaEncuesta.java","PreguntaEncuesta::getValorMinimo","PreguntaEncuesta::getValorMinimo()",119,119
1,1,13,1,1,"PreguntaEncuesta::setValorMinimo@120-120@backend\Intranet\src\main\java\com\escuelaposgrado\Intranet\model\PreguntaEncuesta.java","backend\Intranet\src\main\java\com\escuelaposgrado\Intranet\model\PreguntaEncuesta.java","PreguntaEncuesta::setValorMinimo","PreguntaEncuesta::setValorMinimo( Integer valorMinimo)",120,120
1,1,8,0,1,"PreguntaEncuesta::getValorMaximo@122-122@backend\Intranet\src\main\java\com\escuelaposgrado\Intranet\model\PreguntaEncuesta.java","backend\Intranet\src\main\java\com\escuelaposgrado\Intranet\model\PreguntaEncuesta.java","PreguntaEncuesta::getValorMaximo","PreguntaEncuesta::getValorMaximo()",122,122
1,1,13,1,1,"PreguntaEncuesta::setValorMaximo@123-123@backend\Intranet\src\main\java\com\escuelaposgrado\Intranet\model\PreguntaEncuesta.java","backend\Intranet\src\main\java\com\escuelaposgrado\Intranet\model\PreguntaEncuesta.java","PreguntaEncuesta::setValorMaximo","PreguntaEncuesta::setValorMaximo( Integer valorMaximo)",123,123
1,1,8,0,1,"PreguntaEncuesta::getAyuda@125-125@backend\Intranet\src\main\java\com\escuelaposgrado\Intranet\model\PreguntaEncuesta.java","backend\Intranet\src\main\java\com\escuelaposgrado\Intranet\model\PreguntaEncuesta.java","PreguntaEncuesta::getAyuda","PreguntaEncuesta::getAyuda()",125,125
1,1,13,1,1,"PreguntaEncuesta::setAyuda@126-126@backend\Intranet\src\main\java\com\escuelaposgrado\Intranet\model\PreguntaEncuesta.java","backend\Intranet\src\main\java\com\escuelaposgrado\Intranet\model\PreguntaEncuesta.java","PreguntaEncuesta::setAyuda","PreguntaEncuesta::setAyuda( String ayuda)",126,126
1,1,8,0,1,"PreguntaEncuesta::getEncuesta@128-128@backend\Intranet\src\main\java\com\escuelaposgrado\Intranet\model\PreguntaEncuesta.java","backend\Intranet\src\main\java\com\escuelaposgrado\Intranet\model\PreguntaEncuesta.java","PreguntaEncuesta::getEncuesta","PreguntaEncuesta::getEncuesta()",128,128
1,1,13,1,1,"PreguntaEncuesta::setEncuesta@129-129@backend\Intranet\src\main\java\com\escuelaposgrado\Intranet\model\PreguntaEncuesta.java","backend\Intranet\src\main\java\com\escuelaposgrado\Intranet\model\PreguntaEncuesta.java","PreguntaEncuesta::setEncuesta","PreguntaEncuesta::setEncuesta( Encuesta encuesta)",129,129
1,1,8,0,1,"PreguntaEncuesta::getRespuestas@131-131@backend\Intranet\src\main\java\com\escuelaposgrado\Intranet\model\PreguntaEncuesta.java","backend\Intranet\src\main\java\com\escuelaposgrado\Intranet\model\PreguntaEncuesta.java","PreguntaEncuesta::getRespuestas","PreguntaEncuesta::getRespuestas()",131,131
1,1,16,1,1,"PreguntaEncuesta::setRespuestas@132-132@backend\Intranet\src\main\java\com\escuelaposgrado\Intranet\model\PreguntaEncuesta.java","backend\Intranet\src\main\java\com\escuelaposgrado\Intranet\model\PreguntaEncuesta.java","PreguntaEncuesta::setRespuestas","PreguntaEncuesta::setRespuestas( List<RespuestaEncuesta> respuestas)",132,132
1,1,8,0,1,"PreguntaEncuesta::getFechaCreacion@134-134@backend\Intranet\src\main\java\com\escuelaposgrado\Intranet\model\PreguntaEncuesta.java","backend\Intranet\src\main\java\com\escuelaposgrado\Intranet\model\PreguntaEncuesta.java","PreguntaEncuesta::getFechaCreacion","PreguntaEncuesta::getFechaCreacion()",134,134
1,1,13,1,1,"PreguntaEncuesta::setFechaCreacion@135-135@backend\Intranet\src\main\java\com\escuelaposgrado\Intranet\model\PreguntaEncuesta.java","backend\Intranet\src\main\java\com\escuelaposgrado\Intranet\model\PreguntaEncuesta.java","PreguntaEncuesta::setFechaCreacion","PreguntaEncuesta::setFechaCreacion( LocalDateTime fechaCreacion)",135,135
1,1,8,0,1,"PreguntaEncuesta::getFechaActualizacion@137-137@backend\Intranet\src\main\java\com\escuelaposgrado\Intranet\model\PreguntaEncuesta.java","backend\Intranet\src\main\java\com\escuelaposgrado\Intranet\model\PreguntaEncuesta.java","PreguntaEncuesta::getFechaActualizacion","PreguntaEncuesta::getFechaActualizacion()",137,137
1,1,13,1,1,"PreguntaEncuesta::setFechaActualizacion@138-138@backend\Intranet\src\main\java\com\escuelaposgrado\Intranet\model\PreguntaEncuesta.java","backend\Intranet\src\main\java\com\escuelaposgrado\Intranet\model\PreguntaEncuesta.java","PreguntaEncuesta::setFechaActualizacion","PreguntaEncuesta::setFechaActualizacion( LocalDateTime fechaActualizacion)",138,138
3,1,8,0,3,"PreguntaEncuesta::getOpciones@143-145@backend\Intranet\src\main\java\com\escuelaposgrado\Intranet\model\PreguntaEncuesta.java","backend\Intranet\src\main\java\com\escuelaposgrado\Intranet\model\PreguntaEncuesta.java","PreguntaEncuesta::getOpciones","PreguntaEncuesta::getOpciones()",143,145
3,1,13,1,3,"PreguntaEncuesta::setOpciones@150-152@backend\Intranet\src\main\java\com\escuelaposgrado\Intranet\model\PreguntaEncuesta.java","backend\Intranet\src\main\java\com\escuelaposgrado\Intranet\model\PreguntaEncuesta.java","PreguntaEncuesta::setOpciones","PreguntaEncuesta::setOpciones( String opciones)",150,152
1,1,5,0,1,"RespuestaEncuesta::RespuestaEncuesta@55-55@backend\Intranet\src\main\java\com\escuelaposgrado\Intranet\model\RespuestaEncuesta.java","backend\Intranet\src\main\java\com\escuelaposgrado\Intranet\model\RespuestaEncuesta.java","RespuestaEncuesta::RespuestaEncuesta","RespuestaEncuesta::RespuestaEncuesta()",55,55
5,1,31,3,5,"RespuestaEncuesta::RespuestaEncuesta@57-61@backend\Intranet\src\main\java\com\escuelaposgrado\Intranet\model\RespuestaEncuesta.java","backend\Intranet\src\main\java\com\escuelaposgrado\Intranet\model\RespuestaEncuesta.java","RespuestaEncuesta::RespuestaEncuesta","RespuestaEncuesta::RespuestaEncuesta( Encuesta encuesta , PreguntaEncuesta pregunta , Usuario usuario)",57,61
3,1,13,0,3,"RespuestaEncuesta::onCreate@65-67@backend\Intranet\src\main\java\com\escuelaposgrado\Intranet\model\RespuestaEncuesta.java","backend\Intranet\src\main\java\com\escuelaposgrado\Intranet\model\RespuestaEncuesta.java","RespuestaEncuesta::onCreate","RespuestaEncuesta::onCreate()",65,67
3,1,10,0,3,"RespuestaEncuesta::esAnonima@70-72@backend\Intranet\src\main\java\com\escuelaposgrado\Intranet\model\RespuestaEncuesta.java","backend\Intranet\src\main\java\com\escuelaposgrado\Intranet\model\RespuestaEncuesta.java","RespuestaEncuesta::esAnonima","RespuestaEncuesta::esAnonima()",70,72
7,6,52,0,7,"RespuestaEncuesta::getValorComoTexto@74-80@backend\Intranet\src\main\java\com\escuelaposgrado\Intranet\model\RespuestaEncuesta.java","backend\Intranet\src\main\java\com\escuelaposgrado\Intranet\model\RespuestaEncuesta.java","RespuestaEncuesta::getValorComoTexto","RespuestaEncuesta::getValorComoTexto()",74,80
4,4,22,0,4,"RespuestaEncuesta::tieneValor@82-85@backend\Intranet\src\main\java\com\escuelaposgrado\Intranet\model\RespuestaEncuesta.java","backend\Intranet\src\main\java\com\escuelaposgrado\Intranet\model\RespuestaEncuesta.java","RespuestaEncuesta::tieneValor","RespuestaEncuesta::tieneValor()",82,85
1,1,8,0,1,"RespuestaEncuesta::getId@88-88@backend\Intranet\src\main\java\com\escuelaposgrado\Intranet\model\RespuestaEncuesta.java","backend\Intranet\src\main\java\com\escuelaposgrado\Intranet\model\RespuestaEncuesta.java","RespuestaEncuesta::getId","RespuestaEncuesta::getId()",88,88
1,1,13,1,1,"RespuestaEncuesta::setId@89-89@backend\Intranet\src\main\java\com\escuelaposgrado\Intranet\model\RespuestaEncuesta.java","backend\Intranet\src\main\java\com\escuelaposgrado\Intranet\model\RespuestaEncuesta.java","RespuestaEncuesta::setId","RespuestaEncuesta::setId( Long id)",89,89
1,1,8,0,1,"RespuestaEncuesta::getValorTexto@91-91@backend\Intranet\src\main\java\com\escuelaposgrado\Intranet\model\RespuestaEncuesta.java","backend\Intranet\src\main\java\com\escuelaposgrado\Intranet\model\RespuestaEncuesta.java","RespuestaEncuesta::getValorTexto","RespuestaEncuesta::getValorTexto()",91,91
1,1,13,1,1,"RespuestaEncuesta::setValorTexto@92-92@backend\Intranet\src\main\java\com\escuelaposgrado\Intranet\model\RespuestaEncuesta.java","backend\Intranet\src\main\java\com\escuelaposgrado\Intranet\model\RespuestaEncuesta.java","RespuestaEncuesta::setValorTexto","RespuestaEncuesta::setValorTexto( String valorTexto)",92,92
1,1,8,0,1,"RespuestaEncuesta::getValorNumerico@94-94@backend\Intranet\src\main\java\com\escuelaposgrado\Intranet\model\RespuestaEncuesta.java","backend\Intranet\src\main\java\com\escuelaposgrado\Intranet\model\RespuestaEncuesta.java","RespuestaEncuesta::getValorNumerico","RespuestaEncuesta::getValorNumerico()",94,94
1,1,13,1,1,"RespuestaEncuesta::setValorNumerico@95-95@backend\Intranet\src\main\java\com\escuelaposgrado\Intranet\model\RespuestaEncuesta.java","backend\Intranet\src\main\java\com\escuelaposgrado\Intranet\model\RespuestaEncuesta.java","RespuestaEncuesta::setValorNumerico","RespuestaEncuesta::setValorNumerico( Integer valorNumerico)",95,95
1,1,8,0,1,"RespuestaEncuesta::getValorMultiple@97-97@backend\Intranet\src\main\java\com\escuelaposgrado\Intranet\model\RespuestaEncuesta.java","backend\Intranet\src\main\java\com\escuelaposgrado\Intranet\model\RespuestaEncuesta.java","RespuestaEncuesta::getValorMultiple","RespuestaEncuesta::getValorMultiple()",97,97
1,1,13,1,1,"RespuestaEncuesta::setValorMultiple@98-98@backend\Intranet\src\main\java\com\escuelaposgrado\Intranet\model\RespuestaEncuesta.java","backend\Intranet\src\main\java\com\escuelaposgrado\Intranet\model\RespuestaEncuesta.java","RespuestaEncuesta::setValorMultiple","RespuestaEncuesta::setValorMultiple( String valorMultiple)",98,98
1,1,8,0,1,"RespuestaEncuesta::getValorBooleano@100-100@backend\Intranet\src\main\java\com\escuelaposgrado\Intranet\model\RespuestaEncuesta.java","backend\Intranet\src\main\java\com\escuelaposgrado\Intranet\model\RespuestaEncuesta.java","RespuestaEncuesta::getValorBooleano","RespuestaEncuesta::getValorBooleano()",100,100
1,1,13,1,1,"RespuestaEncuesta::setValorBooleano@101-101@backend\Intranet\src\main\java\com\escuelaposgrado\Intranet\model\RespuestaEncuesta.java","backend\Intranet\src\main\java\com\escuelaposgrado\Intranet\model\RespuestaEncuesta.java","RespuestaEncuesta::setValorBooleano","RespuestaEncuesta::setValorBooleano( Boolean valorBooleano)",101,101
1,1,8,0,1,"RespuestaEncuesta::getEncuesta@103-103@backend\Intranet\src\main\java\com\escuelaposgrado\Intranet\model\RespuestaEncuesta.java","backend\Intranet\src\main\java\com\escuelaposgrado\Intranet\model\RespuestaEncuesta.java","RespuestaEncuesta::getEncuesta","RespuestaEncuesta::getEncuesta()",103,103
1,1,13,1,1,"RespuestaEncuesta::setEncuesta@104-104@backend\Intranet\src\main\java\com\escuelaposgrado\Intranet\model\RespuestaEncuesta.java","backend\Intranet\src\main\java\com\escuelaposgrado\Intranet\model\RespuestaEncuesta.java","RespuestaEncuesta::setEncuesta","RespuestaEncuesta::setEncuesta( Encuesta encuesta)",104,104
1,1,8,0,1,"RespuestaEncuesta::getPregunta@106-106@backend\Intranet\src\main\java\com\escuelaposgrado\Intranet\model\RespuestaEncuesta.java","backend\Intranet\src\main\java\com\escuelaposgrado\Intranet\model\RespuestaEncuesta.java","RespuestaEncuesta::getPregunta","RespuestaEncuesta::getPregunta()",106,106
1,1,13,1,1,"RespuestaEncuesta::setPregunta@107-107@backend\Intranet\src\main\java\com\escuelaposgrado\Intranet\model\RespuestaEncuesta.java","backend\Intranet\src\main\java\com\escuelaposgrado\Intranet\model\RespuestaEncuesta.java","RespuestaEncuesta::setPregunta","RespuestaEncuesta::setPregunta( PreguntaEncuesta pregunta)",107,107
1,1,8,0,1,"RespuestaEncuesta::getUsuario@109-109@backend\Intranet\src\main\java\com\escuelaposgrado\Intranet\model\RespuestaEncuesta.java","backend\Intranet\src\main\java\com\escuelaposgrado\Intranet\model\RespuestaEncuesta.java","RespuestaEncuesta::getUsuario","RespuestaEncuesta::getUsuario()",109,109
1,1,13,1,1,"RespuestaEncuesta::setUsuario@110-110@backend\Intranet\src\main\java\com\escuelaposgrado\Intranet\model\RespuestaEncuesta.java","backend\Intranet\src\main\java\com\escuelaposgrado\Intranet\model\RespuestaEncuesta.java","RespuestaEncuesta::setUsuario","RespuestaEncuesta::setUsuario( Usuario usuario)",110,110
1,1,8,0,1,"RespuestaEncuesta::getSessionId@112-112@backend\Intranet\src\main\java\com\escuelaposgrado\Intranet\model\RespuestaEncuesta.java","backend\Intranet\src\main\java\com\escuelaposgrado\Intranet\model\RespuestaEncuesta.java","RespuestaEncuesta::getSessionId","RespuestaEncuesta::getSessionId()",112,112
1,1,13,1,1,"RespuestaEncuesta::setSessionId@113-113@backend\Intranet\src\main\java\com\escuelaposgrado\Intranet\model\RespuestaEncuesta.java","backend\Intranet\src\main\java\com\escuelaposgrado\Intranet\model\RespuestaEncuesta.java","RespuestaEncuesta::setSessionId","RespuestaEncuesta::setSessionId( String sessionId)",113,113
1,1,8,0,1,"RespuestaEncuesta::getFechaRespuesta@115-115@backend\Intranet\src\main\java\com\escuelaposgrado\Intranet\model\RespuestaEncuesta.java","backend\Intranet\src\main\java\com\escuelaposgrado\Intranet\model\RespuestaEncuesta.java","RespuestaEncuesta::getFechaRespuesta","RespuestaEncuesta::getFechaRespuesta()",115,115
1,1,13,1,1,"RespuestaEncuesta::setFechaRespuesta@116-116@backend\Intranet\src\main\java\com\escuelaposgrado\Intranet\model\RespuestaEncuesta.java","backend\Intranet\src\main\java\com\escuelaposgrado\Intranet\model\RespuestaEncuesta.java","RespuestaEncuesta::setFechaRespuesta","RespuestaEncuesta::setFechaRespuesta( LocalDateTime fechaRespuesta)",116,116
1,1,8,0,1,"RespuestaEncuesta::getIpAddress@118-118@backend\Intranet\src\main\java\com\escuelaposgrado\Intranet\model\RespuestaEncuesta.java","backend\Intranet\src\main\java\com\escuelaposgrado\Intranet\model\RespuestaEncuesta.java","RespuestaEncuesta::getIpAddress","RespuestaEncuesta::getIpAddress()",118,118
1,1,13,1,1,"RespuestaEncuesta::setIpAddress@119-119@backend\Intranet\src\main\java\com\escuelaposgrado\Intranet\model\RespuestaEncuesta.java","backend\Intranet\src\main\java\com\escuelaposgrado\Intranet\model\RespuestaEncuesta.java","RespuestaEncuesta::setIpAddress","RespuestaEncuesta::setIpAddress( String ipAddress)",119,119
7,5,52,0,7,"RespuestaEncuesta::getRespuesta@124-130@backend\Intranet\src\main\java\com\escuelaposgrado\Intranet\model\RespuestaEncuesta.java","backend\Intranet\src\main\java\com\escuelaposgrado\Intranet\model\RespuestaEncuesta.java","RespuestaEncuesta::getRespuesta","RespuestaEncuesta::getRespuesta()",124,130
3,1,13,1,4,"RespuestaEncuesta::setRespuesta@135-138@backend\Intranet\src\main\java\com\escuelaposgrado\Intranet\model\RespuestaEncuesta.java","backend\Intranet\src\main\java\com\escuelaposgrado\Intranet\model\RespuestaEncuesta.java","RespuestaEncuesta::setRespuesta","RespuestaEncuesta::setRespuesta( String respuesta)",135,138
3,1,13,1,3,"Role::Role@15-17@backend\Intranet\src\main\java\com\escuelaposgrado\Intranet\model\Role.java","backend\Intranet\src\main\java\com\escuelaposgrado\Intranet\model\Role.java","Role::Role","Role( String descripcion)",15,17
3,1,8,0,3,"Role::getDescripcion@19-21@backend\Intranet\src\main\java\com\escuelaposgrado\Intranet\model\Role.java","backend\Intranet\src\main\java\com\escuelaposgrado\Intranet\model\Role.java","Role::getDescripcion","getDescripcion()",19,21
3,1,8,0,3,"Role::toString@24-26@backend\Intranet\src\main\java\com\escuelaposgrado\Intranet\model\Role.java","backend\Intranet\src\main\java\com\escuelaposgrado\Intranet\model\Role.java","Role::toString","toString()",24,26
3,1,13,1,3,"TipoEncuesta::TipoEncuesta@17-19@backend\Intranet\src\main\java\com\escuelaposgrado\Intranet\model\TipoEncuesta.java","backend\Intranet\src\main\java\com\escuelaposgrado\Intranet\model\TipoEncuesta.java","TipoEncuesta::TipoEncuesta","TipoEncuesta( String descripcion)",17,19
3,1,8,0,3,"TipoEncuesta::getDescripcion@21-23@backend\Intranet\src\main\java\com\escuelaposgrado\Intranet\model\TipoEncuesta.java","backend\Intranet\src\main\java\com\escuelaposgrado\Intranet\model\TipoEncuesta.java","TipoEncuesta::getDescripcion","getDescripcion()",21,23
3,1,8,0,3,"TipoEncuesta::toString@26-28@backend\Intranet\src\main\java\com\escuelaposgrado\Intranet\model\TipoEncuesta.java","backend\Intranet\src\main\java\com\escuelaposgrado\Intranet\model\TipoEncuesta.java","TipoEncuesta::toString","toString()",26,28
3,1,13,1,3,"TipoEvaluacion::TipoEvaluacion@22-24@backend\Intranet\src\main\java\com\escuelaposgrado\Intranet\model\TipoEvaluacion.java","backend\Intranet\src\main\java\com\escuelaposgrado\Intranet\model\TipoEvaluacion.java","TipoEvaluacion::TipoEvaluacion","TipoEvaluacion( String descripcion)",22,24
3,1,8,0,3,"TipoEvaluacion::getDescripcion@26-28@backend\Intranet\src\main\java\com\escuelaposgrado\Intranet\model\TipoEvaluacion.java","backend\Intranet\src\main\java\com\escuelaposgrado\Intranet\model\TipoEvaluacion.java","TipoEvaluacion::getDescripcion","getDescripcion()",26,28
3,1,8,0,3,"TipoEvaluacion::toString@31-33@backend\Intranet\src\main\java\com\escuelaposgrado\Intranet\model\TipoEvaluacion.java","backend\Intranet\src\main\java\com\escuelaposgrado\Intranet\model\TipoEvaluacion.java","TipoEvaluacion::toString","toString()",31,33
3,1,13,1,3,"TipoPregunta::TipoPregunta@19-21@backend\Intranet\src\main\java\com\escuelaposgrado\Intranet\model\TipoPregunta.java","backend\Intranet\src\main\java\com\escuelaposgrado\Intranet\model\TipoPregunta.java","TipoPregunta::TipoPregunta","TipoPregunta( String descripcion)",19,21
3,1,8,0,3,"TipoPregunta::getDescripcion@23-25@backend\Intranet\src\main\java\com\escuelaposgrado\Intranet\model\TipoPregunta.java","backend\Intranet\src\main\java\com\escuelaposgrado\Intranet\model\TipoPregunta.java","TipoPregunta::getDescripcion","getDescripcion()",23,25
3,1,8,0,3,"TipoPregunta::toString@28-30@backend\Intranet\src\main\java\com\escuelaposgrado\Intranet\model\TipoPregunta.java","backend\Intranet\src\main\java\com\escuelaposgrado\Intranet\model\TipoPregunta.java","TipoPregunta::toString","toString()",28,30
1,1,5,0,1,"Usuario::Usuario@100-100@backend\Intranet\src\main\java\com\escuelaposgrado\Intranet\model\Usuario.java","backend\Intranet\src\main\java\com\escuelaposgrado\Intranet\model\Usuario.java","Usuario::Usuario","Usuario::Usuario()",100,100
7,1,49,5,7,"Usuario::Usuario@102-108@backend\Intranet\src\main\java\com\escuelaposgrado\Intranet\model\Usuario.java","backend\Intranet\src\main\java\com\escuelaposgrado\Intranet\model\Usuario.java","Usuario::Usuario","Usuario::Usuario( String username , String email , String nombres , String apellidos , Role role)",102,108
4,1,21,0,4,"Usuario::onCreate@112-115@backend\Intranet\src\main\java\com\escuelaposgrado\Intranet\model\Usuario.java","backend\Intranet\src\main\java\com\escuelaposgrado\Intranet\model\Usuario.java","Usuario::onCreate","Usuario::onCreate()",112,115
3,1,13,0,3,"Usuario::onUpdate@118-120@backend\Intranet\src\main\java\com\escuelaposgrado\Intranet\model\Usuario.java","backend\Intranet\src\main\java\com\escuelaposgrado\Intranet\model\Usuario.java","Usuario::onUpdate","Usuario::onUpdate()",118,120
3,1,12,0,3,"Usuario::getNombreCompleto@123-125@backend\Intranet\src\main\java\com\escuelaposgrado\Intranet\model\Usuario.java","backend\Intranet\src\main\java\com\escuelaposgrado\Intranet\model\Usuario.java","Usuario::getNombreCompleto","Usuario::getNombreCompleto()",123,125
3,1,12,0,3,"Usuario::esEstudiante@127-129@backend\Intranet\src\main\java\com\escuelaposgrado\Intranet\model\Usuario.java","backend\Intranet\src\main\java\com\escuelaposgrado\Intranet\model\Usuario.java","Usuario::esEstudiante","Usuario::esEstudiante()",127,129
3,1,12,0,3,"Usuario::esDocente@131-133@backend\Intranet\src\main\java\com\escuelaposgrado\Intranet\model\Usuario.java","backend\Intranet\src\main\java\com\escuelaposgrado\Intranet\model\Usuario.java","Usuario::esDocente","Usuario::esDocente()",131,133
3,2,18,0,3,"Usuario::esAdministrativo@135-137@backend\Intranet\src\main\java\com\escuelaposgrado\Intranet\model\Usuario.java","backend\Intranet\src\main\java\com\escuelaposgrado\Intranet\model\Usuario.java","Usuario::esAdministrativo","Usuario::esAdministrativo()",135,137
1,1,8,0,1,"Usuario::getId@140-140@backend\Intranet\src\main\java\com\escuelaposgrado\Intranet\model\Usuario.java","backend\Intranet\src\main\java\com\escuelaposgrado\Intranet\model\Usuario.java","Usuario::getId","Usuario::getId()",140,140
1,1,13,1,1,"Usuario::setId@141-141@backend\Intranet\src\main\java\com\escuelaposgrado\Intranet\model\Usuario.java","backend\Intranet\src\main\java\com\escuelaposgrado\Intranet\model\Usuario.java","Usuario::setId","Usuario::setId( Long id)",141,141
1,1,8,0,1,"Usuario::getUsername@143-143@backend\Intranet\src\main\java\com\escuelaposgrado\Intranet\model\Usuario.java","backend\Intranet\src\main\java\com\escuelaposgrado\Intranet\model\Usuario.java","Usuario::getUsername","Usuario::getUsername()",143,143
1,1,13,1,1,"Usuario::setUsername@144-144@backend\Intranet\src\main\java\com\escuelaposgrado\Intranet\model\Usuario.java","backend\Intranet\src\main\java\com\escuelaposgrado\Intranet\model\Usuario.java","Usuario::setUsername","Usuario::setUsername( String username)",144,144
1,1,8,0,1,"Usuario::getEmail@146-146@backend\Intranet\src\main\java\com\escuelaposgrado\Intranet\model\Usuario.java","backend\Intranet\src\main\java\com\escuelaposgrado\Intranet\model\Usuario.java","Usuario::getEmail","Usuario::getEmail()",146,146
1,1,13,1,1,"Usuario::setEmail@147-147@backend\Intranet\src\main\java\com\escuelaposgrado\Intranet\model\Usuario.java","backend\Intranet\src\main\java\com\escuelaposgrado\Intranet\model\Usuario.java","Usuario::setEmail","Usuario::setEmail( String email)",147,147
1,1,8,0,1,"Usuario::getNombres@149-149@backend\Intranet\src\main\java\com\escuelaposgrado\Intranet\model\Usuario.java","backend\Intranet\src\main\java\com\escuelaposgrado\Intranet\model\Usuario.java","Usuario::getNombres","Usuario::getNombres()",149,149
1,1,13,1,1,"Usuario::setNombres@150-150@backend\Intranet\src\main\java\com\escuelaposgrado\Intranet\model\Usuario.java","backend\Intranet\src\main\java\com\escuelaposgrado\Intranet\model\Usuario.java","Usuario::setNombres","Usuario::setNombres( String nombres)",150,150
1,1,8,0,1,"Usuario::getApellidos@152-152@backend\Intranet\src\main\java\com\escuelaposgrado\Intranet\model\Usuario.java","backend\Intranet\src\main\java\com\escuelaposgrado\Intranet\model\Usuario.java","Usuario::getApellidos","Usuario::getApellidos()",152,152
1,1,13,1,1,"Usuario::setApellidos@153-153@backend\Intranet\src\main\java\com\escuelaposgrado\Intranet\model\Usuario.java","backend\Intranet\src\main\java\com\escuelaposgrado\Intranet\model\Usuario.java","Usuario::setApellidos","Usuario::setApellidos( String apellidos)",153,153
1,1,8,0,1,"Usuario::getDni@155-155@backend\Intranet\src\main\java\com\escuelaposgrado\Intranet\model\Usuario.java","backend\Intranet\src\main\java\com\escuelaposgrado\Intranet\model\Usuario.java","Usuario::getDni","Usuario::getDni()",155,155
1,1,13,1,1,"Usuario::setDni@156-156@backend\Intranet\src\main\java\com\escuelaposgrado\Intranet\model\Usuario.java","backend\Intranet\src\main\java\com\escuelaposgrado\Intranet\model\Usuario.java","Usuario::setDni","Usuario::setDni( String dni)",156,156
1,1,8,0,1,"Usuario::getTelefono@158-158@backend\Intranet\src\main\java\com\escuelaposgrado\Intranet\model\Usuario.java","backend\Intranet\src\main\java\com\escuelaposgrado\Intranet\model\Usuario.java","Usuario::getTelefono","Usuario::getTelefono()",158,158
1,1,13,1,1,"Usuario::setTelefono@159-159@backend\Intranet\src\main\java\com\escuelaposgrado\Intranet\model\Usuario.java","backend\Intranet\src\main\java\com\escuelaposgrado\Intranet\model\Usuario.java","Usuario::setTelefono","Usuario::setTelefono( String telefono)",159,159
1,1,8,0,1,"Usuario::getDireccion@161-161@backend\Intranet\src\main\java\com\escuelaposgrado\Intranet\model\Usuario.java","backend\Intranet\src\main\java\com\escuelaposgrado\Intranet\model\Usuario.java","Usuario::getDireccion","Usuario::getDireccion()",161,161
1,1,13,1,1,"Usuario::setDireccion@162-162@backend\Intranet\src\main\java\com\escuelaposgrado\Intranet\model\Usuario.java","backend\Intranet\src\main\java\com\escuelaposgrado\Intranet\model\Usuario.java","Usuario::setDireccion","Usuario::setDireccion( String direccion)",162,162
1,1,8,0,1,"Usuario::getRole@164-164@backend\Intranet\src\main\java\com\escuelaposgrado\Intranet\model\Usuario.java","backend\Intranet\src\main\java\com\escuelaposgrado\Intranet\model\Usuario.java","Usuario::getRole","Usuario::getRole()",164,164
1,1,13,1,1,"Usuario::setRole@165-165@backend\Intranet\src\main\java\com\escuelaposgrado\Intranet\model\Usuario.java","backend\Intranet\src\main\java\com\escuelaposgrado\Intranet\model\Usuario.java","Usuario::setRole","Usuario::setRole( Role role)",165,165
1,1,8,0,1,"Usuario::getCodigoEstudiante@167-167@backend\Intranet\src\main\java\com\escuelaposgrado\Intranet\model\Usuario.java","backend\Intranet\src\main\java\com\escuelaposgrado\Intranet\model\Usuario.java","Usuario::getCodigoEstudiante","Usuario::getCodigoEstudiante()",167,167
1,1,13,1,1,"Usuario::setCodigoEstudiante@168-168@backend\Intranet\src\main\java\com\escuelaposgrado\Intranet\model\Usuario.java","backend\Intranet\src\main\java\com\escuelaposgrado\Intranet\model\Usuario.java","Usuario::setCodigoEstudiante","Usuario::setCodigoEstudiante( String codigoEstudiante)",168,168
1,1,8,0,1,"Usuario::getCodigoDocente@170-170@backend\Intranet\src\main\java\com\escuelaposgrado\Intranet\model\Usuario.java","backend\Intranet\src\main\java\com\escuelaposgrado\Intranet\model\Usuario.java","Usuario::getCodigoDocente","Usuario::getCodigoDocente()",170,170
1,1,13,1,1,"Usuario::setCodigoDocente@171-171@backend\Intranet\src\main\java\com\escuelaposgrado\Intranet\model\Usuario.java","backend\Intranet\src\main\java\com\escuelaposgrado\Intranet\model\Usuario.java","Usuario::setCodigoDocente","Usuario::setCodigoDocente( String codigoDocente)",171,171
1,1,8,0,1,"Usuario::getEspecialidad@173-173@backend\Intranet\src\main\java\com\escuelaposgrado\Intranet\model\Usuario.java","backend\Intranet\src\main\java\com\escuelaposgrado\Intranet\model\Usuario.java","Usuario::getEspecialidad","Usuario::getEspecialidad()",173,173
1,1,13,1,1,"Usuario::setEspecialidad@174-174@backend\Intranet\src\main\java\com\escuelaposgrado\Intranet\model\Usuario.java","backend\Intranet\src\main\java\com\escuelaposgrado\Intranet\model\Usuario.java","Usuario::setEspecialidad","Usuario::setEspecialidad( String especialidad)",174,174
1,1,8,0,1,"Usuario::getProgramaInteres@176-176@backend\Intranet\src\main\java\com\escuelaposgrado\Intranet\model\Usuario.java","backend\Intranet\src\main\java\com\escuelaposgrado\Intranet\model\Usuario.java","Usuario::getProgramaInteres","Usuario::getProgramaInteres()",176,176
1,1,13,1,1,"Usuario::setProgramaInteres@177-177@backend\Intranet\src\main\java\com\escuelaposgrado\Intranet\model\Usuario.java","backend\Intranet\src\main\java\com\escuelaposgrado\Intranet\model\Usuario.java","Usuario::setProgramaInteres","Usuario::setProgramaInteres( String programaInteres)",177,177
1,1,8,0,1,"Usuario::getActivo@179-179@backend\Intranet\src\main\java\com\escuelaposgrado\Intranet\model\Usuario.java","backend\Intranet\src\main\java\com\escuelaposgrado\Intranet\model\Usuario.java","Usuario::getActivo","Usuario::getActivo()",179,179
1,1,13,1,1,"Usuario::setActivo@180-180@backend\Intranet\src\main\java\com\escuelaposgrado\Intranet\model\Usuario.java","backend\Intranet\src\main\java\com\escuelaposgrado\Intranet\model\Usuario.java","Usuario::setActivo","Usuario::setActivo( Boolean activo)",180,180
1,1,8,0,1,"Usuario::getUltimoAcceso@182-182@backend\Intranet\src\main\java\com\escuelaposgrado\Intranet\model\Usuario.java","backend\Intranet\src\main\java\com\escuelaposgrado\Intranet\model\Usuario.java","Usuario::getUltimoAcceso","Usuario::getUltimoAcceso()",182,182
1,1,13,1,1,"Usuario::setUltimoAcceso@183-183@backend\Intranet\src\main\java\com\escuelaposgrado\Intranet\model\Usuario.java","backend\Intranet\src\main\java\com\escuelaposgrado\Intranet\model\Usuario.java","Usuario::setUltimoAcceso","Usuario::setUltimoAcceso( LocalDateTime ultimoAcceso)",183,183
1,1,8,0,1,"Usuario::getFechaCreacion@185-185@backend\Intranet\src\main\java\com\escuelaposgrado\Intranet\model\Usuario.java","backend\Intranet\src\main\java\com\escuelaposgrado\Intranet\model\Usuario.java","Usuario::getFechaCreacion","Usuario::getFechaCreacion()",185,185
1,1,13,1,1,"Usuario::setFechaCreacion@186-186@backend\Intranet\src\main\java\com\escuelaposgrado\Intranet\model\Usuario.java","backend\Intranet\src\main\java\com\escuelaposgrado\Intranet\model\Usuario.java","Usuario::setFechaCreacion","Usuario::setFechaCreacion( LocalDateTime fechaCreacion)",186,186
1,1,8,0,1,"Usuario::getFechaActualizacion@188-188@backend\Intranet\src\main\java\com\escuelaposgrado\Intranet\model\Usuario.java","backend\Intranet\src\main\java\com\escuelaposgrado\Intranet\model\Usuario.java","Usuario::getFechaActualizacion","Usuario::getFechaActualizacion()",188,188
1,1,13,1,1,"Usuario::setFechaActualizacion@189-189@backend\Intranet\src\main\java\com\escuelaposgrado\Intranet\model\Usuario.java","backend\Intranet\src\main\java\com\escuelaposgrado\Intranet\model\Usuario.java","Usuario::setFechaActualizacion","Usuario::setFechaActualizacion( LocalDateTime fechaActualizacion)",189,189
1,1,8,0,1,"Usuario::getPassword@191-191@backend\Intranet\src\main\java\com\escuelaposgrado\Intranet\model\Usuario.java","backend\Intranet\src\main\java\com\escuelaposgrado\Intranet\model\Usuario.java","Usuario::getPassword","Usuario::getPassword()",191,191
1,1,13,1,1,"Usuario::setPassword@192-192@backend\Intranet\src\main\java\com\escuelaposgrado\Intranet\model\Usuario.java","backend\Intranet\src\main\java\com\escuelaposgrado\Intranet\model\Usuario.java","Usuario::setPassword","Usuario::setPassword( String password)",192,192
1,1,8,0,1,"Usuario::getCodigo@194-194@backend\Intranet\src\main\java\com\escuelaposgrado\Intranet\model\Usuario.java","backend\Intranet\src\main\java\com\escuelaposgrado\Intranet\model\Usuario.java","Usuario::getCodigo","Usuario::getCodigo()",194,194
1,1,13,1,1,"Usuario::setCodigo@195-195@backend\Intranet\src\main\java\com\escuelaposgrado\Intranet\model\Usuario.java","backend\Intranet\src\main\java\com\escuelaposgrado\Intranet\model\Usuario.java","Usuario::setCodigo","Usuario::setCodigo( String codigo)",195,195
1,1,8,0,1,"Usuario::getEliminado@197-197@backend\Intranet\src\main\java\com\escuelaposgrado\Intranet\model\Usuario.java","backend\Intranet\src\main\java\com\escuelaposgrado\Intranet\model\Usuario.java","Usuario::getEliminado","Usuario::getEliminado()",197,197
1,1,13,1,1,"Usuario::setEliminado@198-198@backend\Intranet\src\main\java\com\escuelaposgrado\Intranet\model\Usuario.java","backend\Intranet\src\main\java\com\escuelaposgrado\Intranet\model\Usuario.java","Usuario::setEliminado","Usuario::setEliminado( Boolean eliminado)",198,198
1,1,8,0,1,"Usuario::getRol@201-201@backend\Intranet\src\main\java\com\escuelaposgrado\Intranet\model\Usuario.java","backend\Intranet\src\main\java\com\escuelaposgrado\Intranet\model\Usuario.java","Usuario::getRol","Usuario::getRol()",201,201
1,1,13,1,1,"Usuario::setRol@202-202@backend\Intranet\src\main\java\com\escuelaposgrado\Intranet\model\Usuario.java","backend\Intranet\src\main\java\com\escuelaposgrado\Intranet\model\Usuario.java","Usuario::setRol","Usuario::setRol( Role rol)",202,202
1,1,8,0,1,"Usuario::getFechaRegistro@204-204@backend\Intranet\src\main\java\com\escuelaposgrado\Intranet\model\Usuario.java","backend\Intranet\src\main\java\com\escuelaposgrado\Intranet\model\Usuario.java","Usuario::getFechaRegistro","Usuario::getFechaRegistro()",204,204
1,1,13,1,1,"Usuario::setFechaRegistro@205-205@backend\Intranet\src\main\java\com\escuelaposgrado\Intranet\model\Usuario.java","backend\Intranet\src\main\java\com\escuelaposgrado\Intranet\model\Usuario.java","Usuario::setFechaRegistro","Usuario::setFechaRegistro( LocalDateTime fechaRegistro)",205,205
1,1,8,0,1,"Usuario::getAsistencias@207-207@backend\Intranet\src\main\java\com\escuelaposgrado\Intranet\model\Usuario.java","backend\Intranet\src\main\java\com\escuelaposgrado\Intranet\model\Usuario.java","Usuario::getAsistencias","Usuario::getAsistencias()",207,207
1,1,16,1,1,"Usuario::setAsistencias@208-208@backend\Intranet\src\main\java\com\escuelaposgrado\Intranet\model\Usuario.java","backend\Intranet\src\main\java\com\escuelaposgrado\Intranet\model\Usuario.java","Usuario::setAsistencias","Usuario::setAsistencias( List<Asistencia> asistencias)",208,208
1,1,8,0,1,"Usuario::getCalificaciones@210-210@backend\Intranet\src\main\java\com\escuelaposgrado\Intranet\model\Usuario.java","backend\Intranet\src\main\java\com\escuelaposgrado\Intranet\model\Usuario.java","Usuario::getCalificaciones","Usuario::getCalificaciones()",210,210
1,1,16,1,1,"Usuario::setCalificaciones@211-211@backend\Intranet\src\main\java\com\escuelaposgrado\Intranet\model\Usuario.java","backend\Intranet\src\main\java\com\escuelaposgrado\Intranet\model\Usuario.java","Usuario::setCalificaciones","Usuario::setCalificaciones( List<Calificacion> calificaciones)",211,211
1,1,8,0,1,"Usuario::getMateriasDictadas@213-213@backend\Intranet\src\main\java\com\escuelaposgrado\Intranet\model\Usuario.java","backend\Intranet\src\main\java\com\escuelaposgrado\Intranet\model\Usuario.java","Usuario::getMateriasDictadas","Usuario::getMateriasDictadas()",213,213
1,1,16,1,1,"Usuario::setMateriasDictadas@214-214@backend\Intranet\src\main\java\com\escuelaposgrado\Intranet\model\Usuario.java","backend\Intranet\src\main\java\com\escuelaposgrado\Intranet\model\Usuario.java","Usuario::setMateriasDictadas","Usuario::setMateriasDictadas( List<Materia> materiasDictadas)",214,214
13,1,134,3,17,"AuthEntryPointJwt::commence@30-46@backend\Intranet\src\main\java\com\escuelaposgrado\Intranet\security\jwt\AuthEntryPointJwt.java","backend\Intranet\src\main\java\com\escuelaposgrado\Intranet\security\jwt\AuthEntryPointJwt.java","AuthEntryPointJwt::commence","AuthEntryPointJwt::commence( HttpServletRequest request , HttpServletResponse response , AuthenticationException authException)",30,46
27,4,188,3,33,"AuthTokenFilter::doFilterInternal@35-67@backend\Intranet\src\main\java\com\escuelaposgrado\Intranet\security\jwt\AuthTokenFilter.java","backend\Intranet\src\main\java\com\escuelaposgrado\Intranet\security\jwt\AuthTokenFilter.java","AuthTokenFilter::doFilterInternal","AuthTokenFilter::doFilterInternal( @ NonNull HttpServletRequest request , @ NonNull HttpServletResponse response , @ NonNull FilterChain filterChain)",35,67
7,3,46,1,9,"AuthTokenFilter::parseJwt@72-80@backend\Intranet\src\main\java\com\escuelaposgrado\Intranet\security\jwt\AuthTokenFilter.java","backend\Intranet\src\main\java\com\escuelaposgrado\Intranet\security\jwt\AuthTokenFilter.java","AuthTokenFilter::parseJwt","AuthTokenFilter::parseJwt( HttpServletRequest request)",72,80
10,1,86,1,12,"JwtUtils::generateJwtToken@37-48@backend\Intranet\src\main\java\com\escuelaposgrado\Intranet\security\jwt\JwtUtils.java","backend\Intranet\src\main\java\com\escuelaposgrado\Intranet\security\jwt\JwtUtils.java","JwtUtils::generateJwtToken","JwtUtils::generateJwtToken( Authentication authentication)",37,48
9,1,50,1,10,"JwtUtils::getUserNameFromJwtToken@53-62@backend\Intranet\src\main\java\com\escuelaposgrado\Intranet\security\jwt\JwtUtils.java","backend\Intranet\src\main\java\com\escuelaposgrado\Intranet\security\jwt\JwtUtils.java","JwtUtils::getUserNameFromJwtToken","JwtUtils::getUserNameFromJwtToken( String token)",53,62
21,6,150,1,24,"JwtUtils::validateJwtToken@67-90@backend\Intranet\src\main\java\com\escuelaposgrado\Intranet\security\jwt\JwtUtils.java","backend\Intranet\src\main\java\com\escuelaposgrado\Intranet\security\jwt\JwtUtils.java","JwtUtils::validateJwtToken","JwtUtils::validateJwtToken( String authToken)",67,90
9,1,50,1,10,"JwtUtils::getExpirationDateFromJwtToken@95-104@backend\Intranet\src\main\java\com\escuelaposgrado\Intranet\security\jwt\JwtUtils.java","backend\Intranet\src\main\java\com\escuelaposgrado\Intranet\security\jwt\JwtUtils.java","JwtUtils::getExpirationDateFromJwtToken","JwtUtils::getExpirationDateFromJwtToken( String token)",95,104
5,1,41,1,6,"UserDetailsServiceImpl::loadUserByUsername@23-28@backend\Intranet\src\main\java\com\escuelaposgrado\Intranet\security\services\UserDetailsServiceImpl.java","backend\Intranet\src\main\java\com\escuelaposgrado\Intranet\security\services\UserDetailsServiceImpl.java","UserDetailsServiceImpl::loadUserByUsername","UserDetailsServiceImpl::loadUserByUsername( String email)",23,28
8,1,50,5,8,"UserPrincipal::UserPrincipal@22-29@backend\Intranet\src\main\java\com\escuelaposgrado\Intranet\security\services\UserPrincipal.java","backend\Intranet\src\main\java\com\escuelaposgrado\Intranet\security\services\UserPrincipal.java","UserPrincipal::UserPrincipal","UserPrincipal::UserPrincipal( Long id , String username , String email , String password , Collection <? extends GrantedAuthority> authorities)",22,29
12,1,65,1,13,"UserPrincipal::create@31-43@backend\Intranet\src\main\java\com\escuelaposgrado\Intranet\security\services\UserPrincipal.java","backend\Intranet\src\main\java\com\escuelaposgrado\Intranet\security\services\UserPrincipal.java","UserPrincipal::create","UserPrincipal::create( Usuario usuario)",31,43
3,1,8,0,3,"UserPrincipal::getId@45-47@backend\Intranet\src\main\java\com\escuelaposgrado\Intranet\security\services\UserPrincipal.java","backend\Intranet\src\main\java\com\escuelaposgrado\Intranet\security\services\UserPrincipal.java","UserPrincipal::getId","UserPrincipal::getId()",45,47
3,1,8,0,3,"UserPrincipal::getEmail@49-51@backend\Intranet\src\main\java\com\escuelaposgrado\Intranet\security\services\UserPrincipal.java","backend\Intranet\src\main\java\com\escuelaposgrado\Intranet\security\services\UserPrincipal.java","UserPrincipal::getEmail","UserPrincipal::getEmail()",49,51
3,1,8,0,3,"UserPrincipal::getUsername@54-56@backend\Intranet\src\main\java\com\escuelaposgrado\Intranet\security\services\UserPrincipal.java","backend\Intranet\src\main\java\com\escuelaposgrado\Intranet\security\services\UserPrincipal.java","UserPrincipal::getUsername","UserPrincipal::getUsername()",54,56
3,1,8,0,3,"UserPrincipal::getPassword@59-61@backend\Intranet\src\main\java\com\escuelaposgrado\Intranet\security\services\UserPrincipal.java","backend\Intranet\src\main\java\com\escuelaposgrado\Intranet\security\services\UserPrincipal.java","UserPrincipal::getPassword","UserPrincipal::getPassword()",59,61
3,1,8,0,3,"UserPrincipal::getAuthorities@64-66@backend\Intranet\src\main\java\com\escuelaposgrado\Intranet\security\services\UserPrincipal.java","backend\Intranet\src\main\java\com\escuelaposgrado\Intranet\security\services\UserPrincipal.java","UserPrincipal::getAuthorities","UserPrincipal::getAuthorities()",64,66
3,1,8,0,3,"UserPrincipal::isAccountNonExpired@69-71@backend\Intranet\src\main\java\com\escuelaposgrado\Intranet\security\services\UserPrincipal.java","backend\Intranet\src\main\java\com\escuelaposgrado\Intranet\security\services\UserPrincipal.java","UserPrincipal::isAccountNonExpired","UserPrincipal::isAccountNonExpired()",69,71
3,1,8,0,3,"UserPrincipal::isAccountNonLocked@74-76@backend\Intranet\src\main\java\com\escuelaposgrado\Intranet\security\services\UserPrincipal.java","backend\Intranet\src\main\java\com\escuelaposgrado\Intranet\security\services\UserPrincipal.java","UserPrincipal::isAccountNonLocked","UserPrincipal::isAccountNonLocked()",74,76
3,1,8,0,3,"UserPrincipal::isCredentialsNonExpired@79-81@backend\Intranet\src\main\java\com\escuelaposgrado\Intranet\security\services\UserPrincipal.java","backend\Intranet\src\main\java\com\escuelaposgrado\Intranet\security\services\UserPrincipal.java","UserPrincipal::isCredentialsNonExpired","UserPrincipal::isCredentialsNonExpired()",79,81
3,1,8,0,3,"UserPrincipal::isEnabled@84-86@backend\Intranet\src\main\java\com\escuelaposgrado\Intranet\security\services\UserPrincipal.java","backend\Intranet\src\main\java\com\escuelaposgrado\Intranet\security\services\UserPrincipal.java","UserPrincipal::isEnabled","UserPrincipal::isEnabled()",84,86
22,2,203,2,28,"AsistenciaService::registrarAsistencia@39-66@backend\Intranet\src\main\java\com\escuelaposgrado\Intranet\service\AsistenciaService.java","backend\Intranet\src\main\java\com\escuelaposgrado\Intranet\service\AsistenciaService.java","AsistenciaService::registrarAsistencia","AsistenciaService::registrarAsistencia( AsistenciaDTO asistenciaDTO , String registradoPor)",39,66
11,1,107,2,14,"AsistenciaService::actualizarAsistencia@71-84@backend\Intranet\src\main\java\com\escuelaposgrado\Intranet\service\AsistenciaService.java","backend\Intranet\src\main\java\com\escuelaposgrado\Intranet\service\AsistenciaService.java","AsistenciaService::actualizarAsistencia","AsistenciaService::actualizarAsistencia( Long id , AsistenciaDTO asistenciaDTO)",71,84
8,1,57,1,9,"AsistenciaService::obtenerAsistenciasPorEstudiante@90-98@backend\Intranet\src\main\java\com\escuelaposgrado\Intranet\service\AsistenciaService.java","backend\Intranet\src\main\java\com\escuelaposgrado\Intranet\service\AsistenciaService.java","AsistenciaService::obtenerAsistenciasPorEstudiante","AsistenciaService::obtenerAsistenciasPorEstudiante( Long estudianteId)",90,98
8,1,57,1,9,"AsistenciaService::obtenerAsistenciasPorMateria@104-112@backend\Intranet\src\main\java\com\escuelaposgrado\Intranet\service\AsistenciaService.java","backend\Intranet\src\main\java\com\escuelaposgrado\Intranet\service\AsistenciaService.java","AsistenciaService::obtenerAsistenciasPorMateria","AsistenciaService::obtenerAsistenciasPorMateria( Long materiaId)",104,112
10,1,84,2,12,"AsistenciaService::obtenerAsistenciasPorEstudianteYMateria@118-129@backend\Intranet\src\main\java\com\escuelaposgrado\Intranet\service\AsistenciaService.java","backend\Intranet\src\main\java\com\escuelaposgrado\Intranet\service\AsistenciaService.java","AsistenciaService::obtenerAsistenciasPorEstudianteYMateria","AsistenciaService::obtenerAsistenciasPorEstudianteYMateria( Long estudianteId , Long materiaId)",118,129
6,1,40,2,6,"AsistenciaService::obtenerAsistenciasPorFechas@135-140@backend\Intranet\src\main\java\com\escuelaposgrado\Intranet\service\AsistenciaService.java","backend\Intranet\src\main\java\com\escuelaposgrado\Intranet\service\AsistenciaService.java","AsistenciaService::obtenerAsistenciasPorFechas","AsistenciaService::obtenerAsistenciasPorFechas( LocalDate fechaInicio , LocalDate fechaFin)",135,140
6,1,35,1,6,"AsistenciaService::obtenerAsistenciasDelDia@146-151@backend\Intranet\src\main\java\com\escuelaposgrado\Intranet\service\AsistenciaService.java","backend\Intranet\src\main\java\com\escuelaposgrado\Intranet\service\AsistenciaService.java","AsistenciaService::obtenerAsistenciasDelDia","AsistenciaService::obtenerAsistenciasDelDia( LocalDate fecha)",146,151
12,2,98,2,16,"AsistenciaService::calcularPorcentajeAsistencia@157-172@backend\Intranet\src\main\java\com\escuelaposgrado\Intranet\service\AsistenciaService.java","backend\Intranet\src\main\java\com\escuelaposgrado\Intranet\service\AsistenciaService.java","AsistenciaService::calcularPorcentajeAsistencia","AsistenciaService::calcularPorcentajeAsistencia( Long estudianteId , Long materiaId)",157,172
20,2,184,1,24,"AsistenciaService::obtenerEstadisticasEstudiante@178-201@backend\Intranet\src\main\java\com\escuelaposgrado\Intranet\service\AsistenciaService.java","backend\Intranet\src\main\java\com\escuelaposgrado\Intranet\service\AsistenciaService.java","AsistenciaService::obtenerEstadisticasEstudiante","AsistenciaService::obtenerEstadisticasEstudiante( Long estudianteId)",178,201
8,1,62,2,9,"AsistenciaService::obtenerReporteAsistencia@207-215@backend\Intranet\src\main\java\com\escuelaposgrado\Intranet\service\AsistenciaService.java","backend\Intranet\src\main\java\com\escuelaposgrado\Intranet\service\AsistenciaService.java","AsistenciaService::obtenerReporteAsistencia","AsistenciaService::obtenerReporteAsistencia( Long materiaId , LocalDate fecha)",207,215
6,2,33,1,6,"AsistenciaService::eliminarAsistencia@220-225@backend\Intranet\src\main\java\com\escuelaposgrado\Intranet\service\AsistenciaService.java","backend\Intranet\src\main\java\com\escuelaposgrado\Intranet\service\AsistenciaService.java","AsistenciaService::eliminarAsistencia","AsistenciaService::eliminarAsistencia( Long id)",220,225
16,1,170,1,17,"AsistenciaService::convertirADTO@230-246@backend\Intranet\src\main\java\com\escuelaposgrado\Intranet\service\AsistenciaService.java","backend\Intranet\src\main\java\com\escuelaposgrado\Intranet\service\AsistenciaService.java","AsistenciaService::convertirADTO","AsistenciaService::convertirADTO( Asistencia asistencia)",230,246
1,1,8,0,1,"EstadisticasAsistenciaDTO::getEstudianteId@263-263@backend\Intranet\src\main\java\com\escuelaposgrado\Intranet\service\AsistenciaService.java","backend\Intranet\src\main\java\com\escuelaposgrado\Intranet\service\AsistenciaService.java","EstadisticasAsistenciaDTO::getEstudianteId","EstadisticasAsistenciaDTO::getEstudianteId()",263,263
1,1,13,1,1,"EstadisticasAsistenciaDTO::setEstudianteId@264-264@backend\Intranet\src\main\java\com\escuelaposgrado\Intranet\service\AsistenciaService.java","backend\Intranet\src\main\java\com\escuelaposgrado\Intranet\service\AsistenciaService.java","EstadisticasAsistenciaDTO::setEstudianteId","EstadisticasAsistenciaDTO::setEstudianteId( Long estudianteId)",264,264
1,1,8,0,1,"EstadisticasAsistenciaDTO::getEstudianteNombre@266-266@backend\Intranet\src\main\java\com\escuelaposgrado\Intranet\service\AsistenciaService.java","backend\Intranet\src\main\java\com\escuelaposgrado\Intranet\service\AsistenciaService.java","EstadisticasAsistenciaDTO::getEstudianteNombre","EstadisticasAsistenciaDTO::getEstudianteNombre()",266,266
1,1,13,1,1,"EstadisticasAsistenciaDTO::setEstudianteNombre@267-267@backend\Intranet\src\main\java\com\escuelaposgrado\Intranet\service\AsistenciaService.java","backend\Intranet\src\main\java\com\escuelaposgrado\Intranet\service\AsistenciaService.java","EstadisticasAsistenciaDTO::setEstudianteNombre","EstadisticasAsistenciaDTO::setEstudianteNombre( String estudianteNombre)",267,267
1,1,8,0,1,"EstadisticasAsistenciaDTO::getTotalPresente@269-269@backend\Intranet\src\main\java\com\escuelaposgrado\Intranet\service\AsistenciaService.java","backend\Intranet\src\main\java\com\escuelaposgrado\Intranet\service\AsistenciaService.java","EstadisticasAsistenciaDTO::getTotalPresente","EstadisticasAsistenciaDTO::getTotalPresente()",269,269
1,1,13,1,1,"EstadisticasAsistenciaDTO::setTotalPresente@270-270@backend\Intranet\src\main\java\com\escuelaposgrado\Intranet\service\AsistenciaService.java","backend\Intranet\src\main\java\com\escuelaposgrado\Intranet\service\AsistenciaService.java","EstadisticasAsistenciaDTO::setTotalPresente","EstadisticasAsistenciaDTO::setTotalPresente( Long totalPresente)",270,270
1,1,8,0,1,"EstadisticasAsistenciaDTO::getTotalAusente@272-272@backend\Intranet\src\main\java\com\escuelaposgrado\Intranet\service\AsistenciaService.java","backend\Intranet\src\main\java\com\escuelaposgrado\Intranet\service\AsistenciaService.java","EstadisticasAsistenciaDTO::getTotalAusente","EstadisticasAsistenciaDTO::getTotalAusente()",272,272
1,1,13,1,1,"EstadisticasAsistenciaDTO::setTotalAusente@273-273@backend\Intranet\src\main\java\com\escuelaposgrado\Intranet\service\AsistenciaService.java","backend\Intranet\src\main\java\com\escuelaposgrado\Intranet\service\AsistenciaService.java","EstadisticasAsistenciaDTO::setTotalAusente","EstadisticasAsistenciaDTO::setTotalAusente( Long totalAusente)",273,273
1,1,8,0,1,"EstadisticasAsistenciaDTO::getTotalTardanza@275-275@backend\Intranet\src\main\java\com\escuelaposgrado\Intranet\service\AsistenciaService.java","backend\Intranet\src\main\java\com\escuelaposgrado\Intranet\service\AsistenciaService.java","EstadisticasAsistenciaDTO::getTotalTardanza","EstadisticasAsistenciaDTO::getTotalTardanza()",275,275
1,1,13,1,1,"EstadisticasAsistenciaDTO::setTotalTardanza@276-276@backend\Intranet\src\main\java\com\escuelaposgrado\Intranet\service\AsistenciaService.java","backend\Intranet\src\main\java\com\escuelaposgrado\Intranet\service\AsistenciaService.java","EstadisticasAsistenciaDTO::setTotalTardanza","EstadisticasAsistenciaDTO::setTotalTardanza( Long totalTardanza)",276,276
1,1,8,0,1,"EstadisticasAsistenciaDTO::getTotalJustificado@278-278@backend\Intranet\src\main\java\com\escuelaposgrado\Intranet\service\AsistenciaService.java","backend\Intranet\src\main\java\com\escuelaposgrado\Intranet\service\AsistenciaService.java","EstadisticasAsistenciaDTO::getTotalJustificado","EstadisticasAsistenciaDTO::getTotalJustificado()",278,278
1,1,13,1,1,"EstadisticasAsistenciaDTO::setTotalJustificado@279-279@backend\Intranet\src\main\java\com\escuelaposgrado\Intranet\service\AsistenciaService.java","backend\Intranet\src\main\java\com\escuelaposgrado\Intranet\service\AsistenciaService.java","EstadisticasAsistenciaDTO::setTotalJustificado","EstadisticasAsistenciaDTO::setTotalJustificado( Long totalJustificado)",279,279
1,1,8,0,1,"EstadisticasAsistenciaDTO::getTotalClases@281-281@backend\Intranet\src\main\java\com\escuelaposgrado\Intranet\service\AsistenciaService.java","backend\Intranet\src\main\java\com\escuelaposgrado\Intranet\service\AsistenciaService.java","EstadisticasAsistenciaDTO::getTotalClases","EstadisticasAsistenciaDTO::getTotalClases()",281,281
1,1,13,1,1,"EstadisticasAsistenciaDTO::setTotalClases@282-282@backend\Intranet\src\main\java\com\escuelaposgrado\Intranet\service\AsistenciaService.java","backend\Intranet\src\main\java\com\escuelaposgrado\Intranet\service\AsistenciaService.java","EstadisticasAsistenciaDTO::setTotalClases","EstadisticasAsistenciaDTO::setTotalClases( Long totalClases)",282,282
1,1,8,0,1,"EstadisticasAsistenciaDTO::getPorcentajeAsistencia@284-284@backend\Intranet\src\main\java\com\escuelaposgrado\Intranet\service\AsistenciaService.java","backend\Intranet\src\main\java\com\escuelaposgrado\Intranet\service\AsistenciaService.java","EstadisticasAsistenciaDTO::getPorcentajeAsistencia","EstadisticasAsistenciaDTO::getPorcentajeAsistencia()",284,284
1,1,13,1,1,"EstadisticasAsistenciaDTO::setPorcentajeAsistencia@285-285@backend\Intranet\src\main\java\com\escuelaposgrado\Intranet\service\AsistenciaService.java","backend\Intranet\src\main\java\com\escuelaposgrado\Intranet\service\AsistenciaService.java","EstadisticasAsistenciaDTO::setPorcentajeAsistencia","EstadisticasAsistenciaDTO::setPorcentajeAsistencia( Double porcentajeAsistencia)",285,285
24,2,230,2,30,"CalificacionService::registrarCalificacion@44-73@backend\Intranet\src\main\java\com\escuelaposgrado\Intranet\service\CalificacionService.java","backend\Intranet\src\main\java\com\escuelaposgrado\Intranet\service\CalificacionService.java","CalificacionService::registrarCalificacion","CalificacionService::registrarCalificacion( CalificacionDTO calificacionDTO , String registradoPor)",44,73
13,1,134,2,16,"CalificacionService::actualizarCalificacion@78-93@backend\Intranet\src\main\java\com\escuelaposgrado\Intranet\service\CalificacionService.java","backend\Intranet\src\main\java\com\escuelaposgrado\Intranet\service\CalificacionService.java","CalificacionService::actualizarCalificacion","CalificacionService::actualizarCalificacion( Long id , CalificacionDTO calificacionDTO)",78,93
11,2,116,4,16,"CalificacionService::corregirCalificacion@98-113@backend\Intranet\src\main\java\com\escuelaposgrado\Intranet\service\CalificacionService.java","backend\Intranet\src\main\java\com\escuelaposgrado\Intranet\service\CalificacionService.java","CalificacionService::corregirCalificacion","CalificacionService::corregirCalificacion( Long id , BigDecimal nuevaNota , String motivoCorreccion , String corregidoPor)",98,113
8,1,57,1,9,"CalificacionService::obtenerCalificacionesPorEstudiante@119-127@backend\Intranet\src\main\java\com\escuelaposgrado\Intranet\service\CalificacionService.java","backend\Intranet\src\main\java\com\escuelaposgrado\Intranet\service\CalificacionService.java","CalificacionService::obtenerCalificacionesPorEstudiante","CalificacionService::obtenerCalificacionesPorEstudiante( Long estudianteId)",119,127
8,1,57,1,9,"CalificacionService::obtenerCalificacionesPorMateria@133-141@backend\Intranet\src\main\java\com\escuelaposgrado\Intranet\service\CalificacionService.java","backend\Intranet\src\main\java\com\escuelaposgrado\Intranet\service\CalificacionService.java","CalificacionService::obtenerCalificacionesPorMateria","CalificacionService::obtenerCalificacionesPorMateria( Long materiaId)",133,141
10,1,84,2,12,"CalificacionService::obtenerCalificacionesPorEstudianteYMateria@147-158@backend\Intranet\src\main\java\com\escuelaposgrado\Intranet\service\CalificacionService.java","backend\Intranet\src\main\java\com\escuelaposgrado\Intranet\service\CalificacionService.java","CalificacionService::obtenerCalificacionesPorEstudianteYMateria","CalificacionService::obtenerCalificacionesPorEstudianteYMateria( Long estudianteId , Long materiaId)",147,158
6,1,45,2,6,"CalificacionService::obtenerCalificacionesPorCicloYAnio@164-169@backend\Intranet\src\main\java\com\escuelaposgrado\Intranet\service\CalificacionService.java","backend\Intranet\src\main\java\com\escuelaposgrado\Intranet\service\CalificacionService.java","CalificacionService::obtenerCalificacionesPorCicloYAnio","CalificacionService::obtenerCalificacionesPorCicloYAnio( String ciclo , Integer anio)",164,169
8,2,86,2,10,"CalificacionService::calcularPromedioEstudianteMateria@175-184@backend\Intranet\src\main\java\com\escuelaposgrado\Intranet\service\CalificacionService.java","backend\Intranet\src\main\java\com\escuelaposgrado\Intranet\service\CalificacionService.java","CalificacionService::calcularPromedioEstudianteMateria","CalificacionService::calcularPromedioEstudianteMateria( Long estudianteId , Long materiaId)",175,184
21,5,189,2,28,"CalificacionService::calcularPromedioPonderado@190-217@backend\Intranet\src\main\java\com\escuelaposgrado\Intranet\service\CalificacionService.java","backend\Intranet\src\main\java\com\escuelaposgrado\Intranet\service\CalificacionService.java","CalificacionService::calcularPromedioPonderado","CalificacionService::calcularPromedioPonderado( Long estudianteId , Long materiaId)",190,217
16,4,159,1,19,"CalificacionService::obtenerEstadisticasMateria@223-241@backend\Intranet\src\main\java\com\escuelaposgrado\Intranet\service\CalificacionService.java","backend\Intranet\src\main\java\com\escuelaposgrado\Intranet\service\CalificacionService.java","CalificacionService::obtenerEstadisticasMateria","CalificacionService::obtenerEstadisticasMateria( Long materiaId)",223,241
29,4,314,2,44,"CalificacionService::obtenerRankingEstudiantes@247-290@backend\Intranet\src\main\java\com\escuelaposgrado\Intranet\service\CalificacionService.java","backend\Intranet\src\main\java\com\escuelaposgrado\Intranet\service\CalificacionService.java","CalificacionService::obtenerRankingEstudiantes","CalificacionService::obtenerRankingEstudiantes( Long materiaId , Integer limite)",247,290
6,1,32,0,6,"CalificacionService::obtenerCalificacionesPendientes@296-301@backend\Intranet\src\main\java\com\escuelaposgrado\Intranet\service\CalificacionService.java","backend\Intranet\src\main\java\com\escuelaposgrado\Intranet\service\CalificacionService.java","CalificacionService::obtenerCalificacionesPendientes","CalificacionService::obtenerCalificacionesPendientes()",296,301
6,2,33,1,6,"CalificacionService::eliminarCalificacion@306-311@backend\Intranet\src\main\java\com\escuelaposgrado\Intranet\service\CalificacionService.java","backend\Intranet\src\main\java\com\escuelaposgrado\Intranet\service\CalificacionService.java","CalificacionService::eliminarCalificacion","CalificacionService::eliminarCalificacion( Long id)",306,311
17,1,185,1,18,"CalificacionService::convertirADTO@316-333@backend\Intranet\src\main\java\com\escuelaposgrado\Intranet\service\CalificacionService.java","backend\Intranet\src\main\java\com\escuelaposgrado\Intranet\service\CalificacionService.java","CalificacionService::convertirADTO","CalificacionService::convertirADTO( Calificacion calificacion)",316,333
1,1,8,0,1,"EstadisticasCalificacionDTO::getMateriaId@348-348@backend\Intranet\src\main\java\com\escuelaposgrado\Intranet\service\CalificacionService.java","backend\Intranet\src\main\java\com\escuelaposgrado\Intranet\service\CalificacionService.java","EstadisticasCalificacionDTO::getMateriaId","EstadisticasCalificacionDTO::getMateriaId()",348,348
1,1,13,1,1,"EstadisticasCalificacionDTO::setMateriaId@349-349@backend\Intranet\src\main\java\com\escuelaposgrado\Intranet\service\CalificacionService.java","backend\Intranet\src\main\java\com\escuelaposgrado\Intranet\service\CalificacionService.java","EstadisticasCalificacionDTO::setMateriaId","EstadisticasCalificacionDTO::setMateriaId( Long materiaId)",349,349
1,1,8,0,1,"EstadisticasCalificacionDTO::getMateriaNombre@351-351@backend\Intranet\src\main\java\com\escuelaposgrado\Intranet\service\CalificacionService.java","backend\Intranet\src\main\java\com\escuelaposgrado\Intranet\service\CalificacionService.java","EstadisticasCalificacionDTO::getMateriaNombre","EstadisticasCalificacionDTO::getMateriaNombre()",351,351
1,1,13,1,1,"EstadisticasCalificacionDTO::setMateriaNombre@352-352@backend\Intranet\src\main\java\com\escuelaposgrado\Intranet\service\CalificacionService.java","backend\Intranet\src\main\java\com\escuelaposgrado\Intranet\service\CalificacionService.java","EstadisticasCalificacionDTO::setMateriaNombre","EstadisticasCalificacionDTO::setMateriaNombre( String materiaNombre)",352,352
1,1,8,0,1,"EstadisticasCalificacionDTO::getPromedio@354-354@backend\Intranet\src\main\java\com\escuelaposgrado\Intranet\service\CalificacionService.java","backend\Intranet\src\main\java\com\escuelaposgrado\Intranet\service\CalificacionService.java","EstadisticasCalificacionDTO::getPromedio","EstadisticasCalificacionDTO::getPromedio()",354,354
1,1,13,1,1,"EstadisticasCalificacionDTO::setPromedio@355-355@backend\Intranet\src\main\java\com\escuelaposgrado\Intranet\service\CalificacionService.java","backend\Intranet\src\main\java\com\escuelaposgrado\Intranet\service\CalificacionService.java","EstadisticasCalificacionDTO::setPromedio","EstadisticasCalificacionDTO::setPromedio( BigDecimal promedio)",355,355
1,1,8,0,1,"EstadisticasCalificacionDTO::getNotaMaxima@357-357@backend\Intranet\src\main\java\com\escuelaposgrado\Intranet\service\CalificacionService.java","backend\Intranet\src\main\java\com\escuelaposgrado\Intranet\service\CalificacionService.java","EstadisticasCalificacionDTO::getNotaMaxima","EstadisticasCalificacionDTO::getNotaMaxima()",357,357
1,1,13,1,1,"EstadisticasCalificacionDTO::setNotaMaxima@358-358@backend\Intranet\src\main\java\com\escuelaposgrado\Intranet\service\CalificacionService.java","backend\Intranet\src\main\java\com\escuelaposgrado\Intranet\service\CalificacionService.java","EstadisticasCalificacionDTO::setNotaMaxima","EstadisticasCalificacionDTO::setNotaMaxima( BigDecimal notaMaxima)",358,358
1,1,8,0,1,"EstadisticasCalificacionDTO::getNotaMinima@360-360@backend\Intranet\src\main\java\com\escuelaposgrado\Intranet\service\CalificacionService.java","backend\Intranet\src\main\java\com\escuelaposgrado\Intranet\service\CalificacionService.java","EstadisticasCalificacionDTO::getNotaMinima","EstadisticasCalificacionDTO::getNotaMinima()",360,360
1,1,13,1,1,"EstadisticasCalificacionDTO::setNotaMinima@361-361@backend\Intranet\src\main\java\com\escuelaposgrado\Intranet\service\CalificacionService.java","backend\Intranet\src\main\java\com\escuelaposgrado\Intranet\service\CalificacionService.java","EstadisticasCalificacionDTO::setNotaMinima","EstadisticasCalificacionDTO::setNotaMinima( BigDecimal notaMinima)",361,361
1,1,8,0,1,"EstadisticasCalificacionDTO::getTotalCalificaciones@363-363@backend\Intranet\src\main\java\com\escuelaposgrado\Intranet\service\CalificacionService.java","backend\Intranet\src\main\java\com\escuelaposgrado\Intranet\service\CalificacionService.java","EstadisticasCalificacionDTO::getTotalCalificaciones","EstadisticasCalificacionDTO::getTotalCalificaciones()",363,363
1,1,13,1,1,"EstadisticasCalificacionDTO::setTotalCalificaciones@364-364@backend\Intranet\src\main\java\com\escuelaposgrado\Intranet\service\CalificacionService.java","backend\Intranet\src\main\java\com\escuelaposgrado\Intranet\service\CalificacionService.java","EstadisticasCalificacionDTO::setTotalCalificaciones","EstadisticasCalificacionDTO::setTotalCalificaciones( Long totalCalificaciones)",364,364
1,1,8,0,1,"RankingEstudianteDTO::getEstudianteId@377-377@backend\Intranet\src\main\java\com\escuelaposgrado\Intranet\service\CalificacionService.java","backend\Intranet\src\main\java\com\escuelaposgrado\Intranet\service\CalificacionService.java","RankingEstudianteDTO::getEstudianteId","RankingEstudianteDTO::getEstudianteId()",377,377
1,1,13,1,1,"RankingEstudianteDTO::setEstudianteId@378-378@backend\Intranet\src\main\java\com\escuelaposgrado\Intranet\service\CalificacionService.java","backend\Intranet\src\main\java\com\escuelaposgrado\Intranet\service\CalificacionService.java","RankingEstudianteDTO::setEstudianteId","RankingEstudianteDTO::setEstudianteId( Long estudianteId)",378,378
1,1,8,0,1,"RankingEstudianteDTO::getEstudianteNombre@380-380@backend\Intranet\src\main\java\com\escuelaposgrado\Intranet\service\CalificacionService.java","backend\Intranet\src\main\java\com\escuelaposgrado\Intranet\service\CalificacionService.java","RankingEstudianteDTO::getEstudianteNombre","RankingEstudianteDTO::getEstudianteNombre()",380,380
1,1,13,1,1,"RankingEstudianteDTO::setEstudianteNombre@381-381@backend\Intranet\src\main\java\com\escuelaposgrado\Intranet\service\CalificacionService.java","backend\Intranet\src\main\java\com\escuelaposgrado\Intranet\service\CalificacionService.java","RankingEstudianteDTO::setEstudianteNombre","RankingEstudianteDTO::setEstudianteNombre( String estudianteNombre)",381,381
1,1,8,0,1,"RankingEstudianteDTO::getPromedio@383-383@backend\Intranet\src\main\java\com\escuelaposgrado\Intranet\service\CalificacionService.java","backend\Intranet\src\main\java\com\escuelaposgrado\Intranet\service\CalificacionService.java","RankingEstudianteDTO::getPromedio","RankingEstudianteDTO::getPromedio()",383,383
1,1,13,1,1,"RankingEstudianteDTO::setPromedio@384-384@backend\Intranet\src\main\java\com\escuelaposgrado\Intranet\service\CalificacionService.java","backend\Intranet\src\main\java\com\escuelaposgrado\Intranet\service\CalificacionService.java","RankingEstudianteDTO::setPromedio","RankingEstudianteDTO::setPromedio( BigDecimal promedio)",384,384
1,1,8,0,1,"RankingEstudianteDTO::getPosicion@386-386@backend\Intranet\src\main\java\com\escuelaposgrado\Intranet\service\CalificacionService.java","backend\Intranet\src\main\java\com\escuelaposgrado\Intranet\service\CalificacionService.java","RankingEstudianteDTO::getPosicion","RankingEstudianteDTO::getPosicion()",386,386
1,1,13,1,1,"RankingEstudianteDTO::setPosicion@387-387@backend\Intranet\src\main\java\com\escuelaposgrado\Intranet\service\CalificacionService.java","backend\Intranet\src\main\java\com\escuelaposgrado\Intranet\service\CalificacionService.java","RankingEstudianteDTO::setPosicion","RankingEstudianteDTO::setPosicion( Integer posicion)",387,387
18,4,187,2,22,"EncuestaService::crearEncuesta@53-74@backend\Intranet\src\main\java\com\escuelaposgrado\Intranet\service\EncuestaService.java","backend\Intranet\src\main\java\com\escuelaposgrado\Intranet\service\EncuestaService.java","EncuestaService::crearEncuesta","EncuestaService::crearEncuesta( EncuestaDTO encuestaDTO , String creadoPor)",53,74
13,1,129,2,16,"EncuestaService::actualizarEncuesta@79-94@backend\Intranet\src\main\java\com\escuelaposgrado\Intranet\service\EncuestaService.java","backend\Intranet\src\main\java\com\escuelaposgrado\Intranet\service\EncuestaService.java","EncuestaService::actualizarEncuesta","EncuestaService::actualizarEncuesta( Long id , EncuestaDTO encuestaDTO)",79,94
13,2,132,2,16,"EncuestaService::agregarPregunta@99-114@backend\Intranet\src\main\java\com\escuelaposgrado\Intranet\service\EncuestaService.java","backend\Intranet\src\main\java\com\escuelaposgrado\Intranet\service\EncuestaService.java","EncuestaService::agregarPregunta","EncuestaService::agregarPregunta( Long encuestaId , PreguntaEncuestaDTO preguntaDTO)",99,114
31,9,280,3,44,"EncuestaService::responderEncuesta@119-162@backend\Intranet\src\main\java\com\escuelaposgrado\Intranet\service\EncuestaService.java","backend\Intranet\src\main\java\com\escuelaposgrado\Intranet\service\EncuestaService.java","EncuestaService::responderEncuesta","EncuestaService::responderEncuesta( Long encuestaId , Long usuarioId , Map<Long,String> respuestas)",119,162
6,1,32,0,6,"EncuestaService::obtenerEncuestasActivas@168-173@backend\Intranet\src\main\java\com\escuelaposgrado\Intranet\service\EncuestaService.java","backend\Intranet\src\main\java\com\escuelaposgrado\Intranet\service\EncuestaService.java","EncuestaService::obtenerEncuestasActivas","EncuestaService::obtenerEncuestasActivas()",168,173
6,1,40,1,6,"EncuestaService::obtenerEncuestasPorTipo@179-184@backend\Intranet\src\main\java\com\escuelaposgrado\Intranet\service\EncuestaService.java","backend\Intranet\src\main\java\com\escuelaposgrado\Intranet\service\EncuestaService.java","EncuestaService::obtenerEncuestasPorTipo","EncuestaService::obtenerEncuestasPorTipo( String tipo)",179,184
8,1,57,1,9,"EncuestaService::obtenerEncuestasPorMateria@190-198@backend\Intranet\src\main\java\com\escuelaposgrado\Intranet\service\EncuestaService.java","backend\Intranet\src\main\java\com\escuelaposgrado\Intranet\service\EncuestaService.java","EncuestaService::obtenerEncuestasPorMateria","EncuestaService::obtenerEncuestasPorMateria( Long materiaId)",190,198
8,1,57,1,9,"EncuestaService::obtenerPreguntasEncuesta@204-212@backend\Intranet\src\main\java\com\escuelaposgrado\Intranet\service\EncuestaService.java","backend\Intranet\src\main\java\com\escuelaposgrado\Intranet\service\EncuestaService.java","EncuestaService::obtenerPreguntasEncuesta","EncuestaService::obtenerPreguntasEncuesta( Long encuestaId)",204,212
30,2,285,1,40,"EncuestaService::obtenerResultadosEncuesta@218-257@backend\Intranet\src\main\java\com\escuelaposgrado\Intranet\service\EncuestaService.java","backend\Intranet\src\main\java\com\escuelaposgrado\Intranet\service\EncuestaService.java","EncuestaService::obtenerResultadosEncuesta","EncuestaService::obtenerResultadosEncuesta( Long encuestaId)",218,257
6,1,46,2,7,"EncuestaService::cambiarEstadoEncuesta@262-268@backend\Intranet\src\main\java\com\escuelaposgrado\Intranet\service\EncuestaService.java","backend\Intranet\src\main\java\com\escuelaposgrado\Intranet\service\EncuestaService.java","EncuestaService::cambiarEstadoEncuesta","EncuestaService::cambiarEstadoEncuesta( Long id , Boolean activa)",262,268
6,2,33,1,6,"EncuestaService::eliminarEncuesta@273-278@backend\Intranet\src\main\java\com\escuelaposgrado\Intranet\service\EncuestaService.java","backend\Intranet\src\main\java\com\escuelaposgrado\Intranet\service\EncuestaService.java","EncuestaService::eliminarEncuesta","EncuestaService::eliminarEncuesta( Long id)",273,278
17,2,163,1,19,"EncuestaService::convertirADTO@283-301@backend\Intranet\src\main\java\com\escuelaposgrado\Intranet\service\EncuestaService.java","backend\Intranet\src\main\java\com\escuelaposgrado\Intranet\service\EncuestaService.java","EncuestaService::convertirADTO","EncuestaService::convertirADTO( Encuesta encuesta)",283,301
11,1,103,1,12,"EncuestaService::convertirPreguntaADTO@306-317@backend\Intranet\src\main\java\com\escuelaposgrado\Intranet\service\EncuestaService.java","backend\Intranet\src\main\java\com\escuelaposgrado\Intranet\service\EncuestaService.java","EncuestaService::convertirPreguntaADTO","EncuestaService::convertirPreguntaADTO( PreguntaEncuesta pregunta)",306,317
1,1,8,0,1,"ResultadosEncuestaDTO::getEncuestaId@330-330@backend\Intranet\src\main\java\com\escuelaposgrado\Intranet\service\EncuestaService.java","backend\Intranet\src\main\java\com\escuelaposgrado\Intranet\service\EncuestaService.java","ResultadosEncuestaDTO::getEncuestaId","ResultadosEncuestaDTO::getEncuestaId()",330,330
1,1,13,1,1,"ResultadosEncuestaDTO::setEncuestaId@331-331@backend\Intranet\src\main\java\com\escuelaposgrado\Intranet\service\EncuestaService.java","backend\Intranet\src\main\java\com\escuelaposgrado\Intranet\service\EncuestaService.java","ResultadosEncuestaDTO::setEncuestaId","ResultadosEncuestaDTO::setEncuestaId( Long encuestaId)",331,331
1,1,8,0,1,"ResultadosEncuestaDTO::getEncuestaTitulo@333-333@backend\Intranet\src\main\java\com\escuelaposgrado\Intranet\service\EncuestaService.java","backend\Intranet\src\main\java\com\escuelaposgrado\Intranet\service\EncuestaService.java","ResultadosEncuestaDTO::getEncuestaTitulo","ResultadosEncuestaDTO::getEncuestaTitulo()",333,333
1,1,13,1,1,"ResultadosEncuestaDTO::setEncuestaTitulo@334-334@backend\Intranet\src\main\java\com\escuelaposgrado\Intranet\service\EncuestaService.java","backend\Intranet\src\main\java\com\escuelaposgrado\Intranet\service\EncuestaService.java","ResultadosEncuestaDTO::setEncuestaTitulo","ResultadosEncuestaDTO::setEncuestaTitulo( String encuestaTitulo)",334,334
1,1,8,0,1,"ResultadosEncuestaDTO::getTotalRespuestas@336-336@backend\Intranet\src\main\java\com\escuelaposgrado\Intranet\service\EncuestaService.java","backend\Intranet\src\main\java\com\escuelaposgrado\Intranet\service\EncuestaService.java","ResultadosEncuestaDTO::getTotalRespuestas","ResultadosEncuestaDTO::getTotalRespuestas()",336,336
1,1,13,1,1,"ResultadosEncuestaDTO::setTotalRespuestas@337-337@backend\Intranet\src\main\java\com\escuelaposgrado\Intranet\service\EncuestaService.java","backend\Intranet\src\main\java\com\escuelaposgrado\Intranet\service\EncuestaService.java","ResultadosEncuestaDTO::setTotalRespuestas","ResultadosEncuestaDTO::setTotalRespuestas( Long totalRespuestas)",337,337
1,1,8,0,1,"ResultadosEncuestaDTO::getEstadisticasPorPregunta@339-339@backend\Intranet\src\main\java\com\escuelaposgrado\Intranet\service\EncuestaService.java","backend\Intranet\src\main\java\com\escuelaposgrado\Intranet\service\EncuestaService.java","ResultadosEncuestaDTO::getEstadisticasPorPregunta","ResultadosEncuestaDTO::getEstadisticasPorPregunta()",339,339
3,1,18,1,3,"ResultadosEncuestaDTO::setEstadisticasPorPregunta@340-342@backend\Intranet\src\main\java\com\escuelaposgrado\Intranet\service\EncuestaService.java","backend\Intranet\src\main\java\com\escuelaposgrado\Intranet\service\EncuestaService.java","ResultadosEncuestaDTO::setEstadisticasPorPregunta","ResultadosEncuestaDTO::setEstadisticasPorPregunta( Map<Long,EstadisticasPreguntaDTO> estadisticasPorPregunta)",340,342
1,1,8,0,1,"EstadisticasPreguntaDTO::getPreguntaId@356-356@backend\Intranet\src\main\java\com\escuelaposgrado\Intranet\service\EncuestaService.java","backend\Intranet\src\main\java\com\escuelaposgrado\Intranet\service\EncuestaService.java","EstadisticasPreguntaDTO::getPreguntaId","EstadisticasPreguntaDTO::getPreguntaId()",356,356
1,1,13,1,1,"EstadisticasPreguntaDTO::setPreguntaId@357-357@backend\Intranet\src\main\java\com\escuelaposgrado\Intranet\service\EncuestaService.java","backend\Intranet\src\main\java\com\escuelaposgrado\Intranet\service\EncuestaService.java","EstadisticasPreguntaDTO::setPreguntaId","EstadisticasPreguntaDTO::setPreguntaId( Long preguntaId)",357,357
1,1,8,0,1,"EstadisticasPreguntaDTO::getPreguntaTexto@359-359@backend\Intranet\src\main\java\com\escuelaposgrado\Intranet\service\EncuestaService.java","backend\Intranet\src\main\java\com\escuelaposgrado\Intranet\service\EncuestaService.java","EstadisticasPreguntaDTO::getPreguntaTexto","EstadisticasPreguntaDTO::getPreguntaTexto()",359,359
1,1,13,1,1,"EstadisticasPreguntaDTO::setPreguntaTexto@360-360@backend\Intranet\src\main\java\com\escuelaposgrado\Intranet\service\EncuestaService.java","backend\Intranet\src\main\java\com\escuelaposgrado\Intranet\service\EncuestaService.java","EstadisticasPreguntaDTO::setPreguntaTexto","EstadisticasPreguntaDTO::setPreguntaTexto( String preguntaTexto)",360,360
1,1,8,0,1,"EstadisticasPreguntaDTO::getTipoPregunta@362-362@backend\Intranet\src\main\java\com\escuelaposgrado\Intranet\service\EncuestaService.java","backend\Intranet\src\main\java\com\escuelaposgrado\Intranet\service\EncuestaService.java","EstadisticasPreguntaDTO::getTipoPregunta","EstadisticasPreguntaDTO::getTipoPregunta()",362,362
1,1,13,1,1,"EstadisticasPreguntaDTO::setTipoPregunta@363-363@backend\Intranet\src\main\java\com\escuelaposgrado\Intranet\service\EncuestaService.java","backend\Intranet\src\main\java\com\escuelaposgrado\Intranet\service\EncuestaService.java","EstadisticasPreguntaDTO::setTipoPregunta","EstadisticasPreguntaDTO::setTipoPregunta( String tipoPregunta)",363,363
1,1,8,0,1,"EstadisticasPreguntaDTO::getTotalRespuestas@365-365@backend\Intranet\src\main\java\com\escuelaposgrado\Intranet\service\EncuestaService.java","backend\Intranet\src\main\java\com\escuelaposgrado\Intranet\service\EncuestaService.java","EstadisticasPreguntaDTO::getTotalRespuestas","EstadisticasPreguntaDTO::getTotalRespuestas()",365,365
1,1,13,1,1,"EstadisticasPreguntaDTO::setTotalRespuestas@366-366@backend\Intranet\src\main\java\com\escuelaposgrado\Intranet\service\EncuestaService.java","backend\Intranet\src\main\java\com\escuelaposgrado\Intranet\service\EncuestaService.java","EstadisticasPreguntaDTO::setTotalRespuestas","EstadisticasPreguntaDTO::setTotalRespuestas( Long totalRespuestas)",366,366
1,1,8,0,1,"EstadisticasPreguntaDTO::getConteoRespuestas@368-368@backend\Intranet\src\main\java\com\escuelaposgrado\Intranet\service\EncuestaService.java","backend\Intranet\src\main\java\com\escuelaposgrado\Intranet\service\EncuestaService.java","EstadisticasPreguntaDTO::getConteoRespuestas","EstadisticasPreguntaDTO::getConteoRespuestas()",368,368
1,1,18,1,1,"EstadisticasPreguntaDTO::setConteoRespuestas@369-369@backend\Intranet\src\main\java\com\escuelaposgrado\Intranet\service\EncuestaService.java","backend\Intranet\src\main\java\com\escuelaposgrado\Intranet\service\EncuestaService.java","EstadisticasPreguntaDTO::setConteoRespuestas","EstadisticasPreguntaDTO::setConteoRespuestas( Map<String,Long> conteoRespuestas)",369,369
3,1,12,0,3,"UsuarioService::obtenerUsuariosActivos@33-35@backend\Intranet\src\main\java\com\escuelaposgrado\Intranet\service\UsuarioService.java","backend\Intranet\src\main\java\com\escuelaposgrado\Intranet\service\UsuarioService.java","UsuarioService::obtenerUsuariosActivos","UsuarioService::obtenerUsuariosActivos()",33,35
3,1,15,1,3,"UsuarioService::obtenerUsuarioEntidadPorId@41-43@backend\Intranet\src\main\java\com\escuelaposgrado\Intranet\service\UsuarioService.java","backend\Intranet\src\main\java\com\escuelaposgrado\Intranet\service\UsuarioService.java","UsuarioService::obtenerUsuarioEntidadPorId","UsuarioService::obtenerUsuarioEntidadPorId( Long id)",41,43
3,1,15,1,3,"UsuarioService::obtenerUsuarioPorUsername@49-51@backend\Intranet\src\main\java\com\escuelaposgrado\Intranet\service\UsuarioService.java","backend\Intranet\src\main\java\com\escuelaposgrado\Intranet\service\UsuarioService.java","UsuarioService::obtenerUsuarioPorUsername","UsuarioService::obtenerUsuarioPorUsername( String username)",49,51
3,1,15,1,3,"UsuarioService::obtenerUsuarioEntidadPorEmail@57-59@backend\Intranet\src\main\java\com\escuelaposgrado\Intranet\service\UsuarioService.java","backend\Intranet\src\main\java\com\escuelaposgrado\Intranet\service\UsuarioService.java","UsuarioService::obtenerUsuarioEntidadPorEmail","UsuarioService::obtenerUsuarioEntidadPorEmail( String email)",57,59
3,1,15,1,3,"UsuarioService::obtenerUsuariosPorRol@65-67@backend\Intranet\src\main\java\com\escuelaposgrado\Intranet\service\UsuarioService.java","backend\Intranet\src\main\java\com\escuelaposgrado\Intranet\service\UsuarioService.java","UsuarioService::obtenerUsuariosPorRol","UsuarioService::obtenerUsuariosPorRol( Role role)",65,67
3,1,12,0,3,"UsuarioService::obtenerEstudiantesActivos@73-75@backend\Intranet\src\main\java\com\escuelaposgrado\Intranet\service\UsuarioService.java","backend\Intranet\src\main\java\com\escuelaposgrado\Intranet\service\UsuarioService.java","UsuarioService::obtenerEstudiantesActivos","UsuarioService::obtenerEstudiantesActivos()",73,75
3,1,12,0,3,"UsuarioService::obtenerDocentesActivos@81-83@backend\Intranet\src\main\java\com\escuelaposgrado\Intranet\service\UsuarioService.java","backend\Intranet\src\main\java\com\escuelaposgrado\Intranet\service\UsuarioService.java","UsuarioService::obtenerDocentesActivos","UsuarioService::obtenerDocentesActivos()",81,83
3,1,12,0,3,"UsuarioService::obtenerAdministrativosActivos@89-91@backend\Intranet\src\main\java\com\escuelaposgrado\Intranet\service\UsuarioService.java","backend\Intranet\src\main\java\com\escuelaposgrado\Intranet\service\UsuarioService.java","UsuarioService::obtenerAdministrativosActivos","UsuarioService::obtenerAdministrativosActivos()",89,91
6,3,42,1,6,"UsuarioService::buscarUsuariosEntidad@97-102@backend\Intranet\src\main\java\com\escuelaposgrado\Intranet\service\UsuarioService.java","backend\Intranet\src\main\java\com\escuelaposgrado\Intranet\service\UsuarioService.java","UsuarioService::buscarUsuariosEntidad","UsuarioService::buscarUsuariosEntidad( String texto)",97,102
12,5,107,1,16,"UsuarioService::crearUsuario@107-122@backend\Intranet\src\main\java\com\escuelaposgrado\Intranet\service\UsuarioService.java","backend\Intranet\src\main\java\com\escuelaposgrado\Intranet\service\UsuarioService.java","UsuarioService::crearUsuario","UsuarioService::crearUsuario( Usuario usuario)",107,122
11,1,108,2,14,"UsuarioService::actualizarUsuario@127-140@backend\Intranet\src\main\java\com\escuelaposgrado\Intranet\service\UsuarioService.java","backend\Intranet\src\main\java\com\escuelaposgrado\Intranet\service\UsuarioService.java","UsuarioService::actualizarUsuario","UsuarioService::actualizarUsuario( Long id , Usuario usuarioActualizado)",127,140
6,1,45,1,7,"UsuarioService::desactivarUsuario@145-151@backend\Intranet\src\main\java\com\escuelaposgrado\Intranet\service\UsuarioService.java","backend\Intranet\src\main\java\com\escuelaposgrado\Intranet\service\UsuarioService.java","UsuarioService::desactivarUsuario","UsuarioService::desactivarUsuario( Long id)",145,151
6,1,45,1,7,"UsuarioService::reactivarUsuario@156-162@backend\Intranet\src\main\java\com\escuelaposgrado\Intranet\service\UsuarioService.java","backend\Intranet\src\main\java\com\escuelaposgrado\Intranet\service\UsuarioService.java","UsuarioService::reactivarUsuario","UsuarioService::reactivarUsuario( Long id)",156,162
3,1,20,1,3,"UsuarioService::actualizarUltimoAcceso@167-169@backend\Intranet\src\main\java\com\escuelaposgrado\Intranet\service\UsuarioService.java","backend\Intranet\src\main\java\com\escuelaposgrado\Intranet\service\UsuarioService.java","UsuarioService::actualizarUltimoAcceso","UsuarioService::actualizarUltimoAcceso( Long id)",167,169
3,1,12,0,3,"UsuarioService::obtenerUsuariosRecientes@175-177@backend\Intranet\src\main\java\com\escuelaposgrado\Intranet\service\UsuarioService.java","backend\Intranet\src\main\java\com\escuelaposgrado\Intranet\service\UsuarioService.java","UsuarioService::obtenerUsuariosRecientes","UsuarioService::obtenerUsuariosRecientes()",175,177
4,1,29,1,4,"UsuarioService::obtenerUsuariosConAccesoReciente@183-186@backend\Intranet\src\main\java\com\escuelaposgrado\Intranet\service\UsuarioService.java","backend\Intranet\src\main\java\com\escuelaposgrado\Intranet\service\UsuarioService.java","UsuarioService::obtenerUsuariosConAccesoReciente","UsuarioService::obtenerUsuariosConAccesoReciente( int dias)",183,186
3,1,15,1,3,"UsuarioService::contarUsuariosPorRol@192-194@backend\Intranet\src\main\java\com\escuelaposgrado\Intranet\service\UsuarioService.java","backend\Intranet\src\main\java\com\escuelaposgrado\Intranet\service\UsuarioService.java","UsuarioService::contarUsuariosPorRol","UsuarioService::contarUsuariosPorRol( Role role)",192,194
3,1,16,1,3,"UsuarioService::isUsernameDisponible@200-202@backend\Intranet\src\main\java\com\escuelaposgrado\Intranet\service\UsuarioService.java","backend\Intranet\src\main\java\com\escuelaposgrado\Intranet\service\UsuarioService.java","UsuarioService::isUsernameDisponible","UsuarioService::isUsernameDisponible( String username)",200,202
3,1,16,1,3,"UsuarioService::isEmailDisponible@208-210@backend\Intranet\src\main\java\com\escuelaposgrado\Intranet\service\UsuarioService.java","backend\Intranet\src\main\java\com\escuelaposgrado\Intranet\service\UsuarioService.java","UsuarioService::isEmailDisponible","UsuarioService::isEmailDisponible( String email)",208,210
3,1,16,1,3,"UsuarioService::isDniDisponible@216-218@backend\Intranet\src\main\java\com\escuelaposgrado\Intranet\service\UsuarioService.java","backend\Intranet\src\main\java\com\escuelaposgrado\Intranet\service\UsuarioService.java","UsuarioService::isDniDisponible","UsuarioService::isDniDisponible( String dni)",216,218
3,1,15,1,3,"UsuarioService::obtenerEstudiantePorCodigo@224-226@backend\Intranet\src\main\java\com\escuelaposgrado\Intranet\service\UsuarioService.java","backend\Intranet\src\main\java\com\escuelaposgrado\Intranet\service\UsuarioService.java","UsuarioService::obtenerEstudiantePorCodigo","UsuarioService::obtenerEstudiantePorCodigo( String codigo)",224,226
3,1,15,1,3,"UsuarioService::obtenerDocentePorCodigo@232-234@backend\Intranet\src\main\java\com\escuelaposgrado\Intranet\service\UsuarioService.java","backend\Intranet\src\main\java\com\escuelaposgrado\Intranet\service\UsuarioService.java","UsuarioService::obtenerDocentePorCodigo","UsuarioService::obtenerDocentePorCodigo( String codigo)",232,234
4,1,30,1,4,"UsuarioService::obtenerUsuariosPaginados@245-248@backend\Intranet\src\main\java\com\escuelaposgrado\Intranet\service\UsuarioService.java","backend\Intranet\src\main\java\com\escuelaposgrado\Intranet\service\UsuarioService.java","UsuarioService::obtenerUsuariosPaginados","UsuarioService::obtenerUsuariosPaginados( Pageable pageable)",245,248
5,1,35,1,5,"UsuarioService::obtenerUsuarioPorId@254-258@backend\Intranet\src\main\java\com\escuelaposgrado\Intranet\service\UsuarioService.java","backend\Intranet\src\main\java\com\escuelaposgrado\Intranet\service\UsuarioService.java","UsuarioService::obtenerUsuarioPorId","UsuarioService::obtenerUsuarioPorId( Long id)",254,258
24,6,235,1,29,"UsuarioService::crearUsuario@263-291@backend\Intranet\src\main\java\com\escuelaposgrado\Intranet\service\UsuarioService.java","backend\Intranet\src\main\java\com\escuelaposgrado\Intranet\service\UsuarioService.java","UsuarioService::crearUsuario","UsuarioService::crearUsuario( UsuarioDTO usuarioDTO)",263,291
22,5,216,2,28,"UsuarioService::actualizarUsuario@296-323@backend\Intranet\src\main\java\com\escuelaposgrado\Intranet\service\UsuarioService.java","backend\Intranet\src\main\java\com\escuelaposgrado\Intranet\service\UsuarioService.java","UsuarioService::actualizarUsuario","UsuarioService::actualizarUsuario( Long id , UsuarioDTO usuarioDTO)",296,323
6,1,43,1,6,"UsuarioService::eliminarUsuario@328-333@backend\Intranet\src\main\java\com\escuelaposgrado\Intranet\service\UsuarioService.java","backend\Intranet\src\main\java\com\escuelaposgrado\Intranet\service\UsuarioService.java","UsuarioService::eliminarUsuario","UsuarioService::eliminarUsuario( Long id)",328,333
6,1,43,1,6,"UsuarioService::buscarUsuarios@339-344@backend\Intranet\src\main\java\com\escuelaposgrado\Intranet\service\UsuarioService.java","backend\Intranet\src\main\java\com\escuelaposgrado\Intranet\service\UsuarioService.java","UsuarioService::buscarUsuarios","UsuarioService::buscarUsuarios( String termino)",339,344
7,1,55,1,7,"UsuarioService::obtenerUsuariosPorRol@350-356@backend\Intranet\src\main\java\com\escuelaposgrado\Intranet\service\UsuarioService.java","backend\Intranet\src\main\java\com\escuelaposgrado\Intranet\service\UsuarioService.java","UsuarioService::obtenerUsuariosPorRol","UsuarioService::obtenerUsuariosPorRol( String rol)",350,356
6,1,41,0,6,"UsuarioService::obtenerEstudiantes@362-367@backend\Intranet\src\main\java\com\escuelaposgrado\Intranet\service\UsuarioService.java","backend\Intranet\src\main\java\com\escuelaposgrado\Intranet\service\UsuarioService.java","UsuarioService::obtenerEstudiantes","UsuarioService::obtenerEstudiantes()",362,367
6,1,41,0,6,"UsuarioService::obtenerDocentes@373-378@backend\Intranet\src\main\java\com\escuelaposgrado\Intranet\service\UsuarioService.java","backend\Intranet\src\main\java\com\escuelaposgrado\Intranet\service\UsuarioService.java","UsuarioService::obtenerDocentes","UsuarioService::obtenerDocentes()",373,378
9,2,79,3,11,"UsuarioService::cambiarPassword@383-393@backend\Intranet\src\main\java\com\escuelaposgrado\Intranet\service\UsuarioService.java","backend\Intranet\src\main\java\com\escuelaposgrado\Intranet\service\UsuarioService.java","UsuarioService::cambiarPassword","UsuarioService::cambiarPassword( Long id , String passwordActual , String passwordNuevo)",383,393
6,1,46,2,6,"UsuarioService::cambiarEstadoUsuario@398-403@backend\Intranet\src\main\java\com\escuelaposgrado\Intranet\service\UsuarioService.java","backend\Intranet\src\main\java\com\escuelaposgrado\Intranet\service\UsuarioService.java","UsuarioService::cambiarEstadoUsuario","UsuarioService::cambiarEstadoUsuario( Long id , Boolean activo)",398,403
5,1,35,1,5,"UsuarioService::obtenerUsuarioPorEmail@409-413@backend\Intranet\src\main\java\com\escuelaposgrado\Intranet\service\UsuarioService.java","backend\Intranet\src\main\java\com\escuelaposgrado\Intranet\service\UsuarioService.java","UsuarioService::obtenerUsuarioPorEmail","UsuarioService::obtenerUsuarioPorEmail( String email)",409,413
4,2,45,2,4,"UsuarioService::esUsuarioActual@419-422@backend\Intranet\src\main\java\com\escuelaposgrado\Intranet\service\UsuarioService.java","backend\Intranet\src\main\java\com\escuelaposgrado\Intranet\service\UsuarioService.java","UsuarioService::esUsuarioActual","UsuarioService::esUsuarioActual( Long id , String email)",419,422
3,1,16,1,3,"UsuarioService::esEmailUnico@428-430@backend\Intranet\src\main\java\com\escuelaposgrado\Intranet\service\UsuarioService.java","backend\Intranet\src\main\java\com\escuelaposgrado\Intranet\service\UsuarioService.java","UsuarioService::esEmailUnico","UsuarioService::esEmailUnico( String email)",428,430
3,1,16,1,3,"UsuarioService::esCodigoUnico@436-438@backend\Intranet\src\main\java\com\escuelaposgrado\Intranet\service\UsuarioService.java","backend\Intranet\src\main\java\com\escuelaposgrado\Intranet\service\UsuarioService.java","UsuarioService::esCodigoUnico","UsuarioService::esCodigoUnico( String codigo)",436,438
18,1,176,1,19,"UsuarioService::convertirADTO@443-461@backend\Intranet\src\main\java\com\escuelaposgrado\Intranet\service\UsuarioService.java","backend\Intranet\src\main\java\com\escuelaposgrado\Intranet\service\UsuarioService.java","UsuarioService::convertirADTO","UsuarioService::convertirADTO( Usuario usuario)",443,461
14,1,47,1,15,"IntranetApplication::main@17-31@backend\Intranet\src\main\java\com\escuelaposgrado\Intranet\IntranetApplication.java","backend\Intranet\src\main\java\com\escuelaposgrado\Intranet\IntranetApplication.java","IntranetApplication::main","IntranetApplication::main( String [ ] args)",17,31
18,5,147,3,25,"CorsFilter::doFilter@25-49@backend\Matricula\src\main\java\com\escuelaposgrado\Matricula\config\CorsFilter.java","backend\Matricula\src\main\java\com\escuelaposgrado\Matricula\config\CorsFilter.java","CorsFilter::doFilter","CorsFilter::doFilter( ServletRequest req , ServletResponse res , FilterChain chain)",25,49
3,1,11,0,3,"SecurityConfig::authenticationJwtTokenFilter@32-34@backend\Matricula\src\main\java\com\escuelaposgrado\Matricula\config\SecurityConfig.java","backend\Matricula\src\main\java\com\escuelaposgrado\Matricula\config\SecurityConfig.java","SecurityConfig::authenticationJwtTokenFilter","SecurityConfig::authenticationJwtTokenFilter()",32,34
18,1,153,1,25,"SecurityConfig::filterChain@37-61@backend\Matricula\src\main\java\com\escuelaposgrado\Matricula\config\SecurityConfig.java","backend\Matricula\src\main\java\com\escuelaposgrado\Matricula\config\SecurityConfig.java","SecurityConfig::filterChain","SecurityConfig::filterChain( HttpSecurity http)",37,61
11,1,87,0,17,"SecurityConfig::corsConfigurationSource@64-80@backend\Matricula\src\main\java\com\escuelaposgrado\Matricula\config\SecurityConfig.java","backend\Matricula\src\main\java\com\escuelaposgrado\Matricula\config\SecurityConfig.java","SecurityConfig::corsConfigurationSource","SecurityConfig::corsConfigurationSource()",64,80
49,1,170,0,49,"SwaggerConfig::customOpenAPI@23-71@backend\Matricula\src\main\java\com\escuelaposgrado\Matricula\config\SwaggerConfig.java","backend\Matricula\src\main\java\com\escuelaposgrado\Matricula\config\SwaggerConfig.java","SwaggerConfig::customOpenAPI","SwaggerConfig::customOpenAPI()",23,71
8,1,53,1,8,"WebConfig::addCorsMappings@14-21@backend\Matricula\src\main\java\com\escuelaposgrado\Matricula\config\WebConfig.java","backend\Matricula\src\main\java\com\escuelaposgrado\Matricula\config\WebConfig.java","WebConfig::addCorsMappings","WebConfig::addCorsMappings( CorsRegistry registry)",14,21
4,1,25,0,4,"AulaController::getAllAulas@49-52@backend\Matricula\src\main\java\com\escuelaposgrado\Matricula\controller\AulaController.java","backend\Matricula\src\main\java\com\escuelaposgrado\Matricula\controller\AulaController.java","AulaController::getAllAulas","AulaController::getAllAulas()",49,52
4,1,25,0,4,"AulaController::getAulasActivas@61-64@backend\Matricula\src\main\java\com\escuelaposgrado\Matricula\controller\AulaController.java","backend\Matricula\src\main\java\com\escuelaposgrado\Matricula\controller\AulaController.java","AulaController::getAulasActivas","AulaController::getAulasActivas()",61,64
6,1,41,1,6,"AulaController::getAulasBySede@73-78@backend\Matricula\src\main\java\com\escuelaposgrado\Matricula\controller\AulaController.java","backend\Matricula\src\main\java\com\escuelaposgrado\Matricula\controller\AulaController.java","AulaController::getAulasBySede","AulaController::getAulasBySede( @ Parameter(description='ID de la sede',required=true) @ PathVariable Long sedeId)",73,78
6,1,38,1,6,"AulaController::getAulaById@88-93@backend\Matricula\src\main\java\com\escuelaposgrado\Matricula\controller\AulaController.java","backend\Matricula\src\main\java\com\escuelaposgrado\Matricula\controller\AulaController.java","AulaController::getAulaById","AulaController::getAulaById( @ Parameter(description='ID del aula',required=true) @ PathVariable Long id)",88,93
7,1,57,1,7,"AulaController::createAula@103-109@backend\Matricula\src\main\java\com\escuelaposgrado\Matricula\controller\AulaController.java","backend\Matricula\src\main\java\com\escuelaposgrado\Matricula\controller\AulaController.java","AulaController::createAula","AulaController::createAula( @ Parameter(description='Datos de la nueva aula',required=true) @ Valid @ RequestBody AulaRequest request)",103,109
9,1,70,2,9,"AulaController::updateAula@120-128@backend\Matricula\src\main\java\com\escuelaposgrado\Matricula\controller\AulaController.java","backend\Matricula\src\main\java\com\escuelaposgrado\Matricula\controller\AulaController.java","AulaController::updateAula","AulaController::updateAula( @ Parameter(description='ID del aula',required=true) @ PathVariable Long id , @ Parameter(description='Datos actualizados del aula',required=true) @ Valid @ RequestBody AulaRequest request)",120,128
8,2,63,1,8,"AulaController::toggleActive@138-145@backend\Matricula\src\main\java\com\escuelaposgrado\Matricula\controller\AulaController.java","backend\Matricula\src\main\java\com\escuelaposgrado\Matricula\controller\AulaController.java","AulaController::toggleActive","AulaController::toggleActive( @ Parameter(description='ID del aula',required=true) @ PathVariable Long id)",138,145
7,1,45,1,7,"AulaController::deleteAula@155-161@backend\Matricula\src\main\java\com\escuelaposgrado\Matricula\controller\AulaController.java","backend\Matricula\src\main\java\com\escuelaposgrado\Matricula\controller\AulaController.java","AulaController::deleteAula","AulaController::deleteAula( @ Parameter(description='ID del aula',required=true) @ PathVariable Long id)",155,161
6,1,41,1,6,"AulaController::buscarAulasPorNombre@170-175@backend\Matricula\src\main\java\com\escuelaposgrado\Matricula\controller\AulaController.java","backend\Matricula\src\main\java\com\escuelaposgrado\Matricula\controller\AulaController.java","AulaController::buscarAulasPorNombre","AulaController::buscarAulasPorNombre( @ Parameter(description='Texto a buscar en el nombre',required=true) @ RequestParam String nombre)",170,175
6,1,41,1,6,"AulaController::buscarAulasPorCapacidadMinima@184-189@backend\Matricula\src\main\java\com\escuelaposgrado\Matricula\controller\AulaController.java","backend\Matricula\src\main\java\com\escuelaposgrado\Matricula\controller\AulaController.java","AulaController::buscarAulasPorCapacidadMinima","AulaController::buscarAulasPorCapacidadMinima( @ Parameter(description='Capacidad mÃ­nima requerida',required=true) @ RequestParam Integer capacidad)",184,189
4,1,25,0,4,"ComisionUnidadPosgradoController::getAllComisiones@58-61@backend\Matricula\src\main\java\com\escuelaposgrado\Matricula\controller\ComisionUnidadPosgradoController.java","backend\Matricula\src\main\java\com\escuelaposgrado\Matricula\controller\ComisionUnidadPosgradoController.java","ComisionUnidadPosgradoController::getAllComisiones","ComisionUnidadPosgradoController::getAllComisiones()",58,61
5,1,34,1,5,"ComisionUnidadPosgradoController::getComisionById@76-80@backend\Matricula\src\main\java\com\escuelaposgrado\Matricula\controller\ComisionUnidadPosgradoController.java","backend\Matricula\src\main\java\com\escuelaposgrado\Matricula\controller\ComisionUnidadPosgradoController.java","ComisionUnidadPosgradoController::getComisionById","ComisionUnidadPosgradoController::getComisionById( @ Parameter(description='ID de la comisiÃ³n') @ PathVariable Long id)",76,80
5,1,37,1,5,"ComisionUnidadPosgradoController::getComisionesByFacultad@94-98@backend\Matricula\src\main\java\com\escuelaposgrado\Matricula\controller\ComisionUnidadPosgradoController.java","backend\Matricula\src\main\java\com\escuelaposgrado\Matricula\controller\ComisionUnidadPosgradoController.java","ComisionUnidadPosgradoController::getComisionesByFacultad","ComisionUnidadPosgradoController::getComisionesByFacultad( @ Parameter(description='ID de la facultad') @ PathVariable Long facultadId)",94,98
4,1,25,0,4,"ComisionUnidadPosgradoController::getComisionesActivas@112-115@backend\Matricula\src\main\java\com\escuelaposgrado\Matricula\controller\ComisionUnidadPosgradoController.java","backend\Matricula\src\main\java\com\escuelaposgrado\Matricula\controller\ComisionUnidadPosgradoController.java","ComisionUnidadPosgradoController::getComisionesActivas","ComisionUnidadPosgradoController::getComisionesActivas()",112,115
5,1,37,1,5,"ComisionUnidadPosgradoController::searchComisionesByNombre@129-133@backend\Matricula\src\main\java\com\escuelaposgrado\Matricula\controller\ComisionUnidadPosgradoController.java","backend\Matricula\src\main\java\com\escuelaposgrado\Matricula\controller\ComisionUnidadPosgradoController.java","ComisionUnidadPosgradoController::searchComisionesByNombre","ComisionUnidadPosgradoController::searchComisionesByNombre( @ Parameter(description='Texto a buscar en el nombre') @ RequestParam String nombre)",129,133
11,2,86,1,11,"ComisionUnidadPosgradoController::createComision@149-159@backend\Matricula\src\main\java\com\escuelaposgrado\Matricula\controller\ComisionUnidadPosgradoController.java","backend\Matricula\src\main\java\com\escuelaposgrado\Matricula\controller\ComisionUnidadPosgradoController.java","ComisionUnidadPosgradoController::createComision","ComisionUnidadPosgradoController::createComision( @ Parameter(description='Datos de la nueva comisiÃ³n') @ Valid @ RequestBody ComisionUnidadPosgradoRequest request)",149,159
11,2,93,2,11,"ComisionUnidadPosgradoController::updateComision@176-186@backend\Matricula\src\main\java\com\escuelaposgrado\Matricula\controller\ComisionUnidadPosgradoController.java","backend\Matricula\src\main\java\com\escuelaposgrado\Matricula\controller\ComisionUnidadPosgradoController.java","ComisionUnidadPosgradoController::updateComision","ComisionUnidadPosgradoController::updateComision( @ Parameter(description='ID de la comisiÃ³n') @ PathVariable Long id , @ Parameter(description='Nuevos datos de la comisiÃ³n') @ Valid @ RequestBody ComisionUnidadPosgradoRequest request)",176,186
5,1,36,1,5,"ComisionUnidadPosgradoController::deleteComision@201-205@backend\Matricula\src\main\java\com\escuelaposgrado\Matricula\controller\ComisionUnidadPosgradoController.java","backend\Matricula\src\main\java\com\escuelaposgrado\Matricula\controller\ComisionUnidadPosgradoController.java","ComisionUnidadPosgradoController::deleteComision","ComisionUnidadPosgradoController::deleteComision( @ Parameter(description='ID de la comisiÃ³n') @ PathVariable Long id)",201,205
7,2,64,2,7,"ComisionUnidadPosgradoController::toggleActivoComision@220-226@backend\Matricula\src\main\java\com\escuelaposgrado\Matricula\controller\ComisionUnidadPosgradoController.java","backend\Matricula\src\main\java\com\escuelaposgrado\Matricula\controller\ComisionUnidadPosgradoController.java","ComisionUnidadPosgradoController::toggleActivoComision","ComisionUnidadPosgradoController::toggleActivoComision( @ Parameter(description='ID de la comisiÃ³n') @ PathVariable Long id , @ Parameter(description='Nuevo estado activo') @ RequestParam Boolean activo)",220,226
4,1,25,0,4,"FacultadController::getAllFacultades@49-52@backend\Matricula\src\main\java\com\escuelaposgrado\Matricula\controller\FacultadController.java","backend\Matricula\src\main\java\com\escuelaposgrado\Matricula\controller\FacultadController.java","FacultadController::getAllFacultades","FacultadController::getAllFacultades()",49,52
4,1,25,0,4,"FacultadController::getFacultadesActivas@61-64@backend\Matricula\src\main\java\com\escuelaposgrado\Matricula\controller\FacultadController.java","backend\Matricula\src\main\java\com\escuelaposgrado\Matricula\controller\FacultadController.java","FacultadController::getFacultadesActivas","FacultadController::getFacultadesActivas()",61,64
4,1,25,0,4,"FacultadController::getFacultadesConProgramas@73-76@backend\Matricula\src\main\java\com\escuelaposgrado\Matricula\controller\FacultadController.java","backend\Matricula\src\main\java\com\escuelaposgrado\Matricula\controller\FacultadController.java","FacultadController::getFacultadesConProgramas","FacultadController::getFacultadesConProgramas()",73,76
6,1,38,1,6,"FacultadController::getFacultadById@86-91@backend\Matricula\src\main\java\com\escuelaposgrado\Matricula\controller\FacultadController.java","backend\Matricula\src\main\java\com\escuelaposgrado\Matricula\controller\FacultadController.java","FacultadController::getFacultadById","FacultadController::getFacultadById( @ Parameter(description='ID de la facultad',required=true) @ PathVariable Long id)",86,91
7,1,57,1,7,"FacultadController::createFacultad@101-107@backend\Matricula\src\main\java\com\escuelaposgrado\Matricula\controller\FacultadController.java","backend\Matricula\src\main\java\com\escuelaposgrado\Matricula\controller\FacultadController.java","FacultadController::createFacultad","FacultadController::createFacultad( @ Parameter(description='Datos de la nueva facultad',required=true) @ Valid @ RequestBody FacultadRequest request)",101,107
9,1,70,2,9,"FacultadController::updateFacultad@118-126@backend\Matricula\src\main\java\com\escuelaposgrado\Matricula\controller\FacultadController.java","backend\Matricula\src\main\java\com\escuelaposgrado\Matricula\controller\FacultadController.java","FacultadController::updateFacultad","FacultadController::updateFacultad( @ Parameter(description='ID de la facultad',required=true) @ PathVariable Long id , @ Parameter(description='Datos actualizados de la facultad',required=true) @ Valid @ RequestBody FacultadRequest request)",118,126
8,2,63,1,8,"FacultadController::toggleActive@136-143@backend\Matricula\src\main\java\com\escuelaposgrado\Matricula\controller\FacultadController.java","backend\Matricula\src\main\java\com\escuelaposgrado\Matricula\controller\FacultadController.java","FacultadController::toggleActive","FacultadController::toggleActive( @ Parameter(description='ID de la facultad',required=true) @ PathVariable Long id)",136,143
7,1,45,1,7,"FacultadController::deleteFacultad@153-159@backend\Matricula\src\main\java\com\escuelaposgrado\Matricula\controller\FacultadController.java","backend\Matricula\src\main\java\com\escuelaposgrado\Matricula\controller\FacultadController.java","FacultadController::deleteFacultad","FacultadController::deleteFacultad( @ Parameter(description='ID de la facultad',required=true) @ PathVariable Long id)",153,159
6,1,41,1,6,"FacultadController::buscarFacultadesPorNombre@168-173@backend\Matricula\src\main\java\com\escuelaposgrado\Matricula\controller\FacultadController.java","backend\Matricula\src\main\java\com\escuelaposgrado\Matricula\controller\FacultadController.java","FacultadController::buscarFacultadesPorNombre","FacultadController::buscarFacultadesPorNombre( @ Parameter(description='Texto a buscar en el nombre',required=true) @ RequestParam String nombre)",168,173
6,1,41,1,6,"FacultadController::buscarFacultadesPorDecano@182-187@backend\Matricula\src\main\java\com\escuelaposgrado\Matricula\controller\FacultadController.java","backend\Matricula\src\main\java\com\escuelaposgrado\Matricula\controller\FacultadController.java","FacultadController::buscarFacultadesPorDecano","FacultadController::buscarFacultadesPorDecano( @ Parameter(description='Texto a buscar en el nombre del decano',required=true) @ RequestParam String decano)",182,187
9,1,77,0,10,"HealthController::getStatus@33-42@backend\Matricula\src\main\java\com\escuelaposgrado\Matricula\controller\HealthController.java","backend\Matricula\src\main\java\com\escuelaposgrado\Matricula\controller\HealthController.java","HealthController::getStatus","HealthController::getStatus()",33,42
21,1,191,0,24,"HealthController::getInfo@49-72@backend\Matricula\src\main\java\com\escuelaposgrado\Matricula\controller\HealthController.java","backend\Matricula\src\main\java\com\escuelaposgrado\Matricula\controller\HealthController.java","HealthController::getInfo","HealthController::getInfo()",49,72
4,1,25,0,4,"MencionController::getAllMenciones@48-51@backend\Matricula\src\main\java\com\escuelaposgrado\Matricula\controller\MencionController.java","backend\Matricula\src\main\java\com\escuelaposgrado\Matricula\controller\MencionController.java","MencionController::getAllMenciones","MencionController::getAllMenciones()",48,51
4,1,25,0,4,"MencionController::getMencionesActivas@60-63@backend\Matricula\src\main\java\com\escuelaposgrado\Matricula\controller\MencionController.java","backend\Matricula\src\main\java\com\escuelaposgrado\Matricula\controller\MencionController.java","MencionController::getMencionesActivas","MencionController::getMencionesActivas()",60,63
6,1,41,1,6,"MencionController::getMencionesByPrograma@72-77@backend\Matricula\src\main\java\com\escuelaposgrado\Matricula\controller\MencionController.java","backend\Matricula\src\main\java\com\escuelaposgrado\Matricula\controller\MencionController.java","MencionController::getMencionesByPrograma","MencionController::getMencionesByPrograma( @ Parameter(description='ID del programa de estudio',required=true) @ PathVariable Long programaId)",72,77
6,1,41,1,6,"MencionController::getMencionesDisponiblesByPrograma@86-91@backend\Matricula\src\main\java\com\escuelaposgrado\Matricula\controller\MencionController.java","backend\Matricula\src\main\java\com\escuelaposgrado\Matricula\controller\MencionController.java","MencionController::getMencionesDisponiblesByPrograma","MencionController::getMencionesDisponiblesByPrograma( @ Parameter(description='ID del programa de estudio',required=true) @ PathVariable Long programaId)",86,91
6,1,38,1,6,"MencionController::getMencionById@101-106@backend\Matricula\src\main\java\com\escuelaposgrado\Matricula\controller\MencionController.java","backend\Matricula\src\main\java\com\escuelaposgrado\Matricula\controller\MencionController.java","MencionController::getMencionById","MencionController::getMencionById( @ Parameter(description='ID de la menciÃ³n',required=true) @ PathVariable Long id)",101,106
7,1,57,1,7,"MencionController::createMencion@116-122@backend\Matricula\src\main\java\com\escuelaposgrado\Matricula\controller\MencionController.java","backend\Matricula\src\main\java\com\escuelaposgrado\Matricula\controller\MencionController.java","MencionController::createMencion","MencionController::createMencion( @ Parameter(description='Datos de la nueva menciÃ³n',required=true) @ Valid @ RequestBody MencionRequest request)",116,122
9,1,70,2,9,"MencionController::updateMencion@133-141@backend\Matricula\src\main\java\com\escuelaposgrado\Matricula\controller\MencionController.java","backend\Matricula\src\main\java\com\escuelaposgrado\Matricula\controller\MencionController.java","MencionController::updateMencion","MencionController::updateMencion( @ Parameter(description='ID de la menciÃ³n',required=true) @ PathVariable Long id , @ Parameter(description='Datos actualizados de la menciÃ³n',required=true) @ Valid @ RequestBody MencionRequest request)",133,141
8,2,63,1,8,"MencionController::toggleActive@151-158@backend\Matricula\src\main\java\com\escuelaposgrado\Matricula\controller\MencionController.java","backend\Matricula\src\main\java\com\escuelaposgrado\Matricula\controller\MencionController.java","MencionController::toggleActive","MencionController::toggleActive( @ Parameter(description='ID de la menciÃ³n',required=true) @ PathVariable Long id)",151,158
8,2,63,1,8,"MencionController::toggleDisponible@168-175@backend\Matricula\src\main\java\com\escuelaposgrado\Matricula\controller\MencionController.java","backend\Matricula\src\main\java\com\escuelaposgrado\Matricula\controller\MencionController.java","MencionController::toggleDisponible","MencionController::toggleDisponible( @ Parameter(description='ID de la menciÃ³n',required=true) @ PathVariable Long id)",168,175
7,1,45,1,7,"MencionController::deleteMencion@185-191@backend\Matricula\src\main\java\com\escuelaposgrado\Matricula\controller\MencionController.java","backend\Matricula\src\main\java\com\escuelaposgrado\Matricula\controller\MencionController.java","MencionController::deleteMencion","MencionController::deleteMencion( @ Parameter(description='ID de la menciÃ³n',required=true) @ PathVariable Long id)",185,191
4,1,25,0,4,"PeriodoAcademicoController::getAllPeriodos@55-58@backend\Matricula\src\main\java\com\escuelaposgrado\Matricula\controller\PeriodoAcademicoController.java","backend\Matricula\src\main\java\com\escuelaposgrado\Matricula\controller\PeriodoAcademicoController.java","PeriodoAcademicoController::getAllPeriodos","PeriodoAcademicoController::getAllPeriodos()",55,58
4,1,25,0,4,"PeriodoAcademicoController::getPeriodosActivos@70-73@backend\Matricula\src\main\java\com\escuelaposgrado\Matricula\controller\PeriodoAcademicoController.java","backend\Matricula\src\main\java\com\escuelaposgrado\Matricula\controller\PeriodoAcademicoController.java","PeriodoAcademicoController::getPeriodosActivos","PeriodoAcademicoController::getPeriodosActivos()",70,73
6,1,38,1,6,"PeriodoAcademicoController::getPeriodoById@85-90@backend\Matricula\src\main\java\com\escuelaposgrado\Matricula\controller\PeriodoAcademicoController.java","backend\Matricula\src\main\java\com\escuelaposgrado\Matricula\controller\PeriodoAcademicoController.java","PeriodoAcademicoController::getPeriodoById","PeriodoAcademicoController::getPeriodoById( @ Parameter(description='ID del período académico',required=true) @ PathVariable Long id)",85,90
4,1,25,0,4,"PeriodoAcademicoController::getPeriodosHabilitados@101-104@backend\Matricula\src\main\java\com\escuelaposgrado\Matricula\controller\PeriodoAcademicoController.java","backend\Matricula\src\main\java\com\escuelaposgrado\Matricula\controller\PeriodoAcademicoController.java","PeriodoAcademicoController::getPeriodosHabilitados","PeriodoAcademicoController::getPeriodosHabilitados()",101,104
6,1,45,1,6,"PeriodoAcademicoController::createPeriodo@117-122@backend\Matricula\src\main\java\com\escuelaposgrado\Matricula\controller\PeriodoAcademicoController.java","backend\Matricula\src\main\java\com\escuelaposgrado\Matricula\controller\PeriodoAcademicoController.java","PeriodoAcademicoController::createPeriodo","PeriodoAcademicoController::createPeriodo( @ Parameter(description='Datos del período académico',required=true) @ Valid @ RequestBody PeriodoAcademicoRequest request)",117,122
8,1,58,2,8,"PeriodoAcademicoController::updatePeriodo@135-142@backend\Matricula\src\main\java\com\escuelaposgrado\Matricula\controller\PeriodoAcademicoController.java","backend\Matricula\src\main\java\com\escuelaposgrado\Matricula\controller\PeriodoAcademicoController.java","PeriodoAcademicoController::updatePeriodo","PeriodoAcademicoController::updatePeriodo( @ Parameter(description='ID del período académico',required=true) @ PathVariable Long id , @ Parameter(description='Datos actualizados del período',required=true) @ Valid @ RequestBody PeriodoAcademicoRequest request)",135,142
6,1,40,1,6,"PeriodoAcademicoController::deletePeriodo@155-160@backend\Matricula\src\main\java\com\escuelaposgrado\Matricula\controller\PeriodoAcademicoController.java","backend\Matricula\src\main\java\com\escuelaposgrado\Matricula\controller\PeriodoAcademicoController.java","PeriodoAcademicoController::deletePeriodo","PeriodoAcademicoController::deletePeriodo( @ Parameter(description='ID del período académico',required=true) @ PathVariable Long id)",155,160
6,1,38,1,6,"PeriodoAcademicoController::toggleHabilitado@174-179@backend\Matricula\src\main\java\com\escuelaposgrado\Matricula\controller\PeriodoAcademicoController.java","backend\Matricula\src\main\java\com\escuelaposgrado\Matricula\controller\PeriodoAcademicoController.java","PeriodoAcademicoController::toggleHabilitado","PeriodoAcademicoController::toggleHabilitado( @ Parameter(description='ID del período académico',required=true) @ RequestParam Long id)",174,179
6,1,38,1,6,"PeriodoAcademicoController::reactivarPeriodo@194-199@backend\Matricula\src\main\java\com\escuelaposgrado\Matricula\controller\PeriodoAcademicoController.java","backend\Matricula\src\main\java\com\escuelaposgrado\Matricula\controller\PeriodoAcademicoController.java","PeriodoAcademicoController::reactivarPeriodo","PeriodoAcademicoController::reactivarPeriodo( @ Parameter(description='ID del período académico',required=true) @ RequestParam Long id)",194,199
4,1,25,0,4,"ProgramaEstudioController::getAllProgramas@49-52@backend\Matricula\src\main\java\com\escuelaposgrado\Matricula\controller\ProgramaEstudioController.java","backend\Matricula\src\main\java\com\escuelaposgrado\Matricula\controller\ProgramaEstudioController.java","ProgramaEstudioController::getAllProgramas","ProgramaEstudioController::getAllProgramas()",49,52
4,1,25,0,4,"ProgramaEstudioController::getProgramasActivos@61-64@backend\Matricula\src\main\java\com\escuelaposgrado\Matricula\controller\ProgramaEstudioController.java","backend\Matricula\src\main\java\com\escuelaposgrado\Matricula\controller\ProgramaEstudioController.java","ProgramaEstudioController::getProgramasActivos","ProgramaEstudioController::getProgramasActivos()",61,64
4,1,25,0,4,"ProgramaEstudioController::getProgramasDisponibles@73-76@backend\Matricula\src\main\java\com\escuelaposgrado\Matricula\controller\ProgramaEstudioController.java","backend\Matricula\src\main\java\com\escuelaposgrado\Matricula\controller\ProgramaEstudioController.java","ProgramaEstudioController::getProgramasDisponibles","ProgramaEstudioController::getProgramasDisponibles()",73,76
6,1,41,1,6,"ProgramaEstudioController::getProgramasByFacultad@85-90@backend\Matricula\src\main\java\com\escuelaposgrado\Matricula\controller\ProgramaEstudioController.java","backend\Matricula\src\main\java\com\escuelaposgrado\Matricula\controller\ProgramaEstudioController.java","ProgramaEstudioController::getProgramasByFacultad","ProgramaEstudioController::getProgramasByFacultad( @ Parameter(description='ID de la facultad',required=true) @ PathVariable Long facultadId)",85,90
6,1,41,1,6,"ProgramaEstudioController::getProgramasByNivel@99-104@backend\Matricula\src\main\java\com\escuelaposgrado\Matricula\controller\ProgramaEstudioController.java","backend\Matricula\src\main\java\com\escuelaposgrado\Matricula\controller\ProgramaEstudioController.java","ProgramaEstudioController::getProgramasByNivel","ProgramaEstudioController::getProgramasByNivel( @ Parameter(description='Nivel del programa',required=true) @ PathVariable String nivel)",99,104
6,1,38,1,6,"ProgramaEstudioController::getProgramaById@114-119@backend\Matricula\src\main\java\com\escuelaposgrado\Matricula\controller\ProgramaEstudioController.java","backend\Matricula\src\main\java\com\escuelaposgrado\Matricula\controller\ProgramaEstudioController.java","ProgramaEstudioController::getProgramaById","ProgramaEstudioController::getProgramaById( @ Parameter(description='ID del programa',required=true) @ PathVariable Long id)",114,119
4,1,25,0,4,"ProgramaEstudioController::getNiveles@128-131@backend\Matricula\src\main\java\com\escuelaposgrado\Matricula\controller\ProgramaEstudioController.java","backend\Matricula\src\main\java\com\escuelaposgrado\Matricula\controller\ProgramaEstudioController.java","ProgramaEstudioController::getNiveles","ProgramaEstudioController::getNiveles()",128,131
4,1,25,0,4,"ProgramaEstudioController::getModalidades@140-143@backend\Matricula\src\main\java\com\escuelaposgrado\Matricula\controller\ProgramaEstudioController.java","backend\Matricula\src\main\java\com\escuelaposgrado\Matricula\controller\ProgramaEstudioController.java","ProgramaEstudioController::getModalidades","ProgramaEstudioController::getModalidades()",140,143
5,1,39,1,5,"ProgramaEstudioController::createPrograma@153-157@backend\Matricula\src\main\java\com\escuelaposgrado\Matricula\controller\ProgramaEstudioController.java","backend\Matricula\src\main\java\com\escuelaposgrado\Matricula\controller\ProgramaEstudioController.java","ProgramaEstudioController::createPrograma","ProgramaEstudioController::createPrograma( @ Valid @ RequestBody ProgramaEstudioRequest request)",153,157
7,1,50,2,7,"ProgramaEstudioController::updatePrograma@167-173@backend\Matricula\src\main\java\com\escuelaposgrado\Matricula\controller\ProgramaEstudioController.java","backend\Matricula\src\main\java\com\escuelaposgrado\Matricula\controller\ProgramaEstudioController.java","ProgramaEstudioController::updatePrograma","ProgramaEstudioController::updatePrograma( @ Parameter(description='ID del programa',required=true) @ PathVariable Long id , @ Valid @ RequestBody ProgramaEstudioRequest request)",167,173
6,1,41,1,6,"ProgramaEstudioController::toggleActive@183-188@backend\Matricula\src\main\java\com\escuelaposgrado\Matricula\controller\ProgramaEstudioController.java","backend\Matricula\src\main\java\com\escuelaposgrado\Matricula\controller\ProgramaEstudioController.java","ProgramaEstudioController::toggleActive","ProgramaEstudioController::toggleActive( @ Parameter(description='ID del programa',required=true) @ PathVariable Long id)",183,188
6,1,41,1,6,"ProgramaEstudioController::toggleDisponible@198-203@backend\Matricula\src\main\java\com\escuelaposgrado\Matricula\controller\ProgramaEstudioController.java","backend\Matricula\src\main\java\com\escuelaposgrado\Matricula\controller\ProgramaEstudioController.java","ProgramaEstudioController::toggleDisponible","ProgramaEstudioController::toggleDisponible( @ Parameter(description='ID del programa',required=true) @ PathVariable Long id)",198,203
6,1,41,1,6,"ProgramaEstudioController::deletePrograma@213-218@backend\Matricula\src\main\java\com\escuelaposgrado\Matricula\controller\ProgramaEstudioController.java","backend\Matricula\src\main\java\com\escuelaposgrado\Matricula\controller\ProgramaEstudioController.java","ProgramaEstudioController::deletePrograma","ProgramaEstudioController::deletePrograma( @ Parameter(description='ID del programa',required=true) @ PathVariable Long id)",213,218
4,1,25,0,4,"SedeController::getAllSedes@49-52@backend\Matricula\src\main\java\com\escuelaposgrado\Matricula\controller\SedeController.java","backend\Matricula\src\main\java\com\escuelaposgrado\Matricula\controller\SedeController.java","SedeController::getAllSedes","SedeController::getAllSedes()",49,52
4,1,25,0,4,"SedeController::getSedesActivas@61-64@backend\Matricula\src\main\java\com\escuelaposgrado\Matricula\controller\SedeController.java","backend\Matricula\src\main\java\com\escuelaposgrado\Matricula\controller\SedeController.java","SedeController::getSedesActivas","SedeController::getSedesActivas()",61,64
6,1,38,1,6,"SedeController::getSedeById@74-79@backend\Matricula\src\main\java\com\escuelaposgrado\Matricula\controller\SedeController.java","backend\Matricula\src\main\java\com\escuelaposgrado\Matricula\controller\SedeController.java","SedeController::getSedeById","SedeController::getSedeById( @ Parameter(description='ID de la sede',required=true) @ PathVariable Long id)",74,79
7,1,57,1,7,"SedeController::createSede@89-95@backend\Matricula\src\main\java\com\escuelaposgrado\Matricula\controller\SedeController.java","backend\Matricula\src\main\java\com\escuelaposgrado\Matricula\controller\SedeController.java","SedeController::createSede","SedeController::createSede( @ Parameter(description='Datos de la nueva sede',required=true) @ Valid @ RequestBody SedeRequest request)",89,95
9,1,70,2,9,"SedeController::updateSede@106-114@backend\Matricula\src\main\java\com\escuelaposgrado\Matricula\controller\SedeController.java","backend\Matricula\src\main\java\com\escuelaposgrado\Matricula\controller\SedeController.java","SedeController::updateSede","SedeController::updateSede( @ Parameter(description='ID de la sede',required=true) @ PathVariable Long id , @ Parameter(description='Datos actualizados de la sede',required=true) @ Valid @ RequestBody SedeRequest request)",106,114
8,2,63,1,8,"SedeController::toggleActive@124-131@backend\Matricula\src\main\java\com\escuelaposgrado\Matricula\controller\SedeController.java","backend\Matricula\src\main\java\com\escuelaposgrado\Matricula\controller\SedeController.java","SedeController::toggleActive","SedeController::toggleActive( @ Parameter(description='ID de la sede',required=true) @ PathVariable Long id)",124,131
7,1,45,1,7,"SedeController::deleteSede@141-147@backend\Matricula\src\main\java\com\escuelaposgrado\Matricula\controller\SedeController.java","backend\Matricula\src\main\java\com\escuelaposgrado\Matricula\controller\SedeController.java","SedeController::deleteSede","SedeController::deleteSede( @ Parameter(description='ID de la sede',required=true) @ PathVariable Long id)",141,147
6,1,41,1,6,"SedeController::buscarSedesPorNombre@156-161@backend\Matricula\src\main\java\com\escuelaposgrado\Matricula\controller\SedeController.java","backend\Matricula\src\main\java\com\escuelaposgrado\Matricula\controller\SedeController.java","SedeController::buscarSedesPorNombre","SedeController::buscarSedesPorNombre( @ Parameter(description='Texto a buscar en el nombre',required=true) @ RequestParam String nombre)",156,161
4,1,25,0,4,"TasaPagoController::getAllTasasPago@49-52@backend\Matricula\src\main\java\com\escuelaposgrado\Matricula\controller\TasaPagoController.java","backend\Matricula\src\main\java\com\escuelaposgrado\Matricula\controller\TasaPagoController.java","TasaPagoController::getAllTasasPago","TasaPagoController::getAllTasasPago()",49,52
4,1,25,0,4,"TasaPagoController::getTasasActivas@61-64@backend\Matricula\src\main\java\com\escuelaposgrado\Matricula\controller\TasaPagoController.java","backend\Matricula\src\main\java\com\escuelaposgrado\Matricula\controller\TasaPagoController.java","TasaPagoController::getTasasActivas","TasaPagoController::getTasasActivas()",61,64
4,1,25,0,4,"TasaPagoController::getTasasObligatorias@73-76@backend\Matricula\src\main\java\com\escuelaposgrado\Matricula\controller\TasaPagoController.java","backend\Matricula\src\main\java\com\escuelaposgrado\Matricula\controller\TasaPagoController.java","TasaPagoController::getTasasObligatorias","TasaPagoController::getTasasObligatorias()",73,76
6,1,41,1,6,"TasaPagoController::getTasasByPrograma@85-90@backend\Matricula\src\main\java\com\escuelaposgrado\Matricula\controller\TasaPagoController.java","backend\Matricula\src\main\java\com\escuelaposgrado\Matricula\controller\TasaPagoController.java","TasaPagoController::getTasasByPrograma","TasaPagoController::getTasasByPrograma( @ Parameter(description='ID del programa de estudio',required=true) @ PathVariable Long programaId)",85,90
6,1,41,1,6,"TasaPagoController::getTasasByTipo@99-104@backend\Matricula\src\main\java\com\escuelaposgrado\Matricula\controller\TasaPagoController.java","backend\Matricula\src\main\java\com\escuelaposgrado\Matricula\controller\TasaPagoController.java","TasaPagoController::getTasasByTipo","TasaPagoController::getTasasByTipo( @ Parameter(description='Tipo de tasa',required=true) @ PathVariable String tipo)",99,104
4,1,25,0,4,"TasaPagoController::getTiposTasas@113-116@backend\Matricula\src\main\java\com\escuelaposgrado\Matricula\controller\TasaPagoController.java","backend\Matricula\src\main\java\com\escuelaposgrado\Matricula\controller\TasaPagoController.java","TasaPagoController::getTiposTasas","TasaPagoController::getTiposTasas()",113,116
6,1,38,1,6,"TasaPagoController::getTasaById@126-131@backend\Matricula\src\main\java\com\escuelaposgrado\Matricula\controller\TasaPagoController.java","backend\Matricula\src\main\java\com\escuelaposgrado\Matricula\controller\TasaPagoController.java","TasaPagoController::getTasaById","TasaPagoController::getTasaById( @ Parameter(description='ID de la tasa',required=true) @ PathVariable Long id)",126,131
6,1,41,1,6,"TasaPagoController::searchTasas@140-145@backend\Matricula\src\main\java\com\escuelaposgrado\Matricula\controller\TasaPagoController.java","backend\Matricula\src\main\java\com\escuelaposgrado\Matricula\controller\TasaPagoController.java","TasaPagoController::searchTasas","TasaPagoController::searchTasas( @ Parameter(description='TÃ©rmino de bÃºsqueda',required=true) @ RequestParam String q)",140,145
5,1,39,1,5,"TasaPagoController::createTasa@155-159@backend\Matricula\src\main\java\com\escuelaposgrado\Matricula\controller\TasaPagoController.java","backend\Matricula\src\main\java\com\escuelaposgrado\Matricula\controller\TasaPagoController.java","TasaPagoController::createTasa","TasaPagoController::createTasa( @ Valid @ RequestBody TasaPagoRequest request)",155,159
7,1,50,2,7,"TasaPagoController::updateTasa@169-175@backend\Matricula\src\main\java\com\escuelaposgrado\Matricula\controller\TasaPagoController.java","backend\Matricula\src\main\java\com\escuelaposgrado\Matricula\controller\TasaPagoController.java","TasaPagoController::updateTasa","TasaPagoController::updateTasa( @ Parameter(description='ID de la tasa',required=true) @ PathVariable Long id , @ Valid @ RequestBody TasaPagoRequest request)",169,175
6,1,41,1,6,"TasaPagoController::toggleActive@185-190@backend\Matricula\src\main\java\com\escuelaposgrado\Matricula\controller\TasaPagoController.java","backend\Matricula\src\main\java\com\escuelaposgrado\Matricula\controller\TasaPagoController.java","TasaPagoController::toggleActive","TasaPagoController::toggleActive( @ Parameter(description='ID de la tasa',required=true) @ PathVariable Long id)",185,190
6,1,41,1,6,"TasaPagoController::deleteTasa@200-205@backend\Matricula\src\main\java\com\escuelaposgrado\Matricula\controller\TasaPagoController.java","backend\Matricula\src\main\java\com\escuelaposgrado\Matricula\controller\TasaPagoController.java","TasaPagoController::deleteTasa","TasaPagoController::deleteTasa( @ Parameter(description='ID de la tasa',required=true) @ PathVariable Long id)",200,205
4,1,25,0,4,"TurnoMatriculaController::getAllTurnos@49-52@backend\Matricula\src\main\java\com\escuelaposgrado\Matricula\controller\TurnoMatriculaController.java","backend\Matricula\src\main\java\com\escuelaposgrado\Matricula\controller\TurnoMatriculaController.java","TurnoMatriculaController::getAllTurnos","TurnoMatriculaController::getAllTurnos()",49,52
4,1,25,0,4,"TurnoMatriculaController::getTurnosActivos@61-64@backend\Matricula\src\main\java\com\escuelaposgrado\Matricula\controller\TurnoMatriculaController.java","backend\Matricula\src\main\java\com\escuelaposgrado\Matricula\controller\TurnoMatriculaController.java","TurnoMatriculaController::getTurnosActivos","TurnoMatriculaController::getTurnosActivos()",61,64
4,1,25,0,4,"TurnoMatriculaController::getTurnosHabilitados@73-76@backend\Matricula\src\main\java\com\escuelaposgrado\Matricula\controller\TurnoMatriculaController.java","backend\Matricula\src\main\java\com\escuelaposgrado\Matricula\controller\TurnoMatriculaController.java","TurnoMatriculaController::getTurnosHabilitados","TurnoMatriculaController::getTurnosHabilitados()",73,76
6,1,41,1,6,"TurnoMatriculaController::getTurnosByPeriodo@85-90@backend\Matricula\src\main\java\com\escuelaposgrado\Matricula\controller\TurnoMatriculaController.java","backend\Matricula\src\main\java\com\escuelaposgrado\Matricula\controller\TurnoMatriculaController.java","TurnoMatriculaController::getTurnosByPeriodo","TurnoMatriculaController::getTurnosByPeriodo( @ Parameter(description='ID del perÃ­odo acadÃ©mico',required=true) @ PathVariable Long periodoId)",85,90
6,1,41,1,6,"TurnoMatriculaController::getTurnosByPrograma@99-104@backend\Matricula\src\main\java\com\escuelaposgrado\Matricula\controller\TurnoMatriculaController.java","backend\Matricula\src\main\java\com\escuelaposgrado\Matricula\controller\TurnoMatriculaController.java","TurnoMatriculaController::getTurnosByPrograma","TurnoMatriculaController::getTurnosByPrograma( @ Parameter(description='ID del programa de estudio',required=true) @ PathVariable Long programaId)",99,104
8,1,59,2,8,"TurnoMatriculaController::getTurnosByPeriodoAndPrograma@113-120@backend\Matricula\src\main\java\com\escuelaposgrado\Matricula\controller\TurnoMatriculaController.java","backend\Matricula\src\main\java\com\escuelaposgrado\Matricula\controller\TurnoMatriculaController.java","TurnoMatriculaController::getTurnosByPeriodoAndPrograma","TurnoMatriculaController::getTurnosByPeriodoAndPrograma( @ Parameter(description='ID del perÃ­odo acadÃ©mico',required=true) @ PathVariable Long periodoId , @ Parameter(description='ID del programa de estudio',required=true) @ PathVariable Long programaId)",113,120
6,1,38,1,6,"TurnoMatriculaController::getTurnoById@130-135@backend\Matricula\src\main\java\com\escuelaposgrado\Matricula\controller\TurnoMatriculaController.java","backend\Matricula\src\main\java\com\escuelaposgrado\Matricula\controller\TurnoMatriculaController.java","TurnoMatriculaController::getTurnoById","TurnoMatriculaController::getTurnoById( @ Parameter(description='ID del turno',required=true) @ PathVariable Long id)",130,135
7,1,57,1,7,"TurnoMatriculaController::createTurno@145-151@backend\Matricula\src\main\java\com\escuelaposgrado\Matricula\controller\TurnoMatriculaController.java","backend\Matricula\src\main\java\com\escuelaposgrado\Matricula\controller\TurnoMatriculaController.java","TurnoMatriculaController::createTurno","TurnoMatriculaController::createTurno( @ Parameter(description='Datos del nuevo turno',required=true) @ Valid @ RequestBody TurnoMatriculaRequest request)",145,151
9,1,70,2,9,"TurnoMatriculaController::updateTurno@162-170@backend\Matricula\src\main\java\com\escuelaposgrado\Matricula\controller\TurnoMatriculaController.java","backend\Matricula\src\main\java\com\escuelaposgrado\Matricula\controller\TurnoMatriculaController.java","TurnoMatriculaController::updateTurno","TurnoMatriculaController::updateTurno( @ Parameter(description='ID del turno',required=true) @ PathVariable Long id , @ Parameter(description='Datos actualizados del turno',required=true) @ Valid @ RequestBody TurnoMatriculaRequest request)",162,170
8,2,63,1,8,"TurnoMatriculaController::toggleActive@180-187@backend\Matricula\src\main\java\com\escuelaposgrado\Matricula\controller\TurnoMatriculaController.java","backend\Matricula\src\main\java\com\escuelaposgrado\Matricula\controller\TurnoMatriculaController.java","TurnoMatriculaController::toggleActive","TurnoMatriculaController::toggleActive( @ Parameter(description='ID del turno',required=true) @ PathVariable Long id)",180,187
8,2,63,1,8,"TurnoMatriculaController::toggleEnabled@197-204@backend\Matricula\src\main\java\com\escuelaposgrado\Matricula\controller\TurnoMatriculaController.java","backend\Matricula\src\main\java\com\escuelaposgrado\Matricula\controller\TurnoMatriculaController.java","TurnoMatriculaController::toggleEnabled","TurnoMatriculaController::toggleEnabled( @ Parameter(description='ID del turno',required=true) @ PathVariable Long id)",197,204
7,1,45,1,7,"TurnoMatriculaController::deleteTurno@214-220@backend\Matricula\src\main\java\com\escuelaposgrado\Matricula\controller\TurnoMatriculaController.java","backend\Matricula\src\main\java\com\escuelaposgrado\Matricula\controller\TurnoMatriculaController.java","TurnoMatriculaController::deleteTurno","TurnoMatriculaController::deleteTurno( @ Parameter(description='ID del turno',required=true) @ PathVariable Long id)",214,220
6,1,41,1,6,"TurnoMatriculaController::buscarTurnosPorNombre@229-234@backend\Matricula\src\main\java\com\escuelaposgrado\Matricula\controller\TurnoMatriculaController.java","backend\Matricula\src\main\java\com\escuelaposgrado\Matricula\controller\TurnoMatriculaController.java","TurnoMatriculaController::buscarTurnosPorNombre","TurnoMatriculaController::buscarTurnosPorNombre( @ Parameter(description='Texto a buscar en el nombre',required=true) @ RequestParam String nombre)",229,234
1,1,5,0,1,"MessageResponse::MessageResponse@12-12@backend\Matricula\src\main\java\com\escuelaposgrado\Matricula\dto\common\MessageResponse.java","backend\Matricula\src\main\java\com\escuelaposgrado\Matricula\dto\common\MessageResponse.java","MessageResponse::MessageResponse","MessageResponse::MessageResponse()",12,12
4,1,19,1,4,"MessageResponse::MessageResponse@14-17@backend\Matricula\src\main\java\com\escuelaposgrado\Matricula\dto\common\MessageResponse.java","backend\Matricula\src\main\java\com\escuelaposgrado\Matricula\dto\common\MessageResponse.java","MessageResponse::MessageResponse","MessageResponse::MessageResponse( String message)",14,17
4,1,22,2,4,"MessageResponse::MessageResponse@19-22@backend\Matricula\src\main\java\com\escuelaposgrado\Matricula\dto\common\MessageResponse.java","backend\Matricula\src\main\java\com\escuelaposgrado\Matricula\dto\common\MessageResponse.java","MessageResponse::MessageResponse","MessageResponse::MessageResponse( String message , boolean success)",19,22
5,1,31,3,5,"MessageResponse::MessageResponse@24-28@backend\Matricula\src\main\java\com\escuelaposgrado\Matricula\dto\common\MessageResponse.java","backend\Matricula\src\main\java\com\escuelaposgrado\Matricula\dto\common\MessageResponse.java","MessageResponse::MessageResponse","MessageResponse::MessageResponse( String message , boolean success , Object data)",24,28
3,1,16,1,3,"MessageResponse::success@31-33@backend\Matricula\src\main\java\com\escuelaposgrado\Matricula\dto\common\MessageResponse.java","backend\Matricula\src\main\java\com\escuelaposgrado\Matricula\dto\common\MessageResponse.java","MessageResponse::success","MessageResponse::success( String message)",31,33
3,1,21,2,3,"MessageResponse::success@35-37@backend\Matricula\src\main\java\com\escuelaposgrado\Matricula\dto\common\MessageResponse.java","backend\Matricula\src\main\java\com\escuelaposgrado\Matricula\dto\common\MessageResponse.java","MessageResponse::success","MessageResponse::success( String message , Object data)",35,37
3,1,16,1,3,"MessageResponse::error@39-41@backend\Matricula\src\main\java\com\escuelaposgrado\Matricula\dto\common\MessageResponse.java","backend\Matricula\src\main\java\com\escuelaposgrado\Matricula\dto\common\MessageResponse.java","MessageResponse::error","MessageResponse::error( String message)",39,41
1,1,8,0,1,"MessageResponse::getMessage@44-44@backend\Matricula\src\main\java\com\escuelaposgrado\Matricula\dto\common\MessageResponse.java","backend\Matricula\src\main\java\com\escuelaposgrado\Matricula\dto\common\MessageResponse.java","MessageResponse::getMessage","MessageResponse::getMessage()",44,44
1,1,13,1,1,"MessageResponse::setMessage@45-45@backend\Matricula\src\main\java\com\escuelaposgrado\Matricula\dto\common\MessageResponse.java","backend\Matricula\src\main\java\com\escuelaposgrado\Matricula\dto\common\MessageResponse.java","MessageResponse::setMessage","MessageResponse::setMessage( String message)",45,45
1,1,8,0,1,"MessageResponse::isSuccess@47-47@backend\Matricula\src\main\java\com\escuelaposgrado\Matricula\dto\common\MessageResponse.java","backend\Matricula\src\main\java\com\escuelaposgrado\Matricula\dto\common\MessageResponse.java","MessageResponse::isSuccess","MessageResponse::isSuccess()",47,47
1,1,13,1,1,"MessageResponse::setSuccess@48-48@backend\Matricula\src\main\java\com\escuelaposgrado\Matricula\dto\common\MessageResponse.java","backend\Matricula\src\main\java\com\escuelaposgrado\Matricula\dto\common\MessageResponse.java","MessageResponse::setSuccess","MessageResponse::setSuccess( boolean success)",48,48
1,1,8,0,1,"MessageResponse::getData@50-50@backend\Matricula\src\main\java\com\escuelaposgrado\Matricula\dto\common\MessageResponse.java","backend\Matricula\src\main\java\com\escuelaposgrado\Matricula\dto\common\MessageResponse.java","MessageResponse::getData","MessageResponse::getData()",50,50
1,1,13,1,1,"MessageResponse::setData@51-51@backend\Matricula\src\main\java\com\escuelaposgrado\Matricula\dto\common\MessageResponse.java","backend\Matricula\src\main\java\com\escuelaposgrado\Matricula\dto\common\MessageResponse.java","MessageResponse::setData","MessageResponse::setData( Object data)",51,51
1,1,5,0,1,"AulaRequest::AulaRequest@38-38@backend\Matricula\src\main\java\com\escuelaposgrado\Matricula\dto\request\AulaRequest.java","backend\Matricula\src\main\java\com\escuelaposgrado\Matricula\dto\request\AulaRequest.java","AulaRequest::AulaRequest","AulaRequest::AulaRequest()",38,38
9,1,67,7,9,"AulaRequest::AulaRequest@40-48@backend\Matricula\src\main\java\com\escuelaposgrado\Matricula\dto\request\AulaRequest.java","backend\Matricula\src\main\java\com\escuelaposgrado\Matricula\dto\request\AulaRequest.java","AulaRequest::AulaRequest","AulaRequest::AulaRequest( String nombre , String codigo , Integer capacidad , String tipo , String equipamiento , String descripcion , Long sedeId)",40,48
3,1,8,0,3,"AulaRequest::getNombre@51-53@backend\Matricula\src\main\java\com\escuelaposgrado\Matricula\dto\request\AulaRequest.java","backend\Matricula\src\main\java\com\escuelaposgrado\Matricula\dto\request\AulaRequest.java","AulaRequest::getNombre","AulaRequest::getNombre()",51,53
3,1,13,1,3,"AulaRequest::setNombre@55-57@backend\Matricula\src\main\java\com\escuelaposgrado\Matricula\dto\request\AulaRequest.java","backend\Matricula\src\main\java\com\escuelaposgrado\Matricula\dto\request\AulaRequest.java","AulaRequest::setNombre","AulaRequest::setNombre( String nombre)",55,57
3,1,8,0,3,"AulaRequest::getCodigo@59-61@backend\Matricula\src\main\java\com\escuelaposgrado\Matricula\dto\request\AulaRequest.java","backend\Matricula\src\main\java\com\escuelaposgrado\Matricula\dto\request\AulaRequest.java","AulaRequest::getCodigo","AulaRequest::getCodigo()",59,61
3,1,13,1,3,"AulaRequest::setCodigo@63-65@backend\Matricula\src\main\java\com\escuelaposgrado\Matricula\dto\request\AulaRequest.java","backend\Matricula\src\main\java\com\escuelaposgrado\Matricula\dto\request\AulaRequest.java","AulaRequest::setCodigo","AulaRequest::setCodigo( String codigo)",63,65
3,1,8,0,3,"AulaRequest::getCapacidad@67-69@backend\Matricula\src\main\java\com\escuelaposgrado\Matricula\dto\request\AulaRequest.java","backend\Matricula\src\main\java\com\escuelaposgrado\Matricula\dto\request\AulaRequest.java","AulaRequest::getCapacidad","AulaRequest::getCapacidad()",67,69
3,1,13,1,3,"AulaRequest::setCapacidad@71-73@backend\Matricula\src\main\java\com\escuelaposgrado\Matricula\dto\request\AulaRequest.java","backend\Matricula\src\main\java\com\escuelaposgrado\Matricula\dto\request\AulaRequest.java","AulaRequest::setCapacidad","AulaRequest::setCapacidad( Integer capacidad)",71,73
3,1,8,0,3,"AulaRequest::getTipo@75-77@backend\Matricula\src\main\java\com\escuelaposgrado\Matricula\dto\request\AulaRequest.java","backend\Matricula\src\main\java\com\escuelaposgrado\Matricula\dto\request\AulaRequest.java","AulaRequest::getTipo","AulaRequest::getTipo()",75,77
3,1,13,1,3,"AulaRequest::setTipo@79-81@backend\Matricula\src\main\java\com\escuelaposgrado\Matricula\dto\request\AulaRequest.java","backend\Matricula\src\main\java\com\escuelaposgrado\Matricula\dto\request\AulaRequest.java","AulaRequest::setTipo","AulaRequest::setTipo( String tipo)",79,81
3,1,8,0,3,"AulaRequest::getEquipamiento@83-85@backend\Matricula\src\main\java\com\escuelaposgrado\Matricula\dto\request\AulaRequest.java","backend\Matricula\src\main\java\com\escuelaposgrado\Matricula\dto\request\AulaRequest.java","AulaRequest::getEquipamiento","AulaRequest::getEquipamiento()",83,85
3,1,13,1,3,"AulaRequest::setEquipamiento@87-89@backend\Matricula\src\main\java\com\escuelaposgrado\Matricula\dto\request\AulaRequest.java","backend\Matricula\src\main\java\com\escuelaposgrado\Matricula\dto\request\AulaRequest.java","AulaRequest::setEquipamiento","AulaRequest::setEquipamiento( String equipamiento)",87,89
3,1,8,0,3,"AulaRequest::getDescripcion@91-93@backend\Matricula\src\main\java\com\escuelaposgrado\Matricula\dto\request\AulaRequest.java","backend\Matricula\src\main\java\com\escuelaposgrado\Matricula\dto\request\AulaRequest.java","AulaRequest::getDescripcion","AulaRequest::getDescripcion()",91,93
3,1,13,1,3,"AulaRequest::setDescripcion@95-97@backend\Matricula\src\main\java\com\escuelaposgrado\Matricula\dto\request\AulaRequest.java","backend\Matricula\src\main\java\com\escuelaposgrado\Matricula\dto\request\AulaRequest.java","AulaRequest::setDescripcion","AulaRequest::setDescripcion( String descripcion)",95,97
3,1,8,0,3,"AulaRequest::getSedeId@99-101@backend\Matricula\src\main\java\com\escuelaposgrado\Matricula\dto\request\AulaRequest.java","backend\Matricula\src\main\java\com\escuelaposgrado\Matricula\dto\request\AulaRequest.java","AulaRequest::getSedeId","AulaRequest::getSedeId()",99,101
3,1,13,1,3,"AulaRequest::setSedeId@103-105@backend\Matricula\src\main\java\com\escuelaposgrado\Matricula\dto\request\AulaRequest.java","backend\Matricula\src\main\java\com\escuelaposgrado\Matricula\dto\request\AulaRequest.java","AulaRequest::setSedeId","AulaRequest::setSedeId( Long sedeId)",103,105
1,1,5,0,1,"ComisionUnidadPosgradoRequest::ComisionUnidadPosgradoRequest@48-48@backend\Matricula\src\main\java\com\escuelaposgrado\Matricula\dto\request\ComisionUnidadPosgradoRequest.java","backend\Matricula\src\main\java\com\escuelaposgrado\Matricula\dto\request\ComisionUnidadPosgradoRequest.java","ComisionUnidadPosgradoRequest::ComisionUnidadPosgradoRequest","ComisionUnidadPosgradoRequest::ComisionUnidadPosgradoRequest()",48,48
6,1,40,4,6,"ComisionUnidadPosgradoRequest::ComisionUnidadPosgradoRequest@50-55@backend\Matricula\src\main\java\com\escuelaposgrado\Matricula\dto\request\ComisionUnidadPosgradoRequest.java","backend\Matricula\src\main\java\com\escuelaposgrado\Matricula\dto\request\ComisionUnidadPosgradoRequest.java","ComisionUnidadPosgradoRequest::ComisionUnidadPosgradoRequest","ComisionUnidadPosgradoRequest::ComisionUnidadPosgradoRequest( String nombre , String codigo , String tipo , Long facultadId)",50,55
3,1,8,0,3,"ComisionUnidadPosgradoRequest::getNombre@58-60@backend\Matricula\src\main\java\com\escuelaposgrado\Matricula\dto\request\ComisionUnidadPosgradoRequest.java","backend\Matricula\src\main\java\com\escuelaposgrado\Matricula\dto\request\ComisionUnidadPosgradoRequest.java","ComisionUnidadPosgradoRequest::getNombre","ComisionUnidadPosgradoRequest::getNombre()",58,60
3,1,13,1,3,"ComisionUnidadPosgradoRequest::setNombre@62-64@backend\Matricula\src\main\java\com\escuelaposgrado\Matricula\dto\request\ComisionUnidadPosgradoRequest.java","backend\Matricula\src\main\java\com\escuelaposgrado\Matricula\dto\request\ComisionUnidadPosgradoRequest.java","ComisionUnidadPosgradoRequest::setNombre","ComisionUnidadPosgradoRequest::setNombre( String nombre)",62,64
3,1,8,0,3,"ComisionUnidadPosgradoRequest::getCodigo@66-68@backend\Matricula\src\main\java\com\escuelaposgrado\Matricula\dto\request\ComisionUnidadPosgradoRequest.java","backend\Matricula\src\main\java\com\escuelaposgrado\Matricula\dto\request\ComisionUnidadPosgradoRequest.java","ComisionUnidadPosgradoRequest::getCodigo","ComisionUnidadPosgradoRequest::getCodigo()",66,68
3,1,13,1,3,"ComisionUnidadPosgradoRequest::setCodigo@70-72@backend\Matricula\src\main\java\com\escuelaposgrado\Matricula\dto\request\ComisionUnidadPosgradoRequest.java","backend\Matricula\src\main\java\com\escuelaposgrado\Matricula\dto\request\ComisionUnidadPosgradoRequest.java","ComisionUnidadPosgradoRequest::setCodigo","ComisionUnidadPosgradoRequest::setCodigo( String codigo)",70,72
3,1,8,0,3,"ComisionUnidadPosgradoRequest::getTipo@74-76@backend\Matricula\src\main\java\com\escuelaposgrado\Matricula\dto\request\ComisionUnidadPosgradoRequest.java","backend\Matricula\src\main\java\com\escuelaposgrado\Matricula\dto\request\ComisionUnidadPosgradoRequest.java","ComisionUnidadPosgradoRequest::getTipo","ComisionUnidadPosgradoRequest::getTipo()",74,76
3,1,13,1,3,"ComisionUnidadPosgradoRequest::setTipo@78-80@backend\Matricula\src\main\java\com\escuelaposgrado\Matricula\dto\request\ComisionUnidadPosgradoRequest.java","backend\Matricula\src\main\java\com\escuelaposgrado\Matricula\dto\request\ComisionUnidadPosgradoRequest.java","ComisionUnidadPosgradoRequest::setTipo","ComisionUnidadPosgradoRequest::setTipo( String tipo)",78,80
3,1,8,0,3,"ComisionUnidadPosgradoRequest::getPresidente@82-84@backend\Matricula\src\main\java\com\escuelaposgrado\Matricula\dto\request\ComisionUnidadPosgradoRequest.java","backend\Matricula\src\main\java\com\escuelaposgrado\Matricula\dto\request\ComisionUnidadPosgradoRequest.java","ComisionUnidadPosgradoRequest::getPresidente","ComisionUnidadPosgradoRequest::getPresidente()",82,84
3,1,13,1,3,"ComisionUnidadPosgradoRequest::setPresidente@86-88@backend\Matricula\src\main\java\com\escuelaposgrado\Matricula\dto\request\ComisionUnidadPosgradoRequest.java","backend\Matricula\src\main\java\com\escuelaposgrado\Matricula\dto\request\ComisionUnidadPosgradoRequest.java","ComisionUnidadPosgradoRequest::setPresidente","ComisionUnidadPosgradoRequest::setPresidente( String presidente)",86,88
3,1,8,0,3,"ComisionUnidadPosgradoRequest::getSecretario@90-92@backend\Matricula\src\main\java\com\escuelaposgrado\Matricula\dto\request\ComisionUnidadPosgradoRequest.java","backend\Matricula\src\main\java\com\escuelaposgrado\Matricula\dto\request\ComisionUnidadPosgradoRequest.java","ComisionUnidadPosgradoRequest::getSecretario","ComisionUnidadPosgradoRequest::getSecretario()",90,92
3,1,13,1,3,"ComisionUnidadPosgradoRequest::setSecretario@94-96@backend\Matricula\src\main\java\com\escuelaposgrado\Matricula\dto\request\ComisionUnidadPosgradoRequest.java","backend\Matricula\src\main\java\com\escuelaposgrado\Matricula\dto\request\ComisionUnidadPosgradoRequest.java","ComisionUnidadPosgradoRequest::setSecretario","ComisionUnidadPosgradoRequest::setSecretario( String secretario)",94,96
3,1,8,0,3,"ComisionUnidadPosgradoRequest::getMiembros@98-100@backend\Matricula\src\main\java\com\escuelaposgrado\Matricula\dto\request\ComisionUnidadPosgradoRequest.java","backend\Matricula\src\main\java\com\escuelaposgrado\Matricula\dto\request\ComisionUnidadPosgradoRequest.java","ComisionUnidadPosgradoRequest::getMiembros","ComisionUnidadPosgradoRequest::getMiembros()",98,100
3,1,13,1,3,"ComisionUnidadPosgradoRequest::setMiembros@102-104@backend\Matricula\src\main\java\com\escuelaposgrado\Matricula\dto\request\ComisionUnidadPosgradoRequest.java","backend\Matricula\src\main\java\com\escuelaposgrado\Matricula\dto\request\ComisionUnidadPosgradoRequest.java","ComisionUnidadPosgradoRequest::setMiembros","ComisionUnidadPosgradoRequest::setMiembros( String miembros)",102,104
3,1,8,0,3,"ComisionUnidadPosgradoRequest::getDescripcion@106-108@backend\Matricula\src\main\java\com\escuelaposgrado\Matricula\dto\request\ComisionUnidadPosgradoRequest.java","backend\Matricula\src\main\java\com\escuelaposgrado\Matricula\dto\request\ComisionUnidadPosgradoRequest.java","ComisionUnidadPosgradoRequest::getDescripcion","ComisionUnidadPosgradoRequest::getDescripcion()",106,108
3,1,13,1,3,"ComisionUnidadPosgradoRequest::setDescripcion@110-112@backend\Matricula\src\main\java\com\escuelaposgrado\Matricula\dto\request\ComisionUnidadPosgradoRequest.java","backend\Matricula\src\main\java\com\escuelaposgrado\Matricula\dto\request\ComisionUnidadPosgradoRequest.java","ComisionUnidadPosgradoRequest::setDescripcion","ComisionUnidadPosgradoRequest::setDescripcion( String descripcion)",110,112
3,1,8,0,3,"ComisionUnidadPosgradoRequest::getFunciones@114-116@backend\Matricula\src\main\java\com\escuelaposgrado\Matricula\dto\request\ComisionUnidadPosgradoRequest.java","backend\Matricula\src\main\java\com\escuelaposgrado\Matricula\dto\request\ComisionUnidadPosgradoRequest.java","ComisionUnidadPosgradoRequest::getFunciones","ComisionUnidadPosgradoRequest::getFunciones()",114,116
3,1,13,1,3,"ComisionUnidadPosgradoRequest::setFunciones@118-120@backend\Matricula\src\main\java\com\escuelaposgrado\Matricula\dto\request\ComisionUnidadPosgradoRequest.java","backend\Matricula\src\main\java\com\escuelaposgrado\Matricula\dto\request\ComisionUnidadPosgradoRequest.java","ComisionUnidadPosgradoRequest::setFunciones","ComisionUnidadPosgradoRequest::setFunciones( String funciones)",118,120
3,1,8,0,3,"ComisionUnidadPosgradoRequest::getFechaInicioGestion@122-124@backend\Matricula\src\main\java\com\escuelaposgrado\Matricula\dto\request\ComisionUnidadPosgradoRequest.java","backend\Matricula\src\main\java\com\escuelaposgrado\Matricula\dto\request\ComisionUnidadPosgradoRequest.java","ComisionUnidadPosgradoRequest::getFechaInicioGestion","ComisionUnidadPosgradoRequest::getFechaInicioGestion()",122,124
3,1,13,1,3,"ComisionUnidadPosgradoRequest::setFechaInicioGestion@126-128@backend\Matricula\src\main\java\com\escuelaposgrado\Matricula\dto\request\ComisionUnidadPosgradoRequest.java","backend\Matricula\src\main\java\com\escuelaposgrado\Matricula\dto\request\ComisionUnidadPosgradoRequest.java","ComisionUnidadPosgradoRequest::setFechaInicioGestion","ComisionUnidadPosgradoRequest::setFechaInicioGestion( LocalDateTime fechaInicioGestion)",126,128
3,1,8,0,3,"ComisionUnidadPosgradoRequest::getFechaFinGestion@130-132@backend\Matricula\src\main\java\com\escuelaposgrado\Matricula\dto\request\ComisionUnidadPosgradoRequest.java","backend\Matricula\src\main\java\com\escuelaposgrado\Matricula\dto\request\ComisionUnidadPosgradoRequest.java","ComisionUnidadPosgradoRequest::getFechaFinGestion","ComisionUnidadPosgradoRequest::getFechaFinGestion()",130,132
3,1,13,1,3,"ComisionUnidadPosgradoRequest::setFechaFinGestion@134-136@backend\Matricula\src\main\java\com\escuelaposgrado\Matricula\dto\request\ComisionUnidadPosgradoRequest.java","backend\Matricula\src\main\java\com\escuelaposgrado\Matricula\dto\request\ComisionUnidadPosgradoRequest.java","ComisionUnidadPosgradoRequest::setFechaFinGestion","ComisionUnidadPosgradoRequest::setFechaFinGestion( LocalDateTime fechaFinGestion)",134,136
3,1,8,0,3,"ComisionUnidadPosgradoRequest::getFacultadId@138-140@backend\Matricula\src\main\java\com\escuelaposgrado\Matricula\dto\request\ComisionUnidadPosgradoRequest.java","backend\Matricula\src\main\java\com\escuelaposgrado\Matricula\dto\request\ComisionUnidadPosgradoRequest.java","ComisionUnidadPosgradoRequest::getFacultadId","ComisionUnidadPosgradoRequest::getFacultadId()",138,140
3,1,13,1,3,"ComisionUnidadPosgradoRequest::setFacultadId@142-144@backend\Matricula\src\main\java\com\escuelaposgrado\Matricula\dto\request\ComisionUnidadPosgradoRequest.java","backend\Matricula\src\main\java\com\escuelaposgrado\Matricula\dto\request\ComisionUnidadPosgradoRequest.java","ComisionUnidadPosgradoRequest::setFacultadId","ComisionUnidadPosgradoRequest::setFacultadId( Long facultadId)",142,144
1,1,5,0,1,"FacultadRequest::FacultadRequest@26-26@backend\Matricula\src\main\java\com\escuelaposgrado\Matricula\dto\request\FacultadRequest.java","backend\Matricula\src\main\java\com\escuelaposgrado\Matricula\dto\request\FacultadRequest.java","FacultadRequest::FacultadRequest","FacultadRequest::FacultadRequest()",26,26
6,1,40,4,6,"FacultadRequest::FacultadRequest@28-33@backend\Matricula\src\main\java\com\escuelaposgrado\Matricula\dto\request\FacultadRequest.java","backend\Matricula\src\main\java\com\escuelaposgrado\Matricula\dto\request\FacultadRequest.java","FacultadRequest::FacultadRequest","FacultadRequest::FacultadRequest( String nombre , String codigo , String descripcion , String decano)",28,33
3,1,8,0,3,"FacultadRequest::getNombre@36-38@backend\Matricula\src\main\java\com\escuelaposgrado\Matricula\dto\request\FacultadRequest.java","backend\Matricula\src\main\java\com\escuelaposgrado\Matricula\dto\request\FacultadRequest.java","FacultadRequest::getNombre","FacultadRequest::getNombre()",36,38
3,1,13,1,3,"FacultadRequest::setNombre@40-42@backend\Matricula\src\main\java\com\escuelaposgrado\Matricula\dto\request\FacultadRequest.java","backend\Matricula\src\main\java\com\escuelaposgrado\Matricula\dto\request\FacultadRequest.java","FacultadRequest::setNombre","FacultadRequest::setNombre( String nombre)",40,42
3,1,8,0,3,"FacultadRequest::getCodigo@44-46@backend\Matricula\src\main\java\com\escuelaposgrado\Matricula\dto\request\FacultadRequest.java","backend\Matricula\src\main\java\com\escuelaposgrado\Matricula\dto\request\FacultadRequest.java","FacultadRequest::getCodigo","FacultadRequest::getCodigo()",44,46
3,1,13,1,3,"FacultadRequest::setCodigo@48-50@backend\Matricula\src\main\java\com\escuelaposgrado\Matricula\dto\request\FacultadRequest.java","backend\Matricula\src\main\java\com\escuelaposgrado\Matricula\dto\request\FacultadRequest.java","FacultadRequest::setCodigo","FacultadRequest::setCodigo( String codigo)",48,50
3,1,8,0,3,"FacultadRequest::getDescripcion@52-54@backend\Matricula\src\main\java\com\escuelaposgrado\Matricula\dto\request\FacultadRequest.java","backend\Matricula\src\main\java\com\escuelaposgrado\Matricula\dto\request\FacultadRequest.java","FacultadRequest::getDescripcion","FacultadRequest::getDescripcion()",52,54
3,1,13,1,3,"FacultadRequest::setDescripcion@56-58@backend\Matricula\src\main\java\com\escuelaposgrado\Matricula\dto\request\FacultadRequest.java","backend\Matricula\src\main\java\com\escuelaposgrado\Matricula\dto\request\FacultadRequest.java","FacultadRequest::setDescripcion","FacultadRequest::setDescripcion( String descripcion)",56,58
3,1,8,0,3,"FacultadRequest::getDecano@60-62@backend\Matricula\src\main\java\com\escuelaposgrado\Matricula\dto\request\FacultadRequest.java","backend\Matricula\src\main\java\com\escuelaposgrado\Matricula\dto\request\FacultadRequest.java","FacultadRequest::getDecano","FacultadRequest::getDecano()",60,62
3,1,13,1,3,"FacultadRequest::setDecano@64-66@backend\Matricula\src\main\java\com\escuelaposgrado\Matricula\dto\request\FacultadRequest.java","backend\Matricula\src\main\java\com\escuelaposgrado\Matricula\dto\request\FacultadRequest.java","FacultadRequest::setDecano","FacultadRequest::setDecano( String decano)",64,66
1,1,5,0,1,"MencionRequest::MencionRequest@30-30@backend\Matricula\src\main\java\com\escuelaposgrado\Matricula\dto\request\MencionRequest.java","backend\Matricula\src\main\java\com\escuelaposgrado\Matricula\dto\request\MencionRequest.java","MencionRequest::MencionRequest","MencionRequest::MencionRequest()",30,30
5,1,31,3,5,"MencionRequest::MencionRequest@32-36@backend\Matricula\src\main\java\com\escuelaposgrado\Matricula\dto\request\MencionRequest.java","backend\Matricula\src\main\java\com\escuelaposgrado\Matricula\dto\request\MencionRequest.java","MencionRequest::MencionRequest","MencionRequest::MencionRequest( String nombre , String codigo , Long programaEstudioId)",32,36
1,1,8,0,1,"MencionRequest::getNombre@39-39@backend\Matricula\src\main\java\com\escuelaposgrado\Matricula\dto\request\MencionRequest.java","backend\Matricula\src\main\java\com\escuelaposgrado\Matricula\dto\request\MencionRequest.java","MencionRequest::getNombre","MencionRequest::getNombre()",39,39
1,1,13,1,1,"MencionRequest::setNombre@40-40@backend\Matricula\src\main\java\com\escuelaposgrado\Matricula\dto\request\MencionRequest.java","backend\Matricula\src\main\java\com\escuelaposgrado\Matricula\dto\request\MencionRequest.java","MencionRequest::setNombre","MencionRequest::setNombre( String nombre)",40,40
1,1,8,0,1,"MencionRequest::getCodigo@42-42@backend\Matricula\src\main\java\com\escuelaposgrado\Matricula\dto\request\MencionRequest.java","backend\Matricula\src\main\java\com\escuelaposgrado\Matricula\dto\request\MencionRequest.java","MencionRequest::getCodigo","MencionRequest::getCodigo()",42,42
1,1,13,1,1,"MencionRequest::setCodigo@43-43@backend\Matricula\src\main\java\com\escuelaposgrado\Matricula\dto\request\MencionRequest.java","backend\Matricula\src\main\java\com\escuelaposgrado\Matricula\dto\request\MencionRequest.java","MencionRequest::setCodigo","MencionRequest::setCodigo( String codigo)",43,43
1,1,8,0,1,"MencionRequest::getDescripcion@45-45@backend\Matricula\src\main\java\com\escuelaposgrado\Matricula\dto\request\MencionRequest.java","backend\Matricula\src\main\java\com\escuelaposgrado\Matricula\dto\request\MencionRequest.java","MencionRequest::getDescripcion","MencionRequest::getDescripcion()",45,45
1,1,13,1,1,"MencionRequest::setDescripcion@46-46@backend\Matricula\src\main\java\com\escuelaposgrado\Matricula\dto\request\MencionRequest.java","backend\Matricula\src\main\java\com\escuelaposgrado\Matricula\dto\request\MencionRequest.java","MencionRequest::setDescripcion","MencionRequest::setDescripcion( String descripcion)",46,46
1,1,8,0,1,"MencionRequest::getRequisitos@48-48@backend\Matricula\src\main\java\com\escuelaposgrado\Matricula\dto\request\MencionRequest.java","backend\Matricula\src\main\java\com\escuelaposgrado\Matricula\dto\request\MencionRequest.java","MencionRequest::getRequisitos","MencionRequest::getRequisitos()",48,48
1,1,13,1,1,"MencionRequest::setRequisitos@49-49@backend\Matricula\src\main\java\com\escuelaposgrado\Matricula\dto\request\MencionRequest.java","backend\Matricula\src\main\java\com\escuelaposgrado\Matricula\dto\request\MencionRequest.java","MencionRequest::setRequisitos","MencionRequest::setRequisitos( String requisitos)",49,49
1,1,8,0,1,"MencionRequest::getProgramaEstudioId@51-51@backend\Matricula\src\main\java\com\escuelaposgrado\Matricula\dto\request\MencionRequest.java","backend\Matricula\src\main\java\com\escuelaposgrado\Matricula\dto\request\MencionRequest.java","MencionRequest::getProgramaEstudioId","MencionRequest::getProgramaEstudioId()",51,51
1,1,13,1,1,"MencionRequest::setProgramaEstudioId@52-52@backend\Matricula\src\main\java\com\escuelaposgrado\Matricula\dto\request\MencionRequest.java","backend\Matricula\src\main\java\com\escuelaposgrado\Matricula\dto\request\MencionRequest.java","MencionRequest::setProgramaEstudioId","MencionRequest::setProgramaEstudioId( Long programaEstudioId)",52,52
1,1,5,0,1,"PeriodoAcademicoRequest::PeriodoAcademicoRequest@44-44@backend\Matricula\src\main\java\com\escuelaposgrado\Matricula\dto\request\PeriodoAcademicoRequest.java","backend\Matricula\src\main\java\com\escuelaposgrado\Matricula\dto\request\PeriodoAcademicoRequest.java","PeriodoAcademicoRequest::PeriodoAcademicoRequest","PeriodoAcademicoRequest::PeriodoAcademicoRequest()",44,44
1,1,8,0,1,"PeriodoAcademicoRequest::getNombre@47-47@backend\Matricula\src\main\java\com\escuelaposgrado\Matricula\dto\request\PeriodoAcademicoRequest.java","backend\Matricula\src\main\java\com\escuelaposgrado\Matricula\dto\request\PeriodoAcademicoRequest.java","PeriodoAcademicoRequest::getNombre","PeriodoAcademicoRequest::getNombre()",47,47
1,1,13,1,1,"PeriodoAcademicoRequest::setNombre@48-48@backend\Matricula\src\main\java\com\escuelaposgrado\Matricula\dto\request\PeriodoAcademicoRequest.java","backend\Matricula\src\main\java\com\escuelaposgrado\Matricula\dto\request\PeriodoAcademicoRequest.java","PeriodoAcademicoRequest::setNombre","PeriodoAcademicoRequest::setNombre( String nombre)",48,48
1,1,8,0,1,"PeriodoAcademicoRequest::getCodigo@50-50@backend\Matricula\src\main\java\com\escuelaposgrado\Matricula\dto\request\PeriodoAcademicoRequest.java","backend\Matricula\src\main\java\com\escuelaposgrado\Matricula\dto\request\PeriodoAcademicoRequest.java","PeriodoAcademicoRequest::getCodigo","PeriodoAcademicoRequest::getCodigo()",50,50
1,1,13,1,1,"PeriodoAcademicoRequest::setCodigo@51-51@backend\Matricula\src\main\java\com\escuelaposgrado\Matricula\dto\request\PeriodoAcademicoRequest.java","backend\Matricula\src\main\java\com\escuelaposgrado\Matricula\dto\request\PeriodoAcademicoRequest.java","PeriodoAcademicoRequest::setCodigo","PeriodoAcademicoRequest::setCodigo( String codigo)",51,51
1,1,8,0,1,"PeriodoAcademicoRequest::getAnio@53-53@backend\Matricula\src\main\java\com\escuelaposgrado\Matricula\dto\request\PeriodoAcademicoRequest.java","backend\Matricula\src\main\java\com\escuelaposgrado\Matricula\dto\request\PeriodoAcademicoRequest.java","PeriodoAcademicoRequest::getAnio","PeriodoAcademicoRequest::getAnio()",53,53
1,1,13,1,1,"PeriodoAcademicoRequest::setAnio@54-54@backend\Matricula\src\main\java\com\escuelaposgrado\Matricula\dto\request\PeriodoAcademicoRequest.java","backend\Matricula\src\main\java\com\escuelaposgrado\Matricula\dto\request\PeriodoAcademicoRequest.java","PeriodoAcademicoRequest::setAnio","PeriodoAcademicoRequest::setAnio( String anio)",54,54
1,1,8,0,1,"PeriodoAcademicoRequest::getSemestre@56-56@backend\Matricula\src\main\java\com\escuelaposgrado\Matricula\dto\request\PeriodoAcademicoRequest.java","backend\Matricula\src\main\java\com\escuelaposgrado\Matricula\dto\request\PeriodoAcademicoRequest.java","PeriodoAcademicoRequest::getSemestre","PeriodoAcademicoRequest::getSemestre()",56,56
1,1,13,1,1,"PeriodoAcademicoRequest::setSemestre@57-57@backend\Matricula\src\main\java\com\escuelaposgrado\Matricula\dto\request\PeriodoAcademicoRequest.java","backend\Matricula\src\main\java\com\escuelaposgrado\Matricula\dto\request\PeriodoAcademicoRequest.java","PeriodoAcademicoRequest::setSemestre","PeriodoAcademicoRequest::setSemestre( String semestre)",57,57
1,1,8,0,1,"PeriodoAcademicoRequest::getFechaInicio@59-59@backend\Matricula\src\main\java\com\escuelaposgrado\Matricula\dto\request\PeriodoAcademicoRequest.java","backend\Matricula\src\main\java\com\escuelaposgrado\Matricula\dto\request\PeriodoAcademicoRequest.java","PeriodoAcademicoRequest::getFechaInicio","PeriodoAcademicoRequest::getFechaInicio()",59,59
1,1,13,1,1,"PeriodoAcademicoRequest::setFechaInicio@60-60@backend\Matricula\src\main\java\com\escuelaposgrado\Matricula\dto\request\PeriodoAcademicoRequest.java","backend\Matricula\src\main\java\com\escuelaposgrado\Matricula\dto\request\PeriodoAcademicoRequest.java","PeriodoAcademicoRequest::setFechaInicio","PeriodoAcademicoRequest::setFechaInicio( LocalDateTime fechaInicio)",60,60
1,1,8,0,1,"PeriodoAcademicoRequest::getFechaFin@62-62@backend\Matricula\src\main\java\com\escuelaposgrado\Matricula\dto\request\PeriodoAcademicoRequest.java","backend\Matricula\src\main\java\com\escuelaposgrado\Matricula\dto\request\PeriodoAcademicoRequest.java","PeriodoAcademicoRequest::getFechaFin","PeriodoAcademicoRequest::getFechaFin()",62,62
1,1,13,1,1,"PeriodoAcademicoRequest::setFechaFin@63-63@backend\Matricula\src\main\java\com\escuelaposgrado\Matricula\dto\request\PeriodoAcademicoRequest.java","backend\Matricula\src\main\java\com\escuelaposgrado\Matricula\dto\request\PeriodoAcademicoRequest.java","PeriodoAcademicoRequest::setFechaFin","PeriodoAcademicoRequest::setFechaFin( LocalDateTime fechaFin)",63,63
1,1,8,0,1,"PeriodoAcademicoRequest::getFechaInicioMatricula@65-65@backend\Matricula\src\main\java\com\escuelaposgrado\Matricula\dto\request\PeriodoAcademicoRequest.java","backend\Matricula\src\main\java\com\escuelaposgrado\Matricula\dto\request\PeriodoAcademicoRequest.java","PeriodoAcademicoRequest::getFechaInicioMatricula","PeriodoAcademicoRequest::getFechaInicioMatricula()",65,65
1,1,13,1,1,"PeriodoAcademicoRequest::setFechaInicioMatricula@66-66@backend\Matricula\src\main\java\com\escuelaposgrado\Matricula\dto\request\PeriodoAcademicoRequest.java","backend\Matricula\src\main\java\com\escuelaposgrado\Matricula\dto\request\PeriodoAcademicoRequest.java","PeriodoAcademicoRequest::setFechaInicioMatricula","PeriodoAcademicoRequest::setFechaInicioMatricula( LocalDateTime fechaInicioMatricula)",66,66
1,1,8,0,1,"PeriodoAcademicoRequest::getFechaFinMatricula@68-68@backend\Matricula\src\main\java\com\escuelaposgrado\Matricula\dto\request\PeriodoAcademicoRequest.java","backend\Matricula\src\main\java\com\escuelaposgrado\Matricula\dto\request\PeriodoAcademicoRequest.java","PeriodoAcademicoRequest::getFechaFinMatricula","PeriodoAcademicoRequest::getFechaFinMatricula()",68,68
1,1,13,1,1,"PeriodoAcademicoRequest::setFechaFinMatricula@69-69@backend\Matricula\src\main\java\com\escuelaposgrado\Matricula\dto\request\PeriodoAcademicoRequest.java","backend\Matricula\src\main\java\com\escuelaposgrado\Matricula\dto\request\PeriodoAcademicoRequest.java","PeriodoAcademicoRequest::setFechaFinMatricula","PeriodoAcademicoRequest::setFechaFinMatricula( LocalDateTime fechaFinMatricula)",69,69
1,1,8,0,1,"PeriodoAcademicoRequest::getHabilitado@71-71@backend\Matricula\src\main\java\com\escuelaposgrado\Matricula\dto\request\PeriodoAcademicoRequest.java","backend\Matricula\src\main\java\com\escuelaposgrado\Matricula\dto\request\PeriodoAcademicoRequest.java","PeriodoAcademicoRequest::getHabilitado","PeriodoAcademicoRequest::getHabilitado()",71,71
1,1,13,1,1,"PeriodoAcademicoRequest::setHabilitado@72-72@backend\Matricula\src\main\java\com\escuelaposgrado\Matricula\dto\request\PeriodoAcademicoRequest.java","backend\Matricula\src\main\java\com\escuelaposgrado\Matricula\dto\request\PeriodoAcademicoRequest.java","PeriodoAcademicoRequest::setHabilitado","PeriodoAcademicoRequest::setHabilitado( Boolean habilitado)",72,72
1,1,8,0,1,"PeriodoAcademicoRequest::getDescripcion@74-74@backend\Matricula\src\main\java\com\escuelaposgrado\Matricula\dto\request\PeriodoAcademicoRequest.java","backend\Matricula\src\main\java\com\escuelaposgrado\Matricula\dto\request\PeriodoAcademicoRequest.java","PeriodoAcademicoRequest::getDescripcion","PeriodoAcademicoRequest::getDescripcion()",74,74
1,1,13,1,1,"PeriodoAcademicoRequest::setDescripcion@75-75@backend\Matricula\src\main\java\com\escuelaposgrado\Matricula\dto\request\PeriodoAcademicoRequest.java","backend\Matricula\src\main\java\com\escuelaposgrado\Matricula\dto\request\PeriodoAcademicoRequest.java","PeriodoAcademicoRequest::setDescripcion","PeriodoAcademicoRequest::setDescripcion( String descripcion)",75,75
1,1,5,0,1,"ProgramaEstudioRequest::ProgramaEstudioRequest@43-43@backend\Matricula\src\main\java\com\escuelaposgrado\Matricula\dto\request\ProgramaEstudioRequest.java","backend\Matricula\src\main\java\com\escuelaposgrado\Matricula\dto\request\ProgramaEstudioRequest.java","ProgramaEstudioRequest::ProgramaEstudioRequest","ProgramaEstudioRequest::ProgramaEstudioRequest()",43,43
13,1,85,9,13,"ProgramaEstudioRequest::ProgramaEstudioRequest@45-57@backend\Matricula\src\main\java\com\escuelaposgrado\Matricula\dto\request\ProgramaEstudioRequest.java","backend\Matricula\src\main\java\com\escuelaposgrado\Matricula\dto\request\ProgramaEstudioRequest.java","ProgramaEstudioRequest::ProgramaEstudioRequest","ProgramaEstudioRequest::ProgramaEstudioRequest( String nombre , String codigo , String nivel , String modalidad , Integer duracionSemestres , Integer creditosTotales , String descripcion , String objetivos , Long facultadId)",45,57
3,1,8,0,3,"ProgramaEstudioRequest::getNombre@60-62@backend\Matricula\src\main\java\com\escuelaposgrado\Matricula\dto\request\ProgramaEstudioRequest.java","backend\Matricula\src\main\java\com\escuelaposgrado\Matricula\dto\request\ProgramaEstudioRequest.java","ProgramaEstudioRequest::getNombre","ProgramaEstudioRequest::getNombre()",60,62
3,1,13,1,3,"ProgramaEstudioRequest::setNombre@64-66@backend\Matricula\src\main\java\com\escuelaposgrado\Matricula\dto\request\ProgramaEstudioRequest.java","backend\Matricula\src\main\java\com\escuelaposgrado\Matricula\dto\request\ProgramaEstudioRequest.java","ProgramaEstudioRequest::setNombre","ProgramaEstudioRequest::setNombre( String nombre)",64,66
3,1,8,0,3,"ProgramaEstudioRequest::getCodigo@68-70@backend\Matricula\src\main\java\com\escuelaposgrado\Matricula\dto\request\ProgramaEstudioRequest.java","backend\Matricula\src\main\java\com\escuelaposgrado\Matricula\dto\request\ProgramaEstudioRequest.java","ProgramaEstudioRequest::getCodigo","ProgramaEstudioRequest::getCodigo()",68,70
3,1,13,1,3,"ProgramaEstudioRequest::setCodigo@72-74@backend\Matricula\src\main\java\com\escuelaposgrado\Matricula\dto\request\ProgramaEstudioRequest.java","backend\Matricula\src\main\java\com\escuelaposgrado\Matricula\dto\request\ProgramaEstudioRequest.java","ProgramaEstudioRequest::setCodigo","ProgramaEstudioRequest::setCodigo( String codigo)",72,74
3,1,8,0,3,"ProgramaEstudioRequest::getNivel@76-78@backend\Matricula\src\main\java\com\escuelaposgrado\Matricula\dto\request\ProgramaEstudioRequest.java","backend\Matricula\src\main\java\com\escuelaposgrado\Matricula\dto\request\ProgramaEstudioRequest.java","ProgramaEstudioRequest::getNivel","ProgramaEstudioRequest::getNivel()",76,78
3,1,13,1,3,"ProgramaEstudioRequest::setNivel@80-82@backend\Matricula\src\main\java\com\escuelaposgrado\Matricula\dto\request\ProgramaEstudioRequest.java","backend\Matricula\src\main\java\com\escuelaposgrado\Matricula\dto\request\ProgramaEstudioRequest.java","ProgramaEstudioRequest::setNivel","ProgramaEstudioRequest::setNivel( String nivel)",80,82
3,1,8,0,3,"ProgramaEstudioRequest::getModalidad@84-86@backend\Matricula\src\main\java\com\escuelaposgrado\Matricula\dto\request\ProgramaEstudioRequest.java","backend\Matricula\src\main\java\com\escuelaposgrado\Matricula\dto\request\ProgramaEstudioRequest.java","ProgramaEstudioRequest::getModalidad","ProgramaEstudioRequest::getModalidad()",84,86
3,1,13,1,3,"ProgramaEstudioRequest::setModalidad@88-90@backend\Matricula\src\main\java\com\escuelaposgrado\Matricula\dto\request\ProgramaEstudioRequest.java","backend\Matricula\src\main\java\com\escuelaposgrado\Matricula\dto\request\ProgramaEstudioRequest.java","ProgramaEstudioRequest::setModalidad","ProgramaEstudioRequest::setModalidad( String modalidad)",88,90
3,1,8,0,3,"ProgramaEstudioRequest::getDuracionSemestres@92-94@backend\Matricula\src\main\java\com\escuelaposgrado\Matricula\dto\request\ProgramaEstudioRequest.java","backend\Matricula\src\main\java\com\escuelaposgrado\Matricula\dto\request\ProgramaEstudioRequest.java","ProgramaEstudioRequest::getDuracionSemestres","ProgramaEstudioRequest::getDuracionSemestres()",92,94
3,1,13,1,3,"ProgramaEstudioRequest::setDuracionSemestres@96-98@backend\Matricula\src\main\java\com\escuelaposgrado\Matricula\dto\request\ProgramaEstudioRequest.java","backend\Matricula\src\main\java\com\escuelaposgrado\Matricula\dto\request\ProgramaEstudioRequest.java","ProgramaEstudioRequest::setDuracionSemestres","ProgramaEstudioRequest::setDuracionSemestres( Integer duracionSemestres)",96,98
3,1,8,0,3,"ProgramaEstudioRequest::getCreditosTotales@100-102@backend\Matricula\src\main\java\com\escuelaposgrado\Matricula\dto\request\ProgramaEstudioRequest.java","backend\Matricula\src\main\java\com\escuelaposgrado\Matricula\dto\request\ProgramaEstudioRequest.java","ProgramaEstudioRequest::getCreditosTotales","ProgramaEstudioRequest::getCreditosTotales()",100,102
3,1,13,1,3,"ProgramaEstudioRequest::setCreditosTotales@104-106@backend\Matricula\src\main\java\com\escuelaposgrado\Matricula\dto\request\ProgramaEstudioRequest.java","backend\Matricula\src\main\java\com\escuelaposgrado\Matricula\dto\request\ProgramaEstudioRequest.java","ProgramaEstudioRequest::setCreditosTotales","ProgramaEstudioRequest::setCreditosTotales( Integer creditosTotales)",104,106
3,1,8,0,3,"ProgramaEstudioRequest::getDescripcion@108-110@backend\Matricula\src\main\java\com\escuelaposgrado\Matricula\dto\request\ProgramaEstudioRequest.java","backend\Matricula\src\main\java\com\escuelaposgrado\Matricula\dto\request\ProgramaEstudioRequest.java","ProgramaEstudioRequest::getDescripcion","ProgramaEstudioRequest::getDescripcion()",108,110
3,1,13,1,3,"ProgramaEstudioRequest::setDescripcion@112-114@backend\Matricula\src\main\java\com\escuelaposgrado\Matricula\dto\request\ProgramaEstudioRequest.java","backend\Matricula\src\main\java\com\escuelaposgrado\Matricula\dto\request\ProgramaEstudioRequest.java","ProgramaEstudioRequest::setDescripcion","ProgramaEstudioRequest::setDescripcion( String descripcion)",112,114
3,1,8,0,3,"ProgramaEstudioRequest::getObjetivos@116-118@backend\Matricula\src\main\java\com\escuelaposgrado\Matricula\dto\request\ProgramaEstudioRequest.java","backend\Matricula\src\main\java\com\escuelaposgrado\Matricula\dto\request\ProgramaEstudioRequest.java","ProgramaEstudioRequest::getObjetivos","ProgramaEstudioRequest::getObjetivos()",116,118
3,1,13,1,3,"ProgramaEstudioRequest::setObjetivos@120-122@backend\Matricula\src\main\java\com\escuelaposgrado\Matricula\dto\request\ProgramaEstudioRequest.java","backend\Matricula\src\main\java\com\escuelaposgrado\Matricula\dto\request\ProgramaEstudioRequest.java","ProgramaEstudioRequest::setObjetivos","ProgramaEstudioRequest::setObjetivos( String objetivos)",120,122
3,1,8,0,3,"ProgramaEstudioRequest::getFacultadId@124-126@backend\Matricula\src\main\java\com\escuelaposgrado\Matricula\dto\request\ProgramaEstudioRequest.java","backend\Matricula\src\main\java\com\escuelaposgrado\Matricula\dto\request\ProgramaEstudioRequest.java","ProgramaEstudioRequest::getFacultadId","ProgramaEstudioRequest::getFacultadId()",124,126
3,1,13,1,3,"ProgramaEstudioRequest::setFacultadId@128-130@backend\Matricula\src\main\java\com\escuelaposgrado\Matricula\dto\request\ProgramaEstudioRequest.java","backend\Matricula\src\main\java\com\escuelaposgrado\Matricula\dto\request\ProgramaEstudioRequest.java","ProgramaEstudioRequest::setFacultadId","ProgramaEstudioRequest::setFacultadId( Long facultadId)",128,130
1,1,5,0,1,"SedeRequest::SedeRequest@32-32@backend\Matricula\src\main\java\com\escuelaposgrado\Matricula\dto\request\SedeRequest.java","backend\Matricula\src\main\java\com\escuelaposgrado\Matricula\dto\request\SedeRequest.java","SedeRequest::SedeRequest","SedeRequest::SedeRequest()",32,32
7,1,49,5,7,"SedeRequest::SedeRequest@34-40@backend\Matricula\src\main\java\com\escuelaposgrado\Matricula\dto\request\SedeRequest.java","backend\Matricula\src\main\java\com\escuelaposgrado\Matricula\dto\request\SedeRequest.java","SedeRequest::SedeRequest","SedeRequest::SedeRequest( String nombre , String codigo , String direccion , String telefono , String email)",34,40
3,1,8,0,3,"SedeRequest::getNombre@43-45@backend\Matricula\src\main\java\com\escuelaposgrado\Matricula\dto\request\SedeRequest.java","backend\Matricula\src\main\java\com\escuelaposgrado\Matricula\dto\request\SedeRequest.java","SedeRequest::getNombre","SedeRequest::getNombre()",43,45
3,1,13,1,3,"SedeRequest::setNombre@47-49@backend\Matricula\src\main\java\com\escuelaposgrado\Matricula\dto\request\SedeRequest.java","backend\Matricula\src\main\java\com\escuelaposgrado\Matricula\dto\request\SedeRequest.java","SedeRequest::setNombre","SedeRequest::setNombre( String nombre)",47,49
3,1,8,0,3,"SedeRequest::getCodigo@51-53@backend\Matricula\src\main\java\com\escuelaposgrado\Matricula\dto\request\SedeRequest.java","backend\Matricula\src\main\java\com\escuelaposgrado\Matricula\dto\request\SedeRequest.java","SedeRequest::getCodigo","SedeRequest::getCodigo()",51,53
3,1,13,1,3,"SedeRequest::setCodigo@55-57@backend\Matricula\src\main\java\com\escuelaposgrado\Matricula\dto\request\SedeRequest.java","backend\Matricula\src\main\java\com\escuelaposgrado\Matricula\dto\request\SedeRequest.java","SedeRequest::setCodigo","SedeRequest::setCodigo( String codigo)",55,57
3,1,8,0,3,"SedeRequest::getDireccion@59-61@backend\Matricula\src\main\java\com\escuelaposgrado\Matricula\dto\request\SedeRequest.java","backend\Matricula\src\main\java\com\escuelaposgrado\Matricula\dto\request\SedeRequest.java","SedeRequest::getDireccion","SedeRequest::getDireccion()",59,61
3,1,13,1,3,"SedeRequest::setDireccion@63-65@backend\Matricula\src\main\java\com\escuelaposgrado\Matricula\dto\request\SedeRequest.java","backend\Matricula\src\main\java\com\escuelaposgrado\Matricula\dto\request\SedeRequest.java","SedeRequest::setDireccion","SedeRequest::setDireccion( String direccion)",63,65
3,1,8,0,3,"SedeRequest::getTelefono@67-69@backend\Matricula\src\main\java\com\escuelaposgrado\Matricula\dto\request\SedeRequest.java","backend\Matricula\src\main\java\com\escuelaposgrado\Matricula\dto\request\SedeRequest.java","SedeRequest::getTelefono","SedeRequest::getTelefono()",67,69
3,1,13,1,3,"SedeRequest::setTelefono@71-73@backend\Matricula\src\main\java\com\escuelaposgrado\Matricula\dto\request\SedeRequest.java","backend\Matricula\src\main\java\com\escuelaposgrado\Matricula\dto\request\SedeRequest.java","SedeRequest::setTelefono","SedeRequest::setTelefono( String telefono)",71,73
3,1,8,0,3,"SedeRequest::getEmail@75-77@backend\Matricula\src\main\java\com\escuelaposgrado\Matricula\dto\request\SedeRequest.java","backend\Matricula\src\main\java\com\escuelaposgrado\Matricula\dto\request\SedeRequest.java","SedeRequest::getEmail","SedeRequest::getEmail()",75,77
3,1,13,1,3,"SedeRequest::setEmail@79-81@backend\Matricula\src\main\java\com\escuelaposgrado\Matricula\dto\request\SedeRequest.java","backend\Matricula\src\main\java\com\escuelaposgrado\Matricula\dto\request\SedeRequest.java","SedeRequest::setEmail","SedeRequest::setEmail( String email)",79,81
1,1,5,0,1,"TasaPagoRequest::TasaPagoRequest@47-47@backend\Matricula\src\main\java\com\escuelaposgrado\Matricula\dto\request\TasaPagoRequest.java","backend\Matricula\src\main\java\com\escuelaposgrado\Matricula\dto\request\TasaPagoRequest.java","TasaPagoRequest::TasaPagoRequest","TasaPagoRequest::TasaPagoRequest()",47,47
15,1,94,10,15,"TasaPagoRequest::TasaPagoRequest@49-63@backend\Matricula\src\main\java\com\escuelaposgrado\Matricula\dto\request\TasaPagoRequest.java","backend\Matricula\src\main\java\com\escuelaposgrado\Matricula\dto\request\TasaPagoRequest.java","TasaPagoRequest::TasaPagoRequest","TasaPagoRequest::TasaPagoRequest( String concepto , String codigo , BigDecimal monto , String moneda , String tipo , Boolean obligatorio , String descripcion , LocalDateTime fechaVigenciaInicio , LocalDateTime fechaVigenciaFin , Long programaEstudioId)",49,63
3,1,8,0,3,"TasaPagoRequest::getConcepto@66-68@backend\Matricula\src\main\java\com\escuelaposgrado\Matricula\dto\request\TasaPagoRequest.java","backend\Matricula\src\main\java\com\escuelaposgrado\Matricula\dto\request\TasaPagoRequest.java","TasaPagoRequest::getConcepto","TasaPagoRequest::getConcepto()",66,68
3,1,13,1,3,"TasaPagoRequest::setConcepto@70-72@backend\Matricula\src\main\java\com\escuelaposgrado\Matricula\dto\request\TasaPagoRequest.java","backend\Matricula\src\main\java\com\escuelaposgrado\Matricula\dto\request\TasaPagoRequest.java","TasaPagoRequest::setConcepto","TasaPagoRequest::setConcepto( String concepto)",70,72
3,1,8,0,3,"TasaPagoRequest::getCodigo@74-76@backend\Matricula\src\main\java\com\escuelaposgrado\Matricula\dto\request\TasaPagoRequest.java","backend\Matricula\src\main\java\com\escuelaposgrado\Matricula\dto\request\TasaPagoRequest.java","TasaPagoRequest::getCodigo","TasaPagoRequest::getCodigo()",74,76
3,1,13,1,3,"TasaPagoRequest::setCodigo@78-80@backend\Matricula\src\main\java\com\escuelaposgrado\Matricula\dto\request\TasaPagoRequest.java","backend\Matricula\src\main\java\com\escuelaposgrado\Matricula\dto\request\TasaPagoRequest.java","TasaPagoRequest::setCodigo","TasaPagoRequest::setCodigo( String codigo)",78,80
3,1,8,0,3,"TasaPagoRequest::getMonto@82-84@backend\Matricula\src\main\java\com\escuelaposgrado\Matricula\dto\request\TasaPagoRequest.java","backend\Matricula\src\main\java\com\escuelaposgrado\Matricula\dto\request\TasaPagoRequest.java","TasaPagoRequest::getMonto","TasaPagoRequest::getMonto()",82,84
3,1,13,1,3,"TasaPagoRequest::setMonto@86-88@backend\Matricula\src\main\java\com\escuelaposgrado\Matricula\dto\request\TasaPagoRequest.java","backend\Matricula\src\main\java\com\escuelaposgrado\Matricula\dto\request\TasaPagoRequest.java","TasaPagoRequest::setMonto","TasaPagoRequest::setMonto( BigDecimal monto)",86,88
3,1,8,0,3,"TasaPagoRequest::getMoneda@90-92@backend\Matricula\src\main\java\com\escuelaposgrado\Matricula\dto\request\TasaPagoRequest.java","backend\Matricula\src\main\java\com\escuelaposgrado\Matricula\dto\request\TasaPagoRequest.java","TasaPagoRequest::getMoneda","TasaPagoRequest::getMoneda()",90,92
3,1,13,1,3,"TasaPagoRequest::setMoneda@94-96@backend\Matricula\src\main\java\com\escuelaposgrado\Matricula\dto\request\TasaPagoRequest.java","backend\Matricula\src\main\java\com\escuelaposgrado\Matricula\dto\request\TasaPagoRequest.java","TasaPagoRequest::setMoneda","TasaPagoRequest::setMoneda( String moneda)",94,96
3,1,8,0,3,"TasaPagoRequest::getTipo@98-100@backend\Matricula\src\main\java\com\escuelaposgrado\Matricula\dto\request\TasaPagoRequest.java","backend\Matricula\src\main\java\com\escuelaposgrado\Matricula\dto\request\TasaPagoRequest.java","TasaPagoRequest::getTipo","TasaPagoRequest::getTipo()",98,100
3,1,13,1,3,"TasaPagoRequest::setTipo@102-104@backend\Matricula\src\main\java\com\escuelaposgrado\Matricula\dto\request\TasaPagoRequest.java","backend\Matricula\src\main\java\com\escuelaposgrado\Matricula\dto\request\TasaPagoRequest.java","TasaPagoRequest::setTipo","TasaPagoRequest::setTipo( String tipo)",102,104
3,1,8,0,3,"TasaPagoRequest::getObligatorio@106-108@backend\Matricula\src\main\java\com\escuelaposgrado\Matricula\dto\request\TasaPagoRequest.java","backend\Matricula\src\main\java\com\escuelaposgrado\Matricula\dto\request\TasaPagoRequest.java","TasaPagoRequest::getObligatorio","TasaPagoRequest::getObligatorio()",106,108
3,1,13,1,3,"TasaPagoRequest::setObligatorio@110-112@backend\Matricula\src\main\java\com\escuelaposgrado\Matricula\dto\request\TasaPagoRequest.java","backend\Matricula\src\main\java\com\escuelaposgrado\Matricula\dto\request\TasaPagoRequest.java","TasaPagoRequest::setObligatorio","TasaPagoRequest::setObligatorio( Boolean obligatorio)",110,112
3,1,8,0,3,"TasaPagoRequest::getDescripcion@114-116@backend\Matricula\src\main\java\com\escuelaposgrado\Matricula\dto\request\TasaPagoRequest.java","backend\Matricula\src\main\java\com\escuelaposgrado\Matricula\dto\request\TasaPagoRequest.java","TasaPagoRequest::getDescripcion","TasaPagoRequest::getDescripcion()",114,116
3,1,13,1,3,"TasaPagoRequest::setDescripcion@118-120@backend\Matricula\src\main\java\com\escuelaposgrado\Matricula\dto\request\TasaPagoRequest.java","backend\Matricula\src\main\java\com\escuelaposgrado\Matricula\dto\request\TasaPagoRequest.java","TasaPagoRequest::setDescripcion","TasaPagoRequest::setDescripcion( String descripcion)",118,120
3,1,8,0,3,"TasaPagoRequest::getFechaVigenciaInicio@122-124@backend\Matricula\src\main\java\com\escuelaposgrado\Matricula\dto\request\TasaPagoRequest.java","backend\Matricula\src\main\java\com\escuelaposgrado\Matricula\dto\request\TasaPagoRequest.java","TasaPagoRequest::getFechaVigenciaInicio","TasaPagoRequest::getFechaVigenciaInicio()",122,124
3,1,13,1,3,"TasaPagoRequest::setFechaVigenciaInicio@126-128@backend\Matricula\src\main\java\com\escuelaposgrado\Matricula\dto\request\TasaPagoRequest.java","backend\Matricula\src\main\java\com\escuelaposgrado\Matricula\dto\request\TasaPagoRequest.java","TasaPagoRequest::setFechaVigenciaInicio","TasaPagoRequest::setFechaVigenciaInicio( LocalDateTime fechaVigenciaInicio)",126,128
3,1,8,0,3,"TasaPagoRequest::getFechaVigenciaFin@130-132@backend\Matricula\src\main\java\com\escuelaposgrado\Matricula\dto\request\TasaPagoRequest.java","backend\Matricula\src\main\java\com\escuelaposgrado\Matricula\dto\request\TasaPagoRequest.java","TasaPagoRequest::getFechaVigenciaFin","TasaPagoRequest::getFechaVigenciaFin()",130,132
3,1,13,1,3,"TasaPagoRequest::setFechaVigenciaFin@134-136@backend\Matricula\src\main\java\com\escuelaposgrado\Matricula\dto\request\TasaPagoRequest.java","backend\Matricula\src\main\java\com\escuelaposgrado\Matricula\dto\request\TasaPagoRequest.java","TasaPagoRequest::setFechaVigenciaFin","TasaPagoRequest::setFechaVigenciaFin( LocalDateTime fechaVigenciaFin)",134,136
3,1,8,0,3,"TasaPagoRequest::getProgramaEstudioId@138-140@backend\Matricula\src\main\java\com\escuelaposgrado\Matricula\dto\request\TasaPagoRequest.java","backend\Matricula\src\main\java\com\escuelaposgrado\Matricula\dto\request\TasaPagoRequest.java","TasaPagoRequest::getProgramaEstudioId","TasaPagoRequest::getProgramaEstudioId()",138,140
3,1,13,1,3,"TasaPagoRequest::setProgramaEstudioId@142-144@backend\Matricula\src\main\java\com\escuelaposgrado\Matricula\dto\request\TasaPagoRequest.java","backend\Matricula\src\main\java\com\escuelaposgrado\Matricula\dto\request\TasaPagoRequest.java","TasaPagoRequest::setProgramaEstudioId","TasaPagoRequest::setProgramaEstudioId( Long programaEstudioId)",142,144
14,1,60,0,14,"TasaPagoRequest::toString@147-160@backend\Matricula\src\main\java\com\escuelaposgrado\Matricula\dto\request\TasaPagoRequest.java","backend\Matricula\src\main\java\com\escuelaposgrado\Matricula\dto\request\TasaPagoRequest.java","TasaPagoRequest::toString","TasaPagoRequest::toString()",147,160
1,1,5,0,1,"TurnoMatriculaRequest::TurnoMatriculaRequest@48-48@backend\Matricula\src\main\java\com\escuelaposgrado\Matricula\dto\request\TurnoMatriculaRequest.java","backend\Matricula\src\main\java\com\escuelaposgrado\Matricula\dto\request\TurnoMatriculaRequest.java","TurnoMatriculaRequest::TurnoMatriculaRequest","TurnoMatriculaRequest::TurnoMatriculaRequest()",48,48
15,1,94,10,15,"TurnoMatriculaRequest::TurnoMatriculaRequest@50-64@backend\Matricula\src\main\java\com\escuelaposgrado\Matricula\dto\request\TurnoMatriculaRequest.java","backend\Matricula\src\main\java\com\escuelaposgrado\Matricula\dto\request\TurnoMatriculaRequest.java","TurnoMatriculaRequest::TurnoMatriculaRequest","TurnoMatriculaRequest::TurnoMatriculaRequest( String nombre , String codigo , LocalDateTime fechaInicio , LocalDateTime fechaFin , Integer ordenTurno , Boolean habilitado , String descripcion , String requisitos , Long periodoAcademicoId , Long programaEstudioId)",50,64
3,1,8,0,3,"TurnoMatriculaRequest::getNombre@67-69@backend\Matricula\src\main\java\com\escuelaposgrado\Matricula\dto\request\TurnoMatriculaRequest.java","backend\Matricula\src\main\java\com\escuelaposgrado\Matricula\dto\request\TurnoMatriculaRequest.java","TurnoMatriculaRequest::getNombre","TurnoMatriculaRequest::getNombre()",67,69
3,1,13,1,3,"TurnoMatriculaRequest::setNombre@71-73@backend\Matricula\src\main\java\com\escuelaposgrado\Matricula\dto\request\TurnoMatriculaRequest.java","backend\Matricula\src\main\java\com\escuelaposgrado\Matricula\dto\request\TurnoMatriculaRequest.java","TurnoMatriculaRequest::setNombre","TurnoMatriculaRequest::setNombre( String nombre)",71,73
3,1,8,0,3,"TurnoMatriculaRequest::getCodigo@75-77@backend\Matricula\src\main\java\com\escuelaposgrado\Matricula\dto\request\TurnoMatriculaRequest.java","backend\Matricula\src\main\java\com\escuelaposgrado\Matricula\dto\request\TurnoMatriculaRequest.java","TurnoMatriculaRequest::getCodigo","TurnoMatriculaRequest::getCodigo()",75,77
3,1,13,1,3,"TurnoMatriculaRequest::setCodigo@79-81@backend\Matricula\src\main\java\com\escuelaposgrado\Matricula\dto\request\TurnoMatriculaRequest.java","backend\Matricula\src\main\java\com\escuelaposgrado\Matricula\dto\request\TurnoMatriculaRequest.java","TurnoMatriculaRequest::setCodigo","TurnoMatriculaRequest::setCodigo( String codigo)",79,81
3,1,8,0,3,"TurnoMatriculaRequest::getFechaInicio@83-85@backend\Matricula\src\main\java\com\escuelaposgrado\Matricula\dto\request\TurnoMatriculaRequest.java","backend\Matricula\src\main\java\com\escuelaposgrado\Matricula\dto\request\TurnoMatriculaRequest.java","TurnoMatriculaRequest::getFechaInicio","TurnoMatriculaRequest::getFechaInicio()",83,85
3,1,13,1,3,"TurnoMatriculaRequest::setFechaInicio@87-89@backend\Matricula\src\main\java\com\escuelaposgrado\Matricula\dto\request\TurnoMatriculaRequest.java","backend\Matricula\src\main\java\com\escuelaposgrado\Matricula\dto\request\TurnoMatriculaRequest.java","TurnoMatriculaRequest::setFechaInicio","TurnoMatriculaRequest::setFechaInicio( LocalDateTime fechaInicio)",87,89
3,1,8,0,3,"TurnoMatriculaRequest::getFechaFin@91-93@backend\Matricula\src\main\java\com\escuelaposgrado\Matricula\dto\request\TurnoMatriculaRequest.java","backend\Matricula\src\main\java\com\escuelaposgrado\Matricula\dto\request\TurnoMatriculaRequest.java","TurnoMatriculaRequest::getFechaFin","TurnoMatriculaRequest::getFechaFin()",91,93
3,1,13,1,3,"TurnoMatriculaRequest::setFechaFin@95-97@backend\Matricula\src\main\java\com\escuelaposgrado\Matricula\dto\request\TurnoMatriculaRequest.java","backend\Matricula\src\main\java\com\escuelaposgrado\Matricula\dto\request\TurnoMatriculaRequest.java","TurnoMatriculaRequest::setFechaFin","TurnoMatriculaRequest::setFechaFin( LocalDateTime fechaFin)",95,97
3,1,8,0,3,"TurnoMatriculaRequest::getOrdenTurno@99-101@backend\Matricula\src\main\java\com\escuelaposgrado\Matricula\dto\request\TurnoMatriculaRequest.java","backend\Matricula\src\main\java\com\escuelaposgrado\Matricula\dto\request\TurnoMatriculaRequest.java","TurnoMatriculaRequest::getOrdenTurno","TurnoMatriculaRequest::getOrdenTurno()",99,101
3,1,13,1,3,"TurnoMatriculaRequest::setOrdenTurno@103-105@backend\Matricula\src\main\java\com\escuelaposgrado\Matricula\dto\request\TurnoMatriculaRequest.java","backend\Matricula\src\main\java\com\escuelaposgrado\Matricula\dto\request\TurnoMatriculaRequest.java","TurnoMatriculaRequest::setOrdenTurno","TurnoMatriculaRequest::setOrdenTurno( Integer ordenTurno)",103,105
3,1,8,0,3,"TurnoMatriculaRequest::getHabilitado@107-109@backend\Matricula\src\main\java\com\escuelaposgrado\Matricula\dto\request\TurnoMatriculaRequest.java","backend\Matricula\src\main\java\com\escuelaposgrado\Matricula\dto\request\TurnoMatriculaRequest.java","TurnoMatriculaRequest::getHabilitado","TurnoMatriculaRequest::getHabilitado()",107,109
3,1,13,1,3,"TurnoMatriculaRequest::setHabilitado@111-113@backend\Matricula\src\main\java\com\escuelaposgrado\Matricula\dto\request\TurnoMatriculaRequest.java","backend\Matricula\src\main\java\com\escuelaposgrado\Matricula\dto\request\TurnoMatriculaRequest.java","TurnoMatriculaRequest::setHabilitado","TurnoMatriculaRequest::setHabilitado( Boolean habilitado)",111,113
3,1,8,0,3,"TurnoMatriculaRequest::getDescripcion@115-117@backend\Matricula\src\main\java\com\escuelaposgrado\Matricula\dto\request\TurnoMatriculaRequest.java","backend\Matricula\src\main\java\com\escuelaposgrado\Matricula\dto\request\TurnoMatriculaRequest.java","TurnoMatriculaRequest::getDescripcion","TurnoMatriculaRequest::getDescripcion()",115,117
3,1,13,1,3,"TurnoMatriculaRequest::setDescripcion@119-121@backend\Matricula\src\main\java\com\escuelaposgrado\Matricula\dto\request\TurnoMatriculaRequest.java","backend\Matricula\src\main\java\com\escuelaposgrado\Matricula\dto\request\TurnoMatriculaRequest.java","TurnoMatriculaRequest::setDescripcion","TurnoMatriculaRequest::setDescripcion( String descripcion)",119,121
3,1,8,0,3,"TurnoMatriculaRequest::getRequisitos@123-125@backend\Matricula\src\main\java\com\escuelaposgrado\Matricula\dto\request\TurnoMatriculaRequest.java","backend\Matricula\src\main\java\com\escuelaposgrado\Matricula\dto\request\TurnoMatriculaRequest.java","TurnoMatriculaRequest::getRequisitos","TurnoMatriculaRequest::getRequisitos()",123,125
3,1,13,1,3,"TurnoMatriculaRequest::setRequisitos@127-129@backend\Matricula\src\main\java\com\escuelaposgrado\Matricula\dto\request\TurnoMatriculaRequest.java","backend\Matricula\src\main\java\com\escuelaposgrado\Matricula\dto\request\TurnoMatriculaRequest.java","TurnoMatriculaRequest::setRequisitos","TurnoMatriculaRequest::setRequisitos( String requisitos)",127,129
3,1,8,0,3,"TurnoMatriculaRequest::getPeriodoAcademicoId@131-133@backend\Matricula\src\main\java\com\escuelaposgrado\Matricula\dto\request\TurnoMatriculaRequest.java","backend\Matricula\src\main\java\com\escuelaposgrado\Matricula\dto\request\TurnoMatriculaRequest.java","TurnoMatriculaRequest::getPeriodoAcademicoId","TurnoMatriculaRequest::getPeriodoAcademicoId()",131,133
3,1,13,1,3,"TurnoMatriculaRequest::setPeriodoAcademicoId@135-137@backend\Matricula\src\main\java\com\escuelaposgrado\Matricula\dto\request\TurnoMatriculaRequest.java","backend\Matricula\src\main\java\com\escuelaposgrado\Matricula\dto\request\TurnoMatriculaRequest.java","TurnoMatriculaRequest::setPeriodoAcademicoId","TurnoMatriculaRequest::setPeriodoAcademicoId( Long periodoAcademicoId)",135,137
3,1,8,0,3,"TurnoMatriculaRequest::getProgramaEstudioId@139-141@backend\Matricula\src\main\java\com\escuelaposgrado\Matricula\dto\request\TurnoMatriculaRequest.java","backend\Matricula\src\main\java\com\escuelaposgrado\Matricula\dto\request\TurnoMatriculaRequest.java","TurnoMatriculaRequest::getProgramaEstudioId","TurnoMatriculaRequest::getProgramaEstudioId()",139,141
3,1,13,1,3,"TurnoMatriculaRequest::setProgramaEstudioId@143-145@backend\Matricula\src\main\java\com\escuelaposgrado\Matricula\dto\request\TurnoMatriculaRequest.java","backend\Matricula\src\main\java\com\escuelaposgrado\Matricula\dto\request\TurnoMatriculaRequest.java","TurnoMatriculaRequest::setProgramaEstudioId","TurnoMatriculaRequest::setProgramaEstudioId( Long programaEstudioId)",143,145
1,1,5,0,1,"FacultadBasicResponse::FacultadBasicResponse@13-13@backend\Matricula\src\main\java\com\escuelaposgrado\Matricula\dto\response\nested\FacultadBasicResponse.java","backend\Matricula\src\main\java\com\escuelaposgrado\Matricula\dto\response\nested\FacultadBasicResponse.java","FacultadBasicResponse::FacultadBasicResponse","FacultadBasicResponse::FacultadBasicResponse()",13,13
5,1,31,3,5,"FacultadBasicResponse::FacultadBasicResponse@15-19@backend\Matricula\src\main\java\com\escuelaposgrado\Matricula\dto\response\nested\FacultadBasicResponse.java","backend\Matricula\src\main\java\com\escuelaposgrado\Matricula\dto\response\nested\FacultadBasicResponse.java","FacultadBasicResponse::FacultadBasicResponse","FacultadBasicResponse::FacultadBasicResponse( Long id , String nombre , String codigo)",15,19
3,1,8,0,3,"FacultadBasicResponse::getId@22-24@backend\Matricula\src\main\java\com\escuelaposgrado\Matricula\dto\response\nested\FacultadBasicResponse.java","backend\Matricula\src\main\java\com\escuelaposgrado\Matricula\dto\response\nested\FacultadBasicResponse.java","FacultadBasicResponse::getId","FacultadBasicResponse::getId()",22,24
3,1,13,1,3,"FacultadBasicResponse::setId@26-28@backend\Matricula\src\main\java\com\escuelaposgrado\Matricula\dto\response\nested\FacultadBasicResponse.java","backend\Matricula\src\main\java\com\escuelaposgrado\Matricula\dto\response\nested\FacultadBasicResponse.java","FacultadBasicResponse::setId","FacultadBasicResponse::setId( Long id)",26,28
3,1,8,0,3,"FacultadBasicResponse::getNombre@30-32@backend\Matricula\src\main\java\com\escuelaposgrado\Matricula\dto\response\nested\FacultadBasicResponse.java","backend\Matricula\src\main\java\com\escuelaposgrado\Matricula\dto\response\nested\FacultadBasicResponse.java","FacultadBasicResponse::getNombre","FacultadBasicResponse::getNombre()",30,32
3,1,13,1,3,"FacultadBasicResponse::setNombre@34-36@backend\Matricula\src\main\java\com\escuelaposgrado\Matricula\dto\response\nested\FacultadBasicResponse.java","backend\Matricula\src\main\java\com\escuelaposgrado\Matricula\dto\response\nested\FacultadBasicResponse.java","FacultadBasicResponse::setNombre","FacultadBasicResponse::setNombre( String nombre)",34,36
3,1,8,0,3,"FacultadBasicResponse::getCodigo@38-40@backend\Matricula\src\main\java\com\escuelaposgrado\Matricula\dto\response\nested\FacultadBasicResponse.java","backend\Matricula\src\main\java\com\escuelaposgrado\Matricula\dto\response\nested\FacultadBasicResponse.java","FacultadBasicResponse::getCodigo","FacultadBasicResponse::getCodigo()",38,40
3,1,13,1,3,"FacultadBasicResponse::setCodigo@42-44@backend\Matricula\src\main\java\com\escuelaposgrado\Matricula\dto\response\nested\FacultadBasicResponse.java","backend\Matricula\src\main\java\com\escuelaposgrado\Matricula\dto\response\nested\FacultadBasicResponse.java","FacultadBasicResponse::setCodigo","FacultadBasicResponse::setCodigo( String codigo)",42,44
1,1,5,0,1,"PeriodoAcademicoBasicResponse::PeriodoAcademicoBasicResponse@13-13@backend\Matricula\src\main\java\com\escuelaposgrado\Matricula\dto\response\nested\PeriodoAcademicoBasicResponse.java","backend\Matricula\src\main\java\com\escuelaposgrado\Matricula\dto\response\nested\PeriodoAcademicoBasicResponse.java","PeriodoAcademicoBasicResponse::PeriodoAcademicoBasicResponse","PeriodoAcademicoBasicResponse::PeriodoAcademicoBasicResponse()",13,13
5,1,31,3,5,"PeriodoAcademicoBasicResponse::PeriodoAcademicoBasicResponse@15-19@backend\Matricula\src\main\java\com\escuelaposgrado\Matricula\dto\response\nested\PeriodoAcademicoBasicResponse.java","backend\Matricula\src\main\java\com\escuelaposgrado\Matricula\dto\response\nested\PeriodoAcademicoBasicResponse.java","PeriodoAcademicoBasicResponse::PeriodoAcademicoBasicResponse","PeriodoAcademicoBasicResponse::PeriodoAcademicoBasicResponse( Long id , String nombre , String codigo)",15,19
3,1,8,0,3,"PeriodoAcademicoBasicResponse::getId@22-24@backend\Matricula\src\main\java\com\escuelaposgrado\Matricula\dto\response\nested\PeriodoAcademicoBasicResponse.java","backend\Matricula\src\main\java\com\escuelaposgrado\Matricula\dto\response\nested\PeriodoAcademicoBasicResponse.java","PeriodoAcademicoBasicResponse::getId","PeriodoAcademicoBasicResponse::getId()",22,24
3,1,13,1,3,"PeriodoAcademicoBasicResponse::setId@26-28@backend\Matricula\src\main\java\com\escuelaposgrado\Matricula\dto\response\nested\PeriodoAcademicoBasicResponse.java","backend\Matricula\src\main\java\com\escuelaposgrado\Matricula\dto\response\nested\PeriodoAcademicoBasicResponse.java","PeriodoAcademicoBasicResponse::setId","PeriodoAcademicoBasicResponse::setId( Long id)",26,28
3,1,8,0,3,"PeriodoAcademicoBasicResponse::getNombre@30-32@backend\Matricula\src\main\java\com\escuelaposgrado\Matricula\dto\response\nested\PeriodoAcademicoBasicResponse.java","backend\Matricula\src\main\java\com\escuelaposgrado\Matricula\dto\response\nested\PeriodoAcademicoBasicResponse.java","PeriodoAcademicoBasicResponse::getNombre","PeriodoAcademicoBasicResponse::getNombre()",30,32
3,1,13,1,3,"PeriodoAcademicoBasicResponse::setNombre@34-36@backend\Matricula\src\main\java\com\escuelaposgrado\Matricula\dto\response\nested\PeriodoAcademicoBasicResponse.java","backend\Matricula\src\main\java\com\escuelaposgrado\Matricula\dto\response\nested\PeriodoAcademicoBasicResponse.java","PeriodoAcademicoBasicResponse::setNombre","PeriodoAcademicoBasicResponse::setNombre( String nombre)",34,36
3,1,8,0,3,"PeriodoAcademicoBasicResponse::getCodigo@38-40@backend\Matricula\src\main\java\com\escuelaposgrado\Matricula\dto\response\nested\PeriodoAcademicoBasicResponse.java","backend\Matricula\src\main\java\com\escuelaposgrado\Matricula\dto\response\nested\PeriodoAcademicoBasicResponse.java","PeriodoAcademicoBasicResponse::getCodigo","PeriodoAcademicoBasicResponse::getCodigo()",38,40
3,1,13,1,3,"PeriodoAcademicoBasicResponse::setCodigo@42-44@backend\Matricula\src\main\java\com\escuelaposgrado\Matricula\dto\response\nested\PeriodoAcademicoBasicResponse.java","backend\Matricula\src\main\java\com\escuelaposgrado\Matricula\dto\response\nested\PeriodoAcademicoBasicResponse.java","PeriodoAcademicoBasicResponse::setCodigo","PeriodoAcademicoBasicResponse::setCodigo( String codigo)",42,44
1,1,5,0,1,"ProgramaEstudioBasicResponse::ProgramaEstudioBasicResponse@13-13@backend\Matricula\src\main\java\com\escuelaposgrado\Matricula\dto\response\nested\ProgramaEstudioBasicResponse.java","backend\Matricula\src\main\java\com\escuelaposgrado\Matricula\dto\response\nested\ProgramaEstudioBasicResponse.java","ProgramaEstudioBasicResponse::ProgramaEstudioBasicResponse","ProgramaEstudioBasicResponse::ProgramaEstudioBasicResponse()",13,13
5,1,31,3,5,"ProgramaEstudioBasicResponse::ProgramaEstudioBasicResponse@15-19@backend\Matricula\src\main\java\com\escuelaposgrado\Matricula\dto\response\nested\ProgramaEstudioBasicResponse.java","backend\Matricula\src\main\java\com\escuelaposgrado\Matricula\dto\response\nested\ProgramaEstudioBasicResponse.java","ProgramaEstudioBasicResponse::ProgramaEstudioBasicResponse","ProgramaEstudioBasicResponse::ProgramaEstudioBasicResponse( Long id , String nombre , String codigo)",15,19
1,1,8,0,1,"ProgramaEstudioBasicResponse::getId@22-22@backend\Matricula\src\main\java\com\escuelaposgrado\Matricula\dto\response\nested\ProgramaEstudioBasicResponse.java","backend\Matricula\src\main\java\com\escuelaposgrado\Matricula\dto\response\nested\ProgramaEstudioBasicResponse.java","ProgramaEstudioBasicResponse::getId","ProgramaEstudioBasicResponse::getId()",22,22
1,1,13,1,1,"ProgramaEstudioBasicResponse::setId@23-23@backend\Matricula\src\main\java\com\escuelaposgrado\Matricula\dto\response\nested\ProgramaEstudioBasicResponse.java","backend\Matricula\src\main\java\com\escuelaposgrado\Matricula\dto\response\nested\ProgramaEstudioBasicResponse.java","ProgramaEstudioBasicResponse::setId","ProgramaEstudioBasicResponse::setId( Long id)",23,23
1,1,8,0,1,"ProgramaEstudioBasicResponse::getNombre@25-25@backend\Matricula\src\main\java\com\escuelaposgrado\Matricula\dto\response\nested\ProgramaEstudioBasicResponse.java","backend\Matricula\src\main\java\com\escuelaposgrado\Matricula\dto\response\nested\ProgramaEstudioBasicResponse.java","ProgramaEstudioBasicResponse::getNombre","ProgramaEstudioBasicResponse::getNombre()",25,25
1,1,13,1,1,"ProgramaEstudioBasicResponse::setNombre@26-26@backend\Matricula\src\main\java\com\escuelaposgrado\Matricula\dto\response\nested\ProgramaEstudioBasicResponse.java","backend\Matricula\src\main\java\com\escuelaposgrado\Matricula\dto\response\nested\ProgramaEstudioBasicResponse.java","ProgramaEstudioBasicResponse::setNombre","ProgramaEstudioBasicResponse::setNombre( String nombre)",26,26
1,1,8,0,1,"ProgramaEstudioBasicResponse::getCodigo@28-28@backend\Matricula\src\main\java\com\escuelaposgrado\Matricula\dto\response\nested\ProgramaEstudioBasicResponse.java","backend\Matricula\src\main\java\com\escuelaposgrado\Matricula\dto\response\nested\ProgramaEstudioBasicResponse.java","ProgramaEstudioBasicResponse::getCodigo","ProgramaEstudioBasicResponse::getCodigo()",28,28
1,1,13,1,1,"ProgramaEstudioBasicResponse::setCodigo@29-29@backend\Matricula\src\main\java\com\escuelaposgrado\Matricula\dto\response\nested\ProgramaEstudioBasicResponse.java","backend\Matricula\src\main\java\com\escuelaposgrado\Matricula\dto\response\nested\ProgramaEstudioBasicResponse.java","ProgramaEstudioBasicResponse::setCodigo","ProgramaEstudioBasicResponse::setCodigo( String codigo)",29,29
1,1,5,0,1,"SedeBasicResponse::SedeBasicResponse@13-13@backend\Matricula\src\main\java\com\escuelaposgrado\Matricula\dto\response\nested\SedeBasicResponse.java","backend\Matricula\src\main\java\com\escuelaposgrado\Matricula\dto\response\nested\SedeBasicResponse.java","SedeBasicResponse::SedeBasicResponse","SedeBasicResponse::SedeBasicResponse()",13,13
5,1,31,3,5,"SedeBasicResponse::SedeBasicResponse@15-19@backend\Matricula\src\main\java\com\escuelaposgrado\Matricula\dto\response\nested\SedeBasicResponse.java","backend\Matricula\src\main\java\com\escuelaposgrado\Matricula\dto\response\nested\SedeBasicResponse.java","SedeBasicResponse::SedeBasicResponse","SedeBasicResponse::SedeBasicResponse( Long id , String nombre , String codigo)",15,19
3,1,8,0,3,"SedeBasicResponse::getId@22-24@backend\Matricula\src\main\java\com\escuelaposgrado\Matricula\dto\response\nested\SedeBasicResponse.java","backend\Matricula\src\main\java\com\escuelaposgrado\Matricula\dto\response\nested\SedeBasicResponse.java","SedeBasicResponse::getId","SedeBasicResponse::getId()",22,24
3,1,13,1,3,"SedeBasicResponse::setId@26-28@backend\Matricula\src\main\java\com\escuelaposgrado\Matricula\dto\response\nested\SedeBasicResponse.java","backend\Matricula\src\main\java\com\escuelaposgrado\Matricula\dto\response\nested\SedeBasicResponse.java","SedeBasicResponse::setId","SedeBasicResponse::setId( Long id)",26,28
3,1,8,0,3,"SedeBasicResponse::getNombre@30-32@backend\Matricula\src\main\java\com\escuelaposgrado\Matricula\dto\response\nested\SedeBasicResponse.java","backend\Matricula\src\main\java\com\escuelaposgrado\Matricula\dto\response\nested\SedeBasicResponse.java","SedeBasicResponse::getNombre","SedeBasicResponse::getNombre()",30,32
3,1,13,1,3,"SedeBasicResponse::setNombre@34-36@backend\Matricula\src\main\java\com\escuelaposgrado\Matricula\dto\response\nested\SedeBasicResponse.java","backend\Matricula\src\main\java\com\escuelaposgrado\Matricula\dto\response\nested\SedeBasicResponse.java","SedeBasicResponse::setNombre","SedeBasicResponse::setNombre( String nombre)",34,36
3,1,8,0,3,"SedeBasicResponse::getCodigo@38-40@backend\Matricula\src\main\java\com\escuelaposgrado\Matricula\dto\response\nested\SedeBasicResponse.java","backend\Matricula\src\main\java\com\escuelaposgrado\Matricula\dto\response\nested\SedeBasicResponse.java","SedeBasicResponse::getCodigo","SedeBasicResponse::getCodigo()",38,40
3,1,13,1,3,"SedeBasicResponse::setCodigo@42-44@backend\Matricula\src\main\java\com\escuelaposgrado\Matricula\dto\response\nested\SedeBasicResponse.java","backend\Matricula\src\main\java\com\escuelaposgrado\Matricula\dto\response\nested\SedeBasicResponse.java","SedeBasicResponse::setCodigo","SedeBasicResponse::setCodigo( String codigo)",42,44
1,1,5,0,1,"AulaResponse::AulaResponse@24-24@backend\Matricula\src\main\java\com\escuelaposgrado\Matricula\dto\response\AulaResponse.java","backend\Matricula\src\main\java\com\escuelaposgrado\Matricula\dto\response\AulaResponse.java","AulaResponse::AulaResponse","AulaResponse::AulaResponse()",24,24
10,1,76,8,10,"AulaResponse::AulaResponse@26-35@backend\Matricula\src\main\java\com\escuelaposgrado\Matricula\dto\response\AulaResponse.java","backend\Matricula\src\main\java\com\escuelaposgrado\Matricula\dto\response\AulaResponse.java","AulaResponse::AulaResponse","AulaResponse::AulaResponse( Long id , String nombre , String codigo , Integer capacidad , String tipo , String equipamiento , String descripcion , Boolean activo)",26,35
3,1,8,0,3,"AulaResponse::getId@38-40@backend\Matricula\src\main\java\com\escuelaposgrado\Matricula\dto\response\AulaResponse.java","backend\Matricula\src\main\java\com\escuelaposgrado\Matricula\dto\response\AulaResponse.java","AulaResponse::getId","AulaResponse::getId()",38,40
3,1,13,1,3,"AulaResponse::setId@42-44@backend\Matricula\src\main\java\com\escuelaposgrado\Matricula\dto\response\AulaResponse.java","backend\Matricula\src\main\java\com\escuelaposgrado\Matricula\dto\response\AulaResponse.java","AulaResponse::setId","AulaResponse::setId( Long id)",42,44
3,1,8,0,3,"AulaResponse::getNombre@46-48@backend\Matricula\src\main\java\com\escuelaposgrado\Matricula\dto\response\AulaResponse.java","backend\Matricula\src\main\java\com\escuelaposgrado\Matricula\dto\response\AulaResponse.java","AulaResponse::getNombre","AulaResponse::getNombre()",46,48
3,1,13,1,3,"AulaResponse::setNombre@50-52@backend\Matricula\src\main\java\com\escuelaposgrado\Matricula\dto\response\AulaResponse.java","backend\Matricula\src\main\java\com\escuelaposgrado\Matricula\dto\response\AulaResponse.java","AulaResponse::setNombre","AulaResponse::setNombre( String nombre)",50,52
3,1,8,0,3,"AulaResponse::getCodigo@54-56@backend\Matricula\src\main\java\com\escuelaposgrado\Matricula\dto\response\AulaResponse.java","backend\Matricula\src\main\java\com\escuelaposgrado\Matricula\dto\response\AulaResponse.java","AulaResponse::getCodigo","AulaResponse::getCodigo()",54,56
3,1,13,1,3,"AulaResponse::setCodigo@58-60@backend\Matricula\src\main\java\com\escuelaposgrado\Matricula\dto\response\AulaResponse.java","backend\Matricula\src\main\java\com\escuelaposgrado\Matricula\dto\response\AulaResponse.java","AulaResponse::setCodigo","AulaResponse::setCodigo( String codigo)",58,60
3,1,8,0,3,"AulaResponse::getCapacidad@62-64@backend\Matricula\src\main\java\com\escuelaposgrado\Matricula\dto\response\AulaResponse.java","backend\Matricula\src\main\java\com\escuelaposgrado\Matricula\dto\response\AulaResponse.java","AulaResponse::getCapacidad","AulaResponse::getCapacidad()",62,64
3,1,13,1,3,"AulaResponse::setCapacidad@66-68@backend\Matricula\src\main\java\com\escuelaposgrado\Matricula\dto\response\AulaResponse.java","backend\Matricula\src\main\java\com\escuelaposgrado\Matricula\dto\response\AulaResponse.java","AulaResponse::setCapacidad","AulaResponse::setCapacidad( Integer capacidad)",66,68
3,1,8,0,3,"AulaResponse::getTipo@70-72@backend\Matricula\src\main\java\com\escuelaposgrado\Matricula\dto\response\AulaResponse.java","backend\Matricula\src\main\java\com\escuelaposgrado\Matricula\dto\response\AulaResponse.java","AulaResponse::getTipo","AulaResponse::getTipo()",70,72
3,1,13,1,3,"AulaResponse::setTipo@74-76@backend\Matricula\src\main\java\com\escuelaposgrado\Matricula\dto\response\AulaResponse.java","backend\Matricula\src\main\java\com\escuelaposgrado\Matricula\dto\response\AulaResponse.java","AulaResponse::setTipo","AulaResponse::setTipo( String tipo)",74,76
3,1,8,0,3,"AulaResponse::getEquipamiento@78-80@backend\Matricula\src\main\java\com\escuelaposgrado\Matricula\dto\response\AulaResponse.java","backend\Matricula\src\main\java\com\escuelaposgrado\Matricula\dto\response\AulaResponse.java","AulaResponse::getEquipamiento","AulaResponse::getEquipamiento()",78,80
3,1,13,1,3,"AulaResponse::setEquipamiento@82-84@backend\Matricula\src\main\java\com\escuelaposgrado\Matricula\dto\response\AulaResponse.java","backend\Matricula\src\main\java\com\escuelaposgrado\Matricula\dto\response\AulaResponse.java","AulaResponse::setEquipamiento","AulaResponse::setEquipamiento( String equipamiento)",82,84
3,1,8,0,3,"AulaResponse::getDescripcion@86-88@backend\Matricula\src\main\java\com\escuelaposgrado\Matricula\dto\response\AulaResponse.java","backend\Matricula\src\main\java\com\escuelaposgrado\Matricula\dto\response\AulaResponse.java","AulaResponse::getDescripcion","AulaResponse::getDescripcion()",86,88
3,1,13,1,3,"AulaResponse::setDescripcion@90-92@backend\Matricula\src\main\java\com\escuelaposgrado\Matricula\dto\response\AulaResponse.java","backend\Matricula\src\main\java\com\escuelaposgrado\Matricula\dto\response\AulaResponse.java","AulaResponse::setDescripcion","AulaResponse::setDescripcion( String descripcion)",90,92
3,1,8,0,3,"AulaResponse::getActivo@94-96@backend\Matricula\src\main\java\com\escuelaposgrado\Matricula\dto\response\AulaResponse.java","backend\Matricula\src\main\java\com\escuelaposgrado\Matricula\dto\response\AulaResponse.java","AulaResponse::getActivo","AulaResponse::getActivo()",94,96
3,1,13,1,3,"AulaResponse::setActivo@98-100@backend\Matricula\src\main\java\com\escuelaposgrado\Matricula\dto\response\AulaResponse.java","backend\Matricula\src\main\java\com\escuelaposgrado\Matricula\dto\response\AulaResponse.java","AulaResponse::setActivo","AulaResponse::setActivo( Boolean activo)",98,100
3,1,8,0,3,"AulaResponse::getSede@102-104@backend\Matricula\src\main\java\com\escuelaposgrado\Matricula\dto\response\AulaResponse.java","backend\Matricula\src\main\java\com\escuelaposgrado\Matricula\dto\response\AulaResponse.java","AulaResponse::getSede","AulaResponse::getSede()",102,104
3,1,13,1,3,"AulaResponse::setSede@106-108@backend\Matricula\src\main\java\com\escuelaposgrado\Matricula\dto\response\AulaResponse.java","backend\Matricula\src\main\java\com\escuelaposgrado\Matricula\dto\response\AulaResponse.java","AulaResponse::setSede","AulaResponse::setSede( SedeBasicResponse sede)",106,108
3,1,8,0,3,"AulaResponse::getFechaCreacion@110-112@backend\Matricula\src\main\java\com\escuelaposgrado\Matricula\dto\response\AulaResponse.java","backend\Matricula\src\main\java\com\escuelaposgrado\Matricula\dto\response\AulaResponse.java","AulaResponse::getFechaCreacion","AulaResponse::getFechaCreacion()",110,112
3,1,13,1,3,"AulaResponse::setFechaCreacion@114-116@backend\Matricula\src\main\java\com\escuelaposgrado\Matricula\dto\response\AulaResponse.java","backend\Matricula\src\main\java\com\escuelaposgrado\Matricula\dto\response\AulaResponse.java","AulaResponse::setFechaCreacion","AulaResponse::setFechaCreacion( LocalDateTime fechaCreacion)",114,116
3,1,8,0,3,"AulaResponse::getFechaActualizacion@118-120@backend\Matricula\src\main\java\com\escuelaposgrado\Matricula\dto\response\AulaResponse.java","backend\Matricula\src\main\java\com\escuelaposgrado\Matricula\dto\response\AulaResponse.java","AulaResponse::getFechaActualizacion","AulaResponse::getFechaActualizacion()",118,120
3,1,13,1,3,"AulaResponse::setFechaActualizacion@122-124@backend\Matricula\src\main\java\com\escuelaposgrado\Matricula\dto\response\AulaResponse.java","backend\Matricula\src\main\java\com\escuelaposgrado\Matricula\dto\response\AulaResponse.java","AulaResponse::setFechaActualizacion","AulaResponse::setFechaActualizacion( LocalDateTime fechaActualizacion)",122,124
1,1,5,0,1,"ComisionUnidadPosgradoResponse::ComisionUnidadPosgradoResponse@29-29@backend\Matricula\src\main\java\com\escuelaposgrado\Matricula\dto\response\ComisionUnidadPosgradoResponse.java","backend\Matricula\src\main\java\com\escuelaposgrado\Matricula\dto\response\ComisionUnidadPosgradoResponse.java","ComisionUnidadPosgradoResponse::ComisionUnidadPosgradoResponse","ComisionUnidadPosgradoResponse::ComisionUnidadPosgradoResponse()",29,29
3,1,8,0,3,"ComisionUnidadPosgradoResponse::getId@32-34@backend\Matricula\src\main\java\com\escuelaposgrado\Matricula\dto\response\ComisionUnidadPosgradoResponse.java","backend\Matricula\src\main\java\com\escuelaposgrado\Matricula\dto\response\ComisionUnidadPosgradoResponse.java","ComisionUnidadPosgradoResponse::getId","ComisionUnidadPosgradoResponse::getId()",32,34
3,1,13,1,3,"ComisionUnidadPosgradoResponse::setId@36-38@backend\Matricula\src\main\java\com\escuelaposgrado\Matricula\dto\response\ComisionUnidadPosgradoResponse.java","backend\Matricula\src\main\java\com\escuelaposgrado\Matricula\dto\response\ComisionUnidadPosgradoResponse.java","ComisionUnidadPosgradoResponse::setId","ComisionUnidadPosgradoResponse::setId( Long id)",36,38
3,1,8,0,3,"ComisionUnidadPosgradoResponse::getNombre@40-42@backend\Matricula\src\main\java\com\escuelaposgrado\Matricula\dto\response\ComisionUnidadPosgradoResponse.java","backend\Matricula\src\main\java\com\escuelaposgrado\Matricula\dto\response\ComisionUnidadPosgradoResponse.java","ComisionUnidadPosgradoResponse::getNombre","ComisionUnidadPosgradoResponse::getNombre()",40,42
3,1,13,1,3,"ComisionUnidadPosgradoResponse::setNombre@44-46@backend\Matricula\src\main\java\com\escuelaposgrado\Matricula\dto\response\ComisionUnidadPosgradoResponse.java","backend\Matricula\src\main\java\com\escuelaposgrado\Matricula\dto\response\ComisionUnidadPosgradoResponse.java","ComisionUnidadPosgradoResponse::setNombre","ComisionUnidadPosgradoResponse::setNombre( String nombre)",44,46
3,1,8,0,3,"ComisionUnidadPosgradoResponse::getCodigo@48-50@backend\Matricula\src\main\java\com\escuelaposgrado\Matricula\dto\response\ComisionUnidadPosgradoResponse.java","backend\Matricula\src\main\java\com\escuelaposgrado\Matricula\dto\response\ComisionUnidadPosgradoResponse.java","ComisionUnidadPosgradoResponse::getCodigo","ComisionUnidadPosgradoResponse::getCodigo()",48,50
3,1,13,1,3,"ComisionUnidadPosgradoResponse::setCodigo@52-54@backend\Matricula\src\main\java\com\escuelaposgrado\Matricula\dto\response\ComisionUnidadPosgradoResponse.java","backend\Matricula\src\main\java\com\escuelaposgrado\Matricula\dto\response\ComisionUnidadPosgradoResponse.java","ComisionUnidadPosgradoResponse::setCodigo","ComisionUnidadPosgradoResponse::setCodigo( String codigo)",52,54
3,1,8,0,3,"ComisionUnidadPosgradoResponse::getTipo@56-58@backend\Matricula\src\main\java\com\escuelaposgrado\Matricula\dto\response\ComisionUnidadPosgradoResponse.java","backend\Matricula\src\main\java\com\escuelaposgrado\Matricula\dto\response\ComisionUnidadPosgradoResponse.java","ComisionUnidadPosgradoResponse::getTipo","ComisionUnidadPosgradoResponse::getTipo()",56,58
3,1,13,1,3,"ComisionUnidadPosgradoResponse::setTipo@60-62@backend\Matricula\src\main\java\com\escuelaposgrado\Matricula\dto\response\ComisionUnidadPosgradoResponse.java","backend\Matricula\src\main\java\com\escuelaposgrado\Matricula\dto\response\ComisionUnidadPosgradoResponse.java","ComisionUnidadPosgradoResponse::setTipo","ComisionUnidadPosgradoResponse::setTipo( String tipo)",60,62
3,1,8,0,3,"ComisionUnidadPosgradoResponse::getPresidente@64-66@backend\Matricula\src\main\java\com\escuelaposgrado\Matricula\dto\response\ComisionUnidadPosgradoResponse.java","backend\Matricula\src\main\java\com\escuelaposgrado\Matricula\dto\response\ComisionUnidadPosgradoResponse.java","ComisionUnidadPosgradoResponse::getPresidente","ComisionUnidadPosgradoResponse::getPresidente()",64,66
3,1,13,1,3,"ComisionUnidadPosgradoResponse::setPresidente@68-70@backend\Matricula\src\main\java\com\escuelaposgrado\Matricula\dto\response\ComisionUnidadPosgradoResponse.java","backend\Matricula\src\main\java\com\escuelaposgrado\Matricula\dto\response\ComisionUnidadPosgradoResponse.java","ComisionUnidadPosgradoResponse::setPresidente","ComisionUnidadPosgradoResponse::setPresidente( String presidente)",68,70
3,1,8,0,3,"ComisionUnidadPosgradoResponse::getSecretario@72-74@backend\Matricula\src\main\java\com\escuelaposgrado\Matricula\dto\response\ComisionUnidadPosgradoResponse.java","backend\Matricula\src\main\java\com\escuelaposgrado\Matricula\dto\response\ComisionUnidadPosgradoResponse.java","ComisionUnidadPosgradoResponse::getSecretario","ComisionUnidadPosgradoResponse::getSecretario()",72,74
3,1,13,1,3,"ComisionUnidadPosgradoResponse::setSecretario@76-78@backend\Matricula\src\main\java\com\escuelaposgrado\Matricula\dto\response\ComisionUnidadPosgradoResponse.java","backend\Matricula\src\main\java\com\escuelaposgrado\Matricula\dto\response\ComisionUnidadPosgradoResponse.java","ComisionUnidadPosgradoResponse::setSecretario","ComisionUnidadPosgradoResponse::setSecretario( String secretario)",76,78
3,1,8,0,3,"ComisionUnidadPosgradoResponse::getMiembros@80-82@backend\Matricula\src\main\java\com\escuelaposgrado\Matricula\dto\response\ComisionUnidadPosgradoResponse.java","backend\Matricula\src\main\java\com\escuelaposgrado\Matricula\dto\response\ComisionUnidadPosgradoResponse.java","ComisionUnidadPosgradoResponse::getMiembros","ComisionUnidadPosgradoResponse::getMiembros()",80,82
3,1,13,1,3,"ComisionUnidadPosgradoResponse::setMiembros@84-86@backend\Matricula\src\main\java\com\escuelaposgrado\Matricula\dto\response\ComisionUnidadPosgradoResponse.java","backend\Matricula\src\main\java\com\escuelaposgrado\Matricula\dto\response\ComisionUnidadPosgradoResponse.java","ComisionUnidadPosgradoResponse::setMiembros","ComisionUnidadPosgradoResponse::setMiembros( String miembros)",84,86
3,1,8,0,3,"ComisionUnidadPosgradoResponse::getActivo@88-90@backend\Matricula\src\main\java\com\escuelaposgrado\Matricula\dto\response\ComisionUnidadPosgradoResponse.java","backend\Matricula\src\main\java\com\escuelaposgrado\Matricula\dto\response\ComisionUnidadPosgradoResponse.java","ComisionUnidadPosgradoResponse::getActivo","ComisionUnidadPosgradoResponse::getActivo()",88,90
3,1,13,1,3,"ComisionUnidadPosgradoResponse::setActivo@92-94@backend\Matricula\src\main\java\com\escuelaposgrado\Matricula\dto\response\ComisionUnidadPosgradoResponse.java","backend\Matricula\src\main\java\com\escuelaposgrado\Matricula\dto\response\ComisionUnidadPosgradoResponse.java","ComisionUnidadPosgradoResponse::setActivo","ComisionUnidadPosgradoResponse::setActivo( Boolean activo)",92,94
3,1,8,0,3,"ComisionUnidadPosgradoResponse::getDescripcion@96-98@backend\Matricula\src\main\java\com\escuelaposgrado\Matricula\dto\response\ComisionUnidadPosgradoResponse.java","backend\Matricula\src\main\java\com\escuelaposgrado\Matricula\dto\response\ComisionUnidadPosgradoResponse.java","ComisionUnidadPosgradoResponse::getDescripcion","ComisionUnidadPosgradoResponse::getDescripcion()",96,98
3,1,13,1,3,"ComisionUnidadPosgradoResponse::setDescripcion@100-102@backend\Matricula\src\main\java\com\escuelaposgrado\Matricula\dto\response\ComisionUnidadPosgradoResponse.java","backend\Matricula\src\main\java\com\escuelaposgrado\Matricula\dto\response\ComisionUnidadPosgradoResponse.java","ComisionUnidadPosgradoResponse::setDescripcion","ComisionUnidadPosgradoResponse::setDescripcion( String descripcion)",100,102
3,1,8,0,3,"ComisionUnidadPosgradoResponse::getFunciones@104-106@backend\Matricula\src\main\java\com\escuelaposgrado\Matricula\dto\response\ComisionUnidadPosgradoResponse.java","backend\Matricula\src\main\java\com\escuelaposgrado\Matricula\dto\response\ComisionUnidadPosgradoResponse.java","ComisionUnidadPosgradoResponse::getFunciones","ComisionUnidadPosgradoResponse::getFunciones()",104,106
3,1,13,1,3,"ComisionUnidadPosgradoResponse::setFunciones@108-110@backend\Matricula\src\main\java\com\escuelaposgrado\Matricula\dto\response\ComisionUnidadPosgradoResponse.java","backend\Matricula\src\main\java\com\escuelaposgrado\Matricula\dto\response\ComisionUnidadPosgradoResponse.java","ComisionUnidadPosgradoResponse::setFunciones","ComisionUnidadPosgradoResponse::setFunciones( String funciones)",108,110
3,1,8,0,3,"ComisionUnidadPosgradoResponse::getFechaInicioGestion@112-114@backend\Matricula\src\main\java\com\escuelaposgrado\Matricula\dto\response\ComisionUnidadPosgradoResponse.java","backend\Matricula\src\main\java\com\escuelaposgrado\Matricula\dto\response\ComisionUnidadPosgradoResponse.java","ComisionUnidadPosgradoResponse::getFechaInicioGestion","ComisionUnidadPosgradoResponse::getFechaInicioGestion()",112,114
3,1,13,1,3,"ComisionUnidadPosgradoResponse::setFechaInicioGestion@116-118@backend\Matricula\src\main\java\com\escuelaposgrado\Matricula\dto\response\ComisionUnidadPosgradoResponse.java","backend\Matricula\src\main\java\com\escuelaposgrado\Matricula\dto\response\ComisionUnidadPosgradoResponse.java","ComisionUnidadPosgradoResponse::setFechaInicioGestion","ComisionUnidadPosgradoResponse::setFechaInicioGestion( LocalDateTime fechaInicioGestion)",116,118
3,1,8,0,3,"ComisionUnidadPosgradoResponse::getFechaFinGestion@120-122@backend\Matricula\src\main\java\com\escuelaposgrado\Matricula\dto\response\ComisionUnidadPosgradoResponse.java","backend\Matricula\src\main\java\com\escuelaposgrado\Matricula\dto\response\ComisionUnidadPosgradoResponse.java","ComisionUnidadPosgradoResponse::getFechaFinGestion","ComisionUnidadPosgradoResponse::getFechaFinGestion()",120,122
3,1,13,1,3,"ComisionUnidadPosgradoResponse::setFechaFinGestion@124-126@backend\Matricula\src\main\java\com\escuelaposgrado\Matricula\dto\response\ComisionUnidadPosgradoResponse.java","backend\Matricula\src\main\java\com\escuelaposgrado\Matricula\dto\response\ComisionUnidadPosgradoResponse.java","ComisionUnidadPosgradoResponse::setFechaFinGestion","ComisionUnidadPosgradoResponse::setFechaFinGestion( LocalDateTime fechaFinGestion)",124,126
3,1,8,0,3,"ComisionUnidadPosgradoResponse::getFechaCreacion@128-130@backend\Matricula\src\main\java\com\escuelaposgrado\Matricula\dto\response\ComisionUnidadPosgradoResponse.java","backend\Matricula\src\main\java\com\escuelaposgrado\Matricula\dto\response\ComisionUnidadPosgradoResponse.java","ComisionUnidadPosgradoResponse::getFechaCreacion","ComisionUnidadPosgradoResponse::getFechaCreacion()",128,130
3,1,13,1,3,"ComisionUnidadPosgradoResponse::setFechaCreacion@132-134@backend\Matricula\src\main\java\com\escuelaposgrado\Matricula\dto\response\ComisionUnidadPosgradoResponse.java","backend\Matricula\src\main\java\com\escuelaposgrado\Matricula\dto\response\ComisionUnidadPosgradoResponse.java","ComisionUnidadPosgradoResponse::setFechaCreacion","ComisionUnidadPosgradoResponse::setFechaCreacion( LocalDateTime fechaCreacion)",132,134
3,1,8,0,3,"ComisionUnidadPosgradoResponse::getFechaActualizacion@136-138@backend\Matricula\src\main\java\com\escuelaposgrado\Matricula\dto\response\ComisionUnidadPosgradoResponse.java","backend\Matricula\src\main\java\com\escuelaposgrado\Matricula\dto\response\ComisionUnidadPosgradoResponse.java","ComisionUnidadPosgradoResponse::getFechaActualizacion","ComisionUnidadPosgradoResponse::getFechaActualizacion()",136,138
3,1,13,1,3,"ComisionUnidadPosgradoResponse::setFechaActualizacion@140-142@backend\Matricula\src\main\java\com\escuelaposgrado\Matricula\dto\response\ComisionUnidadPosgradoResponse.java","backend\Matricula\src\main\java\com\escuelaposgrado\Matricula\dto\response\ComisionUnidadPosgradoResponse.java","ComisionUnidadPosgradoResponse::setFechaActualizacion","ComisionUnidadPosgradoResponse::setFechaActualizacion( LocalDateTime fechaActualizacion)",140,142
3,1,8,0,3,"ComisionUnidadPosgradoResponse::getFacultad@144-146@backend\Matricula\src\main\java\com\escuelaposgrado\Matricula\dto\response\ComisionUnidadPosgradoResponse.java","backend\Matricula\src\main\java\com\escuelaposgrado\Matricula\dto\response\ComisionUnidadPosgradoResponse.java","ComisionUnidadPosgradoResponse::getFacultad","ComisionUnidadPosgradoResponse::getFacultad()",144,146
3,1,13,1,3,"ComisionUnidadPosgradoResponse::setFacultad@148-150@backend\Matricula\src\main\java\com\escuelaposgrado\Matricula\dto\response\ComisionUnidadPosgradoResponse.java","backend\Matricula\src\main\java\com\escuelaposgrado\Matricula\dto\response\ComisionUnidadPosgradoResponse.java","ComisionUnidadPosgradoResponse::setFacultad","ComisionUnidadPosgradoResponse::setFacultad( FacultadBasicResponse facultad)",148,150
1,1,5,0,1,"FacultadResponse::FacultadResponse@20-20@backend\Matricula\src\main\java\com\escuelaposgrado\Matricula\dto\response\FacultadResponse.java","backend\Matricula\src\main\java\com\escuelaposgrado\Matricula\dto\response\FacultadResponse.java","FacultadResponse::FacultadResponse","FacultadResponse::FacultadResponse()",20,20
8,1,58,6,8,"FacultadResponse::FacultadResponse@22-29@backend\Matricula\src\main\java\com\escuelaposgrado\Matricula\dto\response\FacultadResponse.java","backend\Matricula\src\main\java\com\escuelaposgrado\Matricula\dto\response\FacultadResponse.java","FacultadResponse::FacultadResponse","FacultadResponse::FacultadResponse( Long id , String nombre , String codigo , String descripcion , String decano , Boolean activo)",22,29
3,1,8,0,3,"FacultadResponse::getId@32-34@backend\Matricula\src\main\java\com\escuelaposgrado\Matricula\dto\response\FacultadResponse.java","backend\Matricula\src\main\java\com\escuelaposgrado\Matricula\dto\response\FacultadResponse.java","FacultadResponse::getId","FacultadResponse::getId()",32,34
3,1,13,1,3,"FacultadResponse::setId@36-38@backend\Matricula\src\main\java\com\escuelaposgrado\Matricula\dto\response\FacultadResponse.java","backend\Matricula\src\main\java\com\escuelaposgrado\Matricula\dto\response\FacultadResponse.java","FacultadResponse::setId","FacultadResponse::setId( Long id)",36,38
3,1,8,0,3,"FacultadResponse::getNombre@40-42@backend\Matricula\src\main\java\com\escuelaposgrado\Matricula\dto\response\FacultadResponse.java","backend\Matricula\src\main\java\com\escuelaposgrado\Matricula\dto\response\FacultadResponse.java","FacultadResponse::getNombre","FacultadResponse::getNombre()",40,42
3,1,13,1,3,"FacultadResponse::setNombre@44-46@backend\Matricula\src\main\java\com\escuelaposgrado\Matricula\dto\response\FacultadResponse.java","backend\Matricula\src\main\java\com\escuelaposgrado\Matricula\dto\response\FacultadResponse.java","FacultadResponse::setNombre","FacultadResponse::setNombre( String nombre)",44,46
3,1,8,0,3,"FacultadResponse::getCodigo@48-50@backend\Matricula\src\main\java\com\escuelaposgrado\Matricula\dto\response\FacultadResponse.java","backend\Matricula\src\main\java\com\escuelaposgrado\Matricula\dto\response\FacultadResponse.java","FacultadResponse::getCodigo","FacultadResponse::getCodigo()",48,50
3,1,13,1,3,"FacultadResponse::setCodigo@52-54@backend\Matricula\src\main\java\com\escuelaposgrado\Matricula\dto\response\FacultadResponse.java","backend\Matricula\src\main\java\com\escuelaposgrado\Matricula\dto\response\FacultadResponse.java","FacultadResponse::setCodigo","FacultadResponse::setCodigo( String codigo)",52,54
3,1,8,0,3,"FacultadResponse::getDescripcion@56-58@backend\Matricula\src\main\java\com\escuelaposgrado\Matricula\dto\response\FacultadResponse.java","backend\Matricula\src\main\java\com\escuelaposgrado\Matricula\dto\response\FacultadResponse.java","FacultadResponse::getDescripcion","FacultadResponse::getDescripcion()",56,58
3,1,13,1,3,"FacultadResponse::setDescripcion@60-62@backend\Matricula\src\main\java\com\escuelaposgrado\Matricula\dto\response\FacultadResponse.java","backend\Matricula\src\main\java\com\escuelaposgrado\Matricula\dto\response\FacultadResponse.java","FacultadResponse::setDescripcion","FacultadResponse::setDescripcion( String descripcion)",60,62
3,1,8,0,3,"FacultadResponse::getDecano@64-66@backend\Matricula\src\main\java\com\escuelaposgrado\Matricula\dto\response\FacultadResponse.java","backend\Matricula\src\main\java\com\escuelaposgrado\Matricula\dto\response\FacultadResponse.java","FacultadResponse::getDecano","FacultadResponse::getDecano()",64,66
3,1,13,1,3,"FacultadResponse::setDecano@68-70@backend\Matricula\src\main\java\com\escuelaposgrado\Matricula\dto\response\FacultadResponse.java","backend\Matricula\src\main\java\com\escuelaposgrado\Matricula\dto\response\FacultadResponse.java","FacultadResponse::setDecano","FacultadResponse::setDecano( String decano)",68,70
3,1,8,0,3,"FacultadResponse::getActivo@72-74@backend\Matricula\src\main\java\com\escuelaposgrado\Matricula\dto\response\FacultadResponse.java","backend\Matricula\src\main\java\com\escuelaposgrado\Matricula\dto\response\FacultadResponse.java","FacultadResponse::getActivo","FacultadResponse::getActivo()",72,74
3,1,13,1,3,"FacultadResponse::setActivo@76-78@backend\Matricula\src\main\java\com\escuelaposgrado\Matricula\dto\response\FacultadResponse.java","backend\Matricula\src\main\java\com\escuelaposgrado\Matricula\dto\response\FacultadResponse.java","FacultadResponse::setActivo","FacultadResponse::setActivo( Boolean activo)",76,78
3,1,8,0,3,"FacultadResponse::getFechaCreacion@80-82@backend\Matricula\src\main\java\com\escuelaposgrado\Matricula\dto\response\FacultadResponse.java","backend\Matricula\src\main\java\com\escuelaposgrado\Matricula\dto\response\FacultadResponse.java","FacultadResponse::getFechaCreacion","FacultadResponse::getFechaCreacion()",80,82
3,1,13,1,3,"FacultadResponse::setFechaCreacion@84-86@backend\Matricula\src\main\java\com\escuelaposgrado\Matricula\dto\response\FacultadResponse.java","backend\Matricula\src\main\java\com\escuelaposgrado\Matricula\dto\response\FacultadResponse.java","FacultadResponse::setFechaCreacion","FacultadResponse::setFechaCreacion( LocalDateTime fechaCreacion)",84,86
3,1,8,0,3,"FacultadResponse::getFechaActualizacion@88-90@backend\Matricula\src\main\java\com\escuelaposgrado\Matricula\dto\response\FacultadResponse.java","backend\Matricula\src\main\java\com\escuelaposgrado\Matricula\dto\response\FacultadResponse.java","FacultadResponse::getFechaActualizacion","FacultadResponse::getFechaActualizacion()",88,90
3,1,13,1,3,"FacultadResponse::setFechaActualizacion@92-94@backend\Matricula\src\main\java\com\escuelaposgrado\Matricula\dto\response\FacultadResponse.java","backend\Matricula\src\main\java\com\escuelaposgrado\Matricula\dto\response\FacultadResponse.java","FacultadResponse::setFechaActualizacion","FacultadResponse::setFechaActualizacion( LocalDateTime fechaActualizacion)",92,94
1,1,5,0,1,"MencionResponse::MencionResponse@24-24@backend\Matricula\src\main\java\com\escuelaposgrado\Matricula\dto\response\MencionResponse.java","backend\Matricula\src\main\java\com\escuelaposgrado\Matricula\dto\response\MencionResponse.java","MencionResponse::MencionResponse","MencionResponse::MencionResponse()",24,24
1,1,8,0,1,"MencionResponse::getId@27-27@backend\Matricula\src\main\java\com\escuelaposgrado\Matricula\dto\response\MencionResponse.java","backend\Matricula\src\main\java\com\escuelaposgrado\Matricula\dto\response\MencionResponse.java","MencionResponse::getId","MencionResponse::getId()",27,27
1,1,13,1,1,"MencionResponse::setId@28-28@backend\Matricula\src\main\java\com\escuelaposgrado\Matricula\dto\response\MencionResponse.java","backend\Matricula\src\main\java\com\escuelaposgrado\Matricula\dto\response\MencionResponse.java","MencionResponse::setId","MencionResponse::setId( Long id)",28,28
1,1,8,0,1,"MencionResponse::getNombre@30-30@backend\Matricula\src\main\java\com\escuelaposgrado\Matricula\dto\response\MencionResponse.java","backend\Matricula\src\main\java\com\escuelaposgrado\Matricula\dto\response\MencionResponse.java","MencionResponse::getNombre","MencionResponse::getNombre()",30,30
1,1,13,1,1,"MencionResponse::setNombre@31-31@backend\Matricula\src\main\java\com\escuelaposgrado\Matricula\dto\response\MencionResponse.java","backend\Matricula\src\main\java\com\escuelaposgrado\Matricula\dto\response\MencionResponse.java","MencionResponse::setNombre","MencionResponse::setNombre( String nombre)",31,31
1,1,8,0,1,"MencionResponse::getCodigo@33-33@backend\Matricula\src\main\java\com\escuelaposgrado\Matricula\dto\response\MencionResponse.java","backend\Matricula\src\main\java\com\escuelaposgrado\Matricula\dto\response\MencionResponse.java","MencionResponse::getCodigo","MencionResponse::getCodigo()",33,33
1,1,13,1,1,"MencionResponse::setCodigo@34-34@backend\Matricula\src\main\java\com\escuelaposgrado\Matricula\dto\response\MencionResponse.java","backend\Matricula\src\main\java\com\escuelaposgrado\Matricula\dto\response\MencionResponse.java","MencionResponse::setCodigo","MencionResponse::setCodigo( String codigo)",34,34
1,1,8,0,1,"MencionResponse::getActivo@36-36@backend\Matricula\src\main\java\com\escuelaposgrado\Matricula\dto\response\MencionResponse.java","backend\Matricula\src\main\java\com\escuelaposgrado\Matricula\dto\response\MencionResponse.java","MencionResponse::getActivo","MencionResponse::getActivo()",36,36
1,1,13,1,1,"MencionResponse::setActivo@37-37@backend\Matricula\src\main\java\com\escuelaposgrado\Matricula\dto\response\MencionResponse.java","backend\Matricula\src\main\java\com\escuelaposgrado\Matricula\dto\response\MencionResponse.java","MencionResponse::setActivo","MencionResponse::setActivo( Boolean activo)",37,37
1,1,8,0,1,"MencionResponse::getDisponible@39-39@backend\Matricula\src\main\java\com\escuelaposgrado\Matricula\dto\response\MencionResponse.java","backend\Matricula\src\main\java\com\escuelaposgrado\Matricula\dto\response\MencionResponse.java","MencionResponse::getDisponible","MencionResponse::getDisponible()",39,39
1,1,13,1,1,"MencionResponse::setDisponible@40-40@backend\Matricula\src\main\java\com\escuelaposgrado\Matricula\dto\response\MencionResponse.java","backend\Matricula\src\main\java\com\escuelaposgrado\Matricula\dto\response\MencionResponse.java","MencionResponse::setDisponible","MencionResponse::setDisponible( Boolean disponible)",40,40
1,1,8,0,1,"MencionResponse::getDescripcion@42-42@backend\Matricula\src\main\java\com\escuelaposgrado\Matricula\dto\response\MencionResponse.java","backend\Matricula\src\main\java\com\escuelaposgrado\Matricula\dto\response\MencionResponse.java","MencionResponse::getDescripcion","MencionResponse::getDescripcion()",42,42
1,1,13,1,1,"MencionResponse::setDescripcion@43-43@backend\Matricula\src\main\java\com\escuelaposgrado\Matricula\dto\response\MencionResponse.java","backend\Matricula\src\main\java\com\escuelaposgrado\Matricula\dto\response\MencionResponse.java","MencionResponse::setDescripcion","MencionResponse::setDescripcion( String descripcion)",43,43
1,1,8,0,1,"MencionResponse::getRequisitos@45-45@backend\Matricula\src\main\java\com\escuelaposgrado\Matricula\dto\response\MencionResponse.java","backend\Matricula\src\main\java\com\escuelaposgrado\Matricula\dto\response\MencionResponse.java","MencionResponse::getRequisitos","MencionResponse::getRequisitos()",45,45
1,1,13,1,1,"MencionResponse::setRequisitos@46-46@backend\Matricula\src\main\java\com\escuelaposgrado\Matricula\dto\response\MencionResponse.java","backend\Matricula\src\main\java\com\escuelaposgrado\Matricula\dto\response\MencionResponse.java","MencionResponse::setRequisitos","MencionResponse::setRequisitos( String requisitos)",46,46
1,1,8,0,1,"MencionResponse::getFechaCreacion@48-48@backend\Matricula\src\main\java\com\escuelaposgrado\Matricula\dto\response\MencionResponse.java","backend\Matricula\src\main\java\com\escuelaposgrado\Matricula\dto\response\MencionResponse.java","MencionResponse::getFechaCreacion","MencionResponse::getFechaCreacion()",48,48
1,1,13,1,1,"MencionResponse::setFechaCreacion@49-49@backend\Matricula\src\main\java\com\escuelaposgrado\Matricula\dto\response\MencionResponse.java","backend\Matricula\src\main\java\com\escuelaposgrado\Matricula\dto\response\MencionResponse.java","MencionResponse::setFechaCreacion","MencionResponse::setFechaCreacion( LocalDateTime fechaCreacion)",49,49
1,1,8,0,1,"MencionResponse::getFechaActualizacion@51-51@backend\Matricula\src\main\java\com\escuelaposgrado\Matricula\dto\response\MencionResponse.java","backend\Matricula\src\main\java\com\escuelaposgrado\Matricula\dto\response\MencionResponse.java","MencionResponse::getFechaActualizacion","MencionResponse::getFechaActualizacion()",51,51
1,1,13,1,1,"MencionResponse::setFechaActualizacion@52-52@backend\Matricula\src\main\java\com\escuelaposgrado\Matricula\dto\response\MencionResponse.java","backend\Matricula\src\main\java\com\escuelaposgrado\Matricula\dto\response\MencionResponse.java","MencionResponse::setFechaActualizacion","MencionResponse::setFechaActualizacion( LocalDateTime fechaActualizacion)",52,52
1,1,8,0,1,"MencionResponse::getProgramaEstudio@54-54@backend\Matricula\src\main\java\com\escuelaposgrado\Matricula\dto\response\MencionResponse.java","backend\Matricula\src\main\java\com\escuelaposgrado\Matricula\dto\response\MencionResponse.java","MencionResponse::getProgramaEstudio","MencionResponse::getProgramaEstudio()",54,54
1,1,13,1,1,"MencionResponse::setProgramaEstudio@55-55@backend\Matricula\src\main\java\com\escuelaposgrado\Matricula\dto\response\MencionResponse.java","backend\Matricula\src\main\java\com\escuelaposgrado\Matricula\dto\response\MencionResponse.java","MencionResponse::setProgramaEstudio","MencionResponse::setProgramaEstudio( ProgramaEstudioBasicResponse programaEstudio)",55,55
1,1,5,0,1,"PeriodoAcademicoResponse::PeriodoAcademicoResponse@26-26@backend\Matricula\src\main\java\com\escuelaposgrado\Matricula\dto\response\PeriodoAcademicoResponse.java","backend\Matricula\src\main\java\com\escuelaposgrado\Matricula\dto\response\PeriodoAcademicoResponse.java","PeriodoAcademicoResponse::PeriodoAcademicoResponse","PeriodoAcademicoResponse::PeriodoAcademicoResponse()",26,26
20,1,130,14,20,"PeriodoAcademicoResponse::PeriodoAcademicoResponse@28-47@backend\Matricula\src\main\java\com\escuelaposgrado\Matricula\dto\response\PeriodoAcademicoResponse.java","backend\Matricula\src\main\java\com\escuelaposgrado\Matricula\dto\response\PeriodoAcademicoResponse.java","PeriodoAcademicoResponse::PeriodoAcademicoResponse","PeriodoAcademicoResponse::PeriodoAcademicoResponse( Long id , String codigo , String nombre , String anio , String semestre , LocalDateTime fechaInicio , LocalDateTime fechaFin , LocalDateTime fechaInicioMatricula , LocalDateTime fechaFinMatricula , Boolean activo , Boolean habilitado , String descripcion , LocalDateTime fechaCreacion , LocalDateTime fechaActualizacion)",28,47
1,1,8,0,1,"PeriodoAcademicoResponse::getId@50-50@backend\Matricula\src\main\java\com\escuelaposgrado\Matricula\dto\response\PeriodoAcademicoResponse.java","backend\Matricula\src\main\java\com\escuelaposgrado\Matricula\dto\response\PeriodoAcademicoResponse.java","PeriodoAcademicoResponse::getId","PeriodoAcademicoResponse::getId()",50,50
1,1,13,1,1,"PeriodoAcademicoResponse::setId@51-51@backend\Matricula\src\main\java\com\escuelaposgrado\Matricula\dto\response\PeriodoAcademicoResponse.java","backend\Matricula\src\main\java\com\escuelaposgrado\Matricula\dto\response\PeriodoAcademicoResponse.java","PeriodoAcademicoResponse::setId","PeriodoAcademicoResponse::setId( Long id)",51,51
1,1,8,0,1,"PeriodoAcademicoResponse::getNombre@53-53@backend\Matricula\src\main\java\com\escuelaposgrado\Matricula\dto\response\PeriodoAcademicoResponse.java","backend\Matricula\src\main\java\com\escuelaposgrado\Matricula\dto\response\PeriodoAcademicoResponse.java","PeriodoAcademicoResponse::getNombre","PeriodoAcademicoResponse::getNombre()",53,53
1,1,13,1,1,"PeriodoAcademicoResponse::setNombre@54-54@backend\Matricula\src\main\java\com\escuelaposgrado\Matricula\dto\response\PeriodoAcademicoResponse.java","backend\Matricula\src\main\java\com\escuelaposgrado\Matricula\dto\response\PeriodoAcademicoResponse.java","PeriodoAcademicoResponse::setNombre","PeriodoAcademicoResponse::setNombre( String nombre)",54,54
1,1,8,0,1,"PeriodoAcademicoResponse::getCodigo@56-56@backend\Matricula\src\main\java\com\escuelaposgrado\Matricula\dto\response\PeriodoAcademicoResponse.java","backend\Matricula\src\main\java\com\escuelaposgrado\Matricula\dto\response\PeriodoAcademicoResponse.java","PeriodoAcademicoResponse::getCodigo","PeriodoAcademicoResponse::getCodigo()",56,56
1,1,13,1,1,"PeriodoAcademicoResponse::setCodigo@57-57@backend\Matricula\src\main\java\com\escuelaposgrado\Matricula\dto\response\PeriodoAcademicoResponse.java","backend\Matricula\src\main\java\com\escuelaposgrado\Matricula\dto\response\PeriodoAcademicoResponse.java","PeriodoAcademicoResponse::setCodigo","PeriodoAcademicoResponse::setCodigo( String codigo)",57,57
1,1,8,0,1,"PeriodoAcademicoResponse::getAnio@59-59@backend\Matricula\src\main\java\com\escuelaposgrado\Matricula\dto\response\PeriodoAcademicoResponse.java","backend\Matricula\src\main\java\com\escuelaposgrado\Matricula\dto\response\PeriodoAcademicoResponse.java","PeriodoAcademicoResponse::getAnio","PeriodoAcademicoResponse::getAnio()",59,59
1,1,13,1,1,"PeriodoAcademicoResponse::setAnio@60-60@backend\Matricula\src\main\java\com\escuelaposgrado\Matricula\dto\response\PeriodoAcademicoResponse.java","backend\Matricula\src\main\java\com\escuelaposgrado\Matricula\dto\response\PeriodoAcademicoResponse.java","PeriodoAcademicoResponse::setAnio","PeriodoAcademicoResponse::setAnio( String anio)",60,60
1,1,8,0,1,"PeriodoAcademicoResponse::getSemestre@62-62@backend\Matricula\src\main\java\com\escuelaposgrado\Matricula\dto\response\PeriodoAcademicoResponse.java","backend\Matricula\src\main\java\com\escuelaposgrado\Matricula\dto\response\PeriodoAcademicoResponse.java","PeriodoAcademicoResponse::getSemestre","PeriodoAcademicoResponse::getSemestre()",62,62
1,1,13,1,1,"PeriodoAcademicoResponse::setSemestre@63-63@backend\Matricula\src\main\java\com\escuelaposgrado\Matricula\dto\response\PeriodoAcademicoResponse.java","backend\Matricula\src\main\java\com\escuelaposgrado\Matricula\dto\response\PeriodoAcademicoResponse.java","PeriodoAcademicoResponse::setSemestre","PeriodoAcademicoResponse::setSemestre( String semestre)",63,63
1,1,8,0,1,"PeriodoAcademicoResponse::getFechaInicio@65-65@backend\Matricula\src\main\java\com\escuelaposgrado\Matricula\dto\response\PeriodoAcademicoResponse.java","backend\Matricula\src\main\java\com\escuelaposgrado\Matricula\dto\response\PeriodoAcademicoResponse.java","PeriodoAcademicoResponse::getFechaInicio","PeriodoAcademicoResponse::getFechaInicio()",65,65
1,1,13,1,1,"PeriodoAcademicoResponse::setFechaInicio@66-66@backend\Matricula\src\main\java\com\escuelaposgrado\Matricula\dto\response\PeriodoAcademicoResponse.java","backend\Matricula\src\main\java\com\escuelaposgrado\Matricula\dto\response\PeriodoAcademicoResponse.java","PeriodoAcademicoResponse::setFechaInicio","PeriodoAcademicoResponse::setFechaInicio( LocalDateTime fechaInicio)",66,66
1,1,8,0,1,"PeriodoAcademicoResponse::getFechaFin@68-68@backend\Matricula\src\main\java\com\escuelaposgrado\Matricula\dto\response\PeriodoAcademicoResponse.java","backend\Matricula\src\main\java\com\escuelaposgrado\Matricula\dto\response\PeriodoAcademicoResponse.java","PeriodoAcademicoResponse::getFechaFin","PeriodoAcademicoResponse::getFechaFin()",68,68
1,1,13,1,1,"PeriodoAcademicoResponse::setFechaFin@69-69@backend\Matricula\src\main\java\com\escuelaposgrado\Matricula\dto\response\PeriodoAcademicoResponse.java","backend\Matricula\src\main\java\com\escuelaposgrado\Matricula\dto\response\PeriodoAcademicoResponse.java","PeriodoAcademicoResponse::setFechaFin","PeriodoAcademicoResponse::setFechaFin( LocalDateTime fechaFin)",69,69
1,1,8,0,1,"PeriodoAcademicoResponse::getFechaInicioMatricula@71-71@backend\Matricula\src\main\java\com\escuelaposgrado\Matricula\dto\response\PeriodoAcademicoResponse.java","backend\Matricula\src\main\java\com\escuelaposgrado\Matricula\dto\response\PeriodoAcademicoResponse.java","PeriodoAcademicoResponse::getFechaInicioMatricula","PeriodoAcademicoResponse::getFechaInicioMatricula()",71,71
1,1,13,1,1,"PeriodoAcademicoResponse::setFechaInicioMatricula@72-72@backend\Matricula\src\main\java\com\escuelaposgrado\Matricula\dto\response\PeriodoAcademicoResponse.java","backend\Matricula\src\main\java\com\escuelaposgrado\Matricula\dto\response\PeriodoAcademicoResponse.java","PeriodoAcademicoResponse::setFechaInicioMatricula","PeriodoAcademicoResponse::setFechaInicioMatricula( LocalDateTime fechaInicioMatricula)",72,72
1,1,8,0,1,"PeriodoAcademicoResponse::getFechaFinMatricula@74-74@backend\Matricula\src\main\java\com\escuelaposgrado\Matricula\dto\response\PeriodoAcademicoResponse.java","backend\Matricula\src\main\java\com\escuelaposgrado\Matricula\dto\response\PeriodoAcademicoResponse.java","PeriodoAcademicoResponse::getFechaFinMatricula","PeriodoAcademicoResponse::getFechaFinMatricula()",74,74
1,1,13,1,1,"PeriodoAcademicoResponse::setFechaFinMatricula@75-75@backend\Matricula\src\main\java\com\escuelaposgrado\Matricula\dto\response\PeriodoAcademicoResponse.java","backend\Matricula\src\main\java\com\escuelaposgrado\Matricula\dto\response\PeriodoAcademicoResponse.java","PeriodoAcademicoResponse::setFechaFinMatricula","PeriodoAcademicoResponse::setFechaFinMatricula( LocalDateTime fechaFinMatricula)",75,75
1,1,8,0,1,"PeriodoAcademicoResponse::getActivo@77-77@backend\Matricula\src\main\java\com\escuelaposgrado\Matricula\dto\response\PeriodoAcademicoResponse.java","backend\Matricula\src\main\java\com\escuelaposgrado\Matricula\dto\response\PeriodoAcademicoResponse.java","PeriodoAcademicoResponse::getActivo","PeriodoAcademicoResponse::getActivo()",77,77
1,1,13,1,1,"PeriodoAcademicoResponse::setActivo@78-78@backend\Matricula\src\main\java\com\escuelaposgrado\Matricula\dto\response\PeriodoAcademicoResponse.java","backend\Matricula\src\main\java\com\escuelaposgrado\Matricula\dto\response\PeriodoAcademicoResponse.java","PeriodoAcademicoResponse::setActivo","PeriodoAcademicoResponse::setActivo( Boolean activo)",78,78
1,1,8,0,1,"PeriodoAcademicoResponse::getHabilitado@80-80@backend\Matricula\src\main\java\com\escuelaposgrado\Matricula\dto\response\PeriodoAcademicoResponse.java","backend\Matricula\src\main\java\com\escuelaposgrado\Matricula\dto\response\PeriodoAcademicoResponse.java","PeriodoAcademicoResponse::getHabilitado","PeriodoAcademicoResponse::getHabilitado()",80,80
1,1,13,1,1,"PeriodoAcademicoResponse::setHabilitado@81-81@backend\Matricula\src\main\java\com\escuelaposgrado\Matricula\dto\response\PeriodoAcademicoResponse.java","backend\Matricula\src\main\java\com\escuelaposgrado\Matricula\dto\response\PeriodoAcademicoResponse.java","PeriodoAcademicoResponse::setHabilitado","PeriodoAcademicoResponse::setHabilitado( Boolean habilitado)",81,81
1,1,8,0,1,"PeriodoAcademicoResponse::getDescripcion@83-83@backend\Matricula\src\main\java\com\escuelaposgrado\Matricula\dto\response\PeriodoAcademicoResponse.java","backend\Matricula\src\main\java\com\escuelaposgrado\Matricula\dto\response\PeriodoAcademicoResponse.java","PeriodoAcademicoResponse::getDescripcion","PeriodoAcademicoResponse::getDescripcion()",83,83
1,1,13,1,1,"PeriodoAcademicoResponse::setDescripcion@84-84@backend\Matricula\src\main\java\com\escuelaposgrado\Matricula\dto\response\PeriodoAcademicoResponse.java","backend\Matricula\src\main\java\com\escuelaposgrado\Matricula\dto\response\PeriodoAcademicoResponse.java","PeriodoAcademicoResponse::setDescripcion","PeriodoAcademicoResponse::setDescripcion( String descripcion)",84,84
1,1,8,0,1,"PeriodoAcademicoResponse::getFechaCreacion@86-86@backend\Matricula\src\main\java\com\escuelaposgrado\Matricula\dto\response\PeriodoAcademicoResponse.java","backend\Matricula\src\main\java\com\escuelaposgrado\Matricula\dto\response\PeriodoAcademicoResponse.java","PeriodoAcademicoResponse::getFechaCreacion","PeriodoAcademicoResponse::getFechaCreacion()",86,86
1,1,13,1,1,"PeriodoAcademicoResponse::setFechaCreacion@87-87@backend\Matricula\src\main\java\com\escuelaposgrado\Matricula\dto\response\PeriodoAcademicoResponse.java","backend\Matricula\src\main\java\com\escuelaposgrado\Matricula\dto\response\PeriodoAcademicoResponse.java","PeriodoAcademicoResponse::setFechaCreacion","PeriodoAcademicoResponse::setFechaCreacion( LocalDateTime fechaCreacion)",87,87
1,1,8,0,1,"PeriodoAcademicoResponse::getFechaActualizacion@89-89@backend\Matricula\src\main\java\com\escuelaposgrado\Matricula\dto\response\PeriodoAcademicoResponse.java","backend\Matricula\src\main\java\com\escuelaposgrado\Matricula\dto\response\PeriodoAcademicoResponse.java","PeriodoAcademicoResponse::getFechaActualizacion","PeriodoAcademicoResponse::getFechaActualizacion()",89,89
1,1,13,1,1,"PeriodoAcademicoResponse::setFechaActualizacion@90-90@backend\Matricula\src\main\java\com\escuelaposgrado\Matricula\dto\response\PeriodoAcademicoResponse.java","backend\Matricula\src\main\java\com\escuelaposgrado\Matricula\dto\response\PeriodoAcademicoResponse.java","PeriodoAcademicoResponse::setFechaActualizacion","PeriodoAcademicoResponse::setFechaActualizacion( LocalDateTime fechaActualizacion)",90,90
1,1,5,0,1,"ProgramaEstudioResponse::ProgramaEstudioResponse@28-28@backend\Matricula\src\main\java\com\escuelaposgrado\Matricula\dto\response\ProgramaEstudioResponse.java","backend\Matricula\src\main\java\com\escuelaposgrado\Matricula\dto\response\ProgramaEstudioResponse.java","ProgramaEstudioResponse::ProgramaEstudioResponse","ProgramaEstudioResponse::ProgramaEstudioResponse()",28,28
15,1,103,11,15,"ProgramaEstudioResponse::ProgramaEstudioResponse@30-44@backend\Matricula\src\main\java\com\escuelaposgrado\Matricula\dto\response\ProgramaEstudioResponse.java","backend\Matricula\src\main\java\com\escuelaposgrado\Matricula\dto\response\ProgramaEstudioResponse.java","ProgramaEstudioResponse::ProgramaEstudioResponse","ProgramaEstudioResponse::ProgramaEstudioResponse( Long id , String nombre , String codigo , String nivel , String modalidad , Integer duracionSemestres , Integer creditosTotales , Boolean activo , Boolean disponible , String descripcion , String objetivos)",30,44
3,1,8,0,3,"ProgramaEstudioResponse::getId@47-49@backend\Matricula\src\main\java\com\escuelaposgrado\Matricula\dto\response\ProgramaEstudioResponse.java","backend\Matricula\src\main\java\com\escuelaposgrado\Matricula\dto\response\ProgramaEstudioResponse.java","ProgramaEstudioResponse::getId","ProgramaEstudioResponse::getId()",47,49
3,1,13,1,3,"ProgramaEstudioResponse::setId@51-53@backend\Matricula\src\main\java\com\escuelaposgrado\Matricula\dto\response\ProgramaEstudioResponse.java","backend\Matricula\src\main\java\com\escuelaposgrado\Matricula\dto\response\ProgramaEstudioResponse.java","ProgramaEstudioResponse::setId","ProgramaEstudioResponse::setId( Long id)",51,53
3,1,8,0,3,"ProgramaEstudioResponse::getNombre@55-57@backend\Matricula\src\main\java\com\escuelaposgrado\Matricula\dto\response\ProgramaEstudioResponse.java","backend\Matricula\src\main\java\com\escuelaposgrado\Matricula\dto\response\ProgramaEstudioResponse.java","ProgramaEstudioResponse::getNombre","ProgramaEstudioResponse::getNombre()",55,57
3,1,13,1,3,"ProgramaEstudioResponse::setNombre@59-61@backend\Matricula\src\main\java\com\escuelaposgrado\Matricula\dto\response\ProgramaEstudioResponse.java","backend\Matricula\src\main\java\com\escuelaposgrado\Matricula\dto\response\ProgramaEstudioResponse.java","ProgramaEstudioResponse::setNombre","ProgramaEstudioResponse::setNombre( String nombre)",59,61
3,1,8,0,3,"ProgramaEstudioResponse::getCodigo@63-65@backend\Matricula\src\main\java\com\escuelaposgrado\Matricula\dto\response\ProgramaEstudioResponse.java","backend\Matricula\src\main\java\com\escuelaposgrado\Matricula\dto\response\ProgramaEstudioResponse.java","ProgramaEstudioResponse::getCodigo","ProgramaEstudioResponse::getCodigo()",63,65
3,1,13,1,3,"ProgramaEstudioResponse::setCodigo@67-69@backend\Matricula\src\main\java\com\escuelaposgrado\Matricula\dto\response\ProgramaEstudioResponse.java","backend\Matricula\src\main\java\com\escuelaposgrado\Matricula\dto\response\ProgramaEstudioResponse.java","ProgramaEstudioResponse::setCodigo","ProgramaEstudioResponse::setCodigo( String codigo)",67,69
3,1,8,0,3,"ProgramaEstudioResponse::getNivel@71-73@backend\Matricula\src\main\java\com\escuelaposgrado\Matricula\dto\response\ProgramaEstudioResponse.java","backend\Matricula\src\main\java\com\escuelaposgrado\Matricula\dto\response\ProgramaEstudioResponse.java","ProgramaEstudioResponse::getNivel","ProgramaEstudioResponse::getNivel()",71,73
3,1,13,1,3,"ProgramaEstudioResponse::setNivel@75-77@backend\Matricula\src\main\java\com\escuelaposgrado\Matricula\dto\response\ProgramaEstudioResponse.java","backend\Matricula\src\main\java\com\escuelaposgrado\Matricula\dto\response\ProgramaEstudioResponse.java","ProgramaEstudioResponse::setNivel","ProgramaEstudioResponse::setNivel( String nivel)",75,77
3,1,8,0,3,"ProgramaEstudioResponse::getModalidad@79-81@backend\Matricula\src\main\java\com\escuelaposgrado\Matricula\dto\response\ProgramaEstudioResponse.java","backend\Matricula\src\main\java\com\escuelaposgrado\Matricula\dto\response\ProgramaEstudioResponse.java","ProgramaEstudioResponse::getModalidad","ProgramaEstudioResponse::getModalidad()",79,81
3,1,13,1,3,"ProgramaEstudioResponse::setModalidad@83-85@backend\Matricula\src\main\java\com\escuelaposgrado\Matricula\dto\response\ProgramaEstudioResponse.java","backend\Matricula\src\main\java\com\escuelaposgrado\Matricula\dto\response\ProgramaEstudioResponse.java","ProgramaEstudioResponse::setModalidad","ProgramaEstudioResponse::setModalidad( String modalidad)",83,85
3,1,8,0,3,"ProgramaEstudioResponse::getDuracionSemestres@87-89@backend\Matricula\src\main\java\com\escuelaposgrado\Matricula\dto\response\ProgramaEstudioResponse.java","backend\Matricula\src\main\java\com\escuelaposgrado\Matricula\dto\response\ProgramaEstudioResponse.java","ProgramaEstudioResponse::getDuracionSemestres","ProgramaEstudioResponse::getDuracionSemestres()",87,89
3,1,13,1,3,"ProgramaEstudioResponse::setDuracionSemestres@91-93@backend\Matricula\src\main\java\com\escuelaposgrado\Matricula\dto\response\ProgramaEstudioResponse.java","backend\Matricula\src\main\java\com\escuelaposgrado\Matricula\dto\response\ProgramaEstudioResponse.java","ProgramaEstudioResponse::setDuracionSemestres","ProgramaEstudioResponse::setDuracionSemestres( Integer duracionSemestres)",91,93
3,1,8,0,3,"ProgramaEstudioResponse::getCreditosTotales@95-97@backend\Matricula\src\main\java\com\escuelaposgrado\Matricula\dto\response\ProgramaEstudioResponse.java","backend\Matricula\src\main\java\com\escuelaposgrado\Matricula\dto\response\ProgramaEstudioResponse.java","ProgramaEstudioResponse::getCreditosTotales","ProgramaEstudioResponse::getCreditosTotales()",95,97
3,1,13,1,3,"ProgramaEstudioResponse::setCreditosTotales@99-101@backend\Matricula\src\main\java\com\escuelaposgrado\Matricula\dto\response\ProgramaEstudioResponse.java","backend\Matricula\src\main\java\com\escuelaposgrado\Matricula\dto\response\ProgramaEstudioResponse.java","ProgramaEstudioResponse::setCreditosTotales","ProgramaEstudioResponse::setCreditosTotales( Integer creditosTotales)",99,101
3,1,8,0,3,"ProgramaEstudioResponse::getActivo@103-105@backend\Matricula\src\main\java\com\escuelaposgrado\Matricula\dto\response\ProgramaEstudioResponse.java","backend\Matricula\src\main\java\com\escuelaposgrado\Matricula\dto\response\ProgramaEstudioResponse.java","ProgramaEstudioResponse::getActivo","ProgramaEstudioResponse::getActivo()",103,105
3,1,13,1,3,"ProgramaEstudioResponse::setActivo@107-109@backend\Matricula\src\main\java\com\escuelaposgrado\Matricula\dto\response\ProgramaEstudioResponse.java","backend\Matricula\src\main\java\com\escuelaposgrado\Matricula\dto\response\ProgramaEstudioResponse.java","ProgramaEstudioResponse::setActivo","ProgramaEstudioResponse::setActivo( Boolean activo)",107,109
3,1,8,0,3,"ProgramaEstudioResponse::getDisponible@111-113@backend\Matricula\src\main\java\com\escuelaposgrado\Matricula\dto\response\ProgramaEstudioResponse.java","backend\Matricula\src\main\java\com\escuelaposgrado\Matricula\dto\response\ProgramaEstudioResponse.java","ProgramaEstudioResponse::getDisponible","ProgramaEstudioResponse::getDisponible()",111,113
3,1,13,1,3,"ProgramaEstudioResponse::setDisponible@115-117@backend\Matricula\src\main\java\com\escuelaposgrado\Matricula\dto\response\ProgramaEstudioResponse.java","backend\Matricula\src\main\java\com\escuelaposgrado\Matricula\dto\response\ProgramaEstudioResponse.java","ProgramaEstudioResponse::setDisponible","ProgramaEstudioResponse::setDisponible( Boolean disponible)",115,117
3,1,8,0,3,"ProgramaEstudioResponse::getDescripcion@119-121@backend\Matricula\src\main\java\com\escuelaposgrado\Matricula\dto\response\ProgramaEstudioResponse.java","backend\Matricula\src\main\java\com\escuelaposgrado\Matricula\dto\response\ProgramaEstudioResponse.java","ProgramaEstudioResponse::getDescripcion","ProgramaEstudioResponse::getDescripcion()",119,121
3,1,13,1,3,"ProgramaEstudioResponse::setDescripcion@123-125@backend\Matricula\src\main\java\com\escuelaposgrado\Matricula\dto\response\ProgramaEstudioResponse.java","backend\Matricula\src\main\java\com\escuelaposgrado\Matricula\dto\response\ProgramaEstudioResponse.java","ProgramaEstudioResponse::setDescripcion","ProgramaEstudioResponse::setDescripcion( String descripcion)",123,125
3,1,8,0,3,"ProgramaEstudioResponse::getObjetivos@127-129@backend\Matricula\src\main\java\com\escuelaposgrado\Matricula\dto\response\ProgramaEstudioResponse.java","backend\Matricula\src\main\java\com\escuelaposgrado\Matricula\dto\response\ProgramaEstudioResponse.java","ProgramaEstudioResponse::getObjetivos","ProgramaEstudioResponse::getObjetivos()",127,129
3,1,13,1,3,"ProgramaEstudioResponse::setObjetivos@131-133@backend\Matricula\src\main\java\com\escuelaposgrado\Matricula\dto\response\ProgramaEstudioResponse.java","backend\Matricula\src\main\java\com\escuelaposgrado\Matricula\dto\response\ProgramaEstudioResponse.java","ProgramaEstudioResponse::setObjetivos","ProgramaEstudioResponse::setObjetivos( String objetivos)",131,133
3,1,8,0,3,"ProgramaEstudioResponse::getFacultad@135-137@backend\Matricula\src\main\java\com\escuelaposgrado\Matricula\dto\response\ProgramaEstudioResponse.java","backend\Matricula\src\main\java\com\escuelaposgrado\Matricula\dto\response\ProgramaEstudioResponse.java","ProgramaEstudioResponse::getFacultad","ProgramaEstudioResponse::getFacultad()",135,137
3,1,13,1,3,"ProgramaEstudioResponse::setFacultad@139-141@backend\Matricula\src\main\java\com\escuelaposgrado\Matricula\dto\response\ProgramaEstudioResponse.java","backend\Matricula\src\main\java\com\escuelaposgrado\Matricula\dto\response\ProgramaEstudioResponse.java","ProgramaEstudioResponse::setFacultad","ProgramaEstudioResponse::setFacultad( FacultadBasicResponse facultad)",139,141
3,1,8,0,3,"ProgramaEstudioResponse::getFechaCreacion@143-145@backend\Matricula\src\main\java\com\escuelaposgrado\Matricula\dto\response\ProgramaEstudioResponse.java","backend\Matricula\src\main\java\com\escuelaposgrado\Matricula\dto\response\ProgramaEstudioResponse.java","ProgramaEstudioResponse::getFechaCreacion","ProgramaEstudioResponse::getFechaCreacion()",143,145
3,1,13,1,3,"ProgramaEstudioResponse::setFechaCreacion@147-149@backend\Matricula\src\main\java\com\escuelaposgrado\Matricula\dto\response\ProgramaEstudioResponse.java","backend\Matricula\src\main\java\com\escuelaposgrado\Matricula\dto\response\ProgramaEstudioResponse.java","ProgramaEstudioResponse::setFechaCreacion","ProgramaEstudioResponse::setFechaCreacion( LocalDateTime fechaCreacion)",147,149
3,1,8,0,3,"ProgramaEstudioResponse::getFechaActualizacion@151-153@backend\Matricula\src\main\java\com\escuelaposgrado\Matricula\dto\response\ProgramaEstudioResponse.java","backend\Matricula\src\main\java\com\escuelaposgrado\Matricula\dto\response\ProgramaEstudioResponse.java","ProgramaEstudioResponse::getFechaActualizacion","ProgramaEstudioResponse::getFechaActualizacion()",151,153
3,1,13,1,3,"ProgramaEstudioResponse::setFechaActualizacion@155-157@backend\Matricula\src\main\java\com\escuelaposgrado\Matricula\dto\response\ProgramaEstudioResponse.java","backend\Matricula\src\main\java\com\escuelaposgrado\Matricula\dto\response\ProgramaEstudioResponse.java","ProgramaEstudioResponse::setFechaActualizacion","ProgramaEstudioResponse::setFechaActualizacion( LocalDateTime fechaActualizacion)",155,157
1,1,5,0,1,"SedeResponse::SedeResponse@21-21@backend\Matricula\src\main\java\com\escuelaposgrado\Matricula\dto\response\SedeResponse.java","backend\Matricula\src\main\java\com\escuelaposgrado\Matricula\dto\response\SedeResponse.java","SedeResponse::SedeResponse","SedeResponse::SedeResponse()",21,21
9,1,67,7,9,"SedeResponse::SedeResponse@23-31@backend\Matricula\src\main\java\com\escuelaposgrado\Matricula\dto\response\SedeResponse.java","backend\Matricula\src\main\java\com\escuelaposgrado\Matricula\dto\response\SedeResponse.java","SedeResponse::SedeResponse","SedeResponse::SedeResponse( Long id , String nombre , String codigo , String direccion , String telefono , String email , Boolean activo)",23,31
3,1,8,0,3,"SedeResponse::getId@34-36@backend\Matricula\src\main\java\com\escuelaposgrado\Matricula\dto\response\SedeResponse.java","backend\Matricula\src\main\java\com\escuelaposgrado\Matricula\dto\response\SedeResponse.java","SedeResponse::getId","SedeResponse::getId()",34,36
3,1,13,1,3,"SedeResponse::setId@38-40@backend\Matricula\src\main\java\com\escuelaposgrado\Matricula\dto\response\SedeResponse.java","backend\Matricula\src\main\java\com\escuelaposgrado\Matricula\dto\response\SedeResponse.java","SedeResponse::setId","SedeResponse::setId( Long id)",38,40
3,1,8,0,3,"SedeResponse::getNombre@42-44@backend\Matricula\src\main\java\com\escuelaposgrado\Matricula\dto\response\SedeResponse.java","backend\Matricula\src\main\java\com\escuelaposgrado\Matricula\dto\response\SedeResponse.java","SedeResponse::getNombre","SedeResponse::getNombre()",42,44
3,1,13,1,3,"SedeResponse::setNombre@46-48@backend\Matricula\src\main\java\com\escuelaposgrado\Matricula\dto\response\SedeResponse.java","backend\Matricula\src\main\java\com\escuelaposgrado\Matricula\dto\response\SedeResponse.java","SedeResponse::setNombre","SedeResponse::setNombre( String nombre)",46,48
3,1,8,0,3,"SedeResponse::getCodigo@50-52@backend\Matricula\src\main\java\com\escuelaposgrado\Matricula\dto\response\SedeResponse.java","backend\Matricula\src\main\java\com\escuelaposgrado\Matricula\dto\response\SedeResponse.java","SedeResponse::getCodigo","SedeResponse::getCodigo()",50,52
3,1,13,1,3,"SedeResponse::setCodigo@54-56@backend\Matricula\src\main\java\com\escuelaposgrado\Matricula\dto\response\SedeResponse.java","backend\Matricula\src\main\java\com\escuelaposgrado\Matricula\dto\response\SedeResponse.java","SedeResponse::setCodigo","SedeResponse::setCodigo( String codigo)",54,56
3,1,8,0,3,"SedeResponse::getDireccion@58-60@backend\Matricula\src\main\java\com\escuelaposgrado\Matricula\dto\response\SedeResponse.java","backend\Matricula\src\main\java\com\escuelaposgrado\Matricula\dto\response\SedeResponse.java","SedeResponse::getDireccion","SedeResponse::getDireccion()",58,60
3,1,13,1,3,"SedeResponse::setDireccion@62-64@backend\Matricula\src\main\java\com\escuelaposgrado\Matricula\dto\response\SedeResponse.java","backend\Matricula\src\main\java\com\escuelaposgrado\Matricula\dto\response\SedeResponse.java","SedeResponse::setDireccion","SedeResponse::setDireccion( String direccion)",62,64
3,1,8,0,3,"SedeResponse::getTelefono@66-68@backend\Matricula\src\main\java\com\escuelaposgrado\Matricula\dto\response\SedeResponse.java","backend\Matricula\src\main\java\com\escuelaposgrado\Matricula\dto\response\SedeResponse.java","SedeResponse::getTelefono","SedeResponse::getTelefono()",66,68
3,1,13,1,3,"SedeResponse::setTelefono@70-72@backend\Matricula\src\main\java\com\escuelaposgrado\Matricula\dto\response\SedeResponse.java","backend\Matricula\src\main\java\com\escuelaposgrado\Matricula\dto\response\SedeResponse.java","SedeResponse::setTelefono","SedeResponse::setTelefono( String telefono)",70,72
3,1,8,0,3,"SedeResponse::getEmail@74-76@backend\Matricula\src\main\java\com\escuelaposgrado\Matricula\dto\response\SedeResponse.java","backend\Matricula\src\main\java\com\escuelaposgrado\Matricula\dto\response\SedeResponse.java","SedeResponse::getEmail","SedeResponse::getEmail()",74,76
3,1,13,1,3,"SedeResponse::setEmail@78-80@backend\Matricula\src\main\java\com\escuelaposgrado\Matricula\dto\response\SedeResponse.java","backend\Matricula\src\main\java\com\escuelaposgrado\Matricula\dto\response\SedeResponse.java","SedeResponse::setEmail","SedeResponse::setEmail( String email)",78,80
3,1,8,0,3,"SedeResponse::getActivo@82-84@backend\Matricula\src\main\java\com\escuelaposgrado\Matricula\dto\response\SedeResponse.java","backend\Matricula\src\main\java\com\escuelaposgrado\Matricula\dto\response\SedeResponse.java","SedeResponse::getActivo","SedeResponse::getActivo()",82,84
3,1,13,1,3,"SedeResponse::setActivo@86-88@backend\Matricula\src\main\java\com\escuelaposgrado\Matricula\dto\response\SedeResponse.java","backend\Matricula\src\main\java\com\escuelaposgrado\Matricula\dto\response\SedeResponse.java","SedeResponse::setActivo","SedeResponse::setActivo( Boolean activo)",86,88
3,1,8,0,3,"SedeResponse::getFechaCreacion@90-92@backend\Matricula\src\main\java\com\escuelaposgrado\Matricula\dto\response\SedeResponse.java","backend\Matricula\src\main\java\com\escuelaposgrado\Matricula\dto\response\SedeResponse.java","SedeResponse::getFechaCreacion","SedeResponse::getFechaCreacion()",90,92
3,1,13,1,3,"SedeResponse::setFechaCreacion@94-96@backend\Matricula\src\main\java\com\escuelaposgrado\Matricula\dto\response\SedeResponse.java","backend\Matricula\src\main\java\com\escuelaposgrado\Matricula\dto\response\SedeResponse.java","SedeResponse::setFechaCreacion","SedeResponse::setFechaCreacion( LocalDateTime fechaCreacion)",94,96
3,1,8,0,3,"SedeResponse::getFechaActualizacion@98-100@backend\Matricula\src\main\java\com\escuelaposgrado\Matricula\dto\response\SedeResponse.java","backend\Matricula\src\main\java\com\escuelaposgrado\Matricula\dto\response\SedeResponse.java","SedeResponse::getFechaActualizacion","SedeResponse::getFechaActualizacion()",98,100
3,1,13,1,3,"SedeResponse::setFechaActualizacion@102-104@backend\Matricula\src\main\java\com\escuelaposgrado\Matricula\dto\response\SedeResponse.java","backend\Matricula\src\main\java\com\escuelaposgrado\Matricula\dto\response\SedeResponse.java","SedeResponse::setFechaActualizacion","SedeResponse::setFechaActualizacion( LocalDateTime fechaActualizacion)",102,104
1,1,5,0,1,"TasaPagoResponse::TasaPagoResponse@29-29@backend\Matricula\src\main\java\com\escuelaposgrado\Matricula\dto\response\TasaPagoResponse.java","backend\Matricula\src\main\java\com\escuelaposgrado\Matricula\dto\response\TasaPagoResponse.java","TasaPagoResponse::TasaPagoResponse","TasaPagoResponse::TasaPagoResponse()",29,29
12,1,85,9,12,"TasaPagoResponse::TasaPagoResponse@31-42@backend\Matricula\src\main\java\com\escuelaposgrado\Matricula\dto\response\TasaPagoResponse.java","backend\Matricula\src\main\java\com\escuelaposgrado\Matricula\dto\response\TasaPagoResponse.java","TasaPagoResponse::TasaPagoResponse","TasaPagoResponse::TasaPagoResponse( Long id , String concepto , String codigo , BigDecimal monto , String moneda , String tipo , Boolean activo , Boolean obligatorio , String descripcion)",31,42
3,1,8,0,3,"TasaPagoResponse::getId@45-47@backend\Matricula\src\main\java\com\escuelaposgrado\Matricula\dto\response\TasaPagoResponse.java","backend\Matricula\src\main\java\com\escuelaposgrado\Matricula\dto\response\TasaPagoResponse.java","TasaPagoResponse::getId","TasaPagoResponse::getId()",45,47
3,1,13,1,3,"TasaPagoResponse::setId@49-51@backend\Matricula\src\main\java\com\escuelaposgrado\Matricula\dto\response\TasaPagoResponse.java","backend\Matricula\src\main\java\com\escuelaposgrado\Matricula\dto\response\TasaPagoResponse.java","TasaPagoResponse::setId","TasaPagoResponse::setId( Long id)",49,51
3,1,8,0,3,"TasaPagoResponse::getConcepto@53-55@backend\Matricula\src\main\java\com\escuelaposgrado\Matricula\dto\response\TasaPagoResponse.java","backend\Matricula\src\main\java\com\escuelaposgrado\Matricula\dto\response\TasaPagoResponse.java","TasaPagoResponse::getConcepto","TasaPagoResponse::getConcepto()",53,55
3,1,13,1,3,"TasaPagoResponse::setConcepto@57-59@backend\Matricula\src\main\java\com\escuelaposgrado\Matricula\dto\response\TasaPagoResponse.java","backend\Matricula\src\main\java\com\escuelaposgrado\Matricula\dto\response\TasaPagoResponse.java","TasaPagoResponse::setConcepto","TasaPagoResponse::setConcepto( String concepto)",57,59
3,1,8,0,3,"TasaPagoResponse::getCodigo@61-63@backend\Matricula\src\main\java\com\escuelaposgrado\Matricula\dto\response\TasaPagoResponse.java","backend\Matricula\src\main\java\com\escuelaposgrado\Matricula\dto\response\TasaPagoResponse.java","TasaPagoResponse::getCodigo","TasaPagoResponse::getCodigo()",61,63
3,1,13,1,3,"TasaPagoResponse::setCodigo@65-67@backend\Matricula\src\main\java\com\escuelaposgrado\Matricula\dto\response\TasaPagoResponse.java","backend\Matricula\src\main\java\com\escuelaposgrado\Matricula\dto\response\TasaPagoResponse.java","TasaPagoResponse::setCodigo","TasaPagoResponse::setCodigo( String codigo)",65,67
3,1,8,0,3,"TasaPagoResponse::getMonto@69-71@backend\Matricula\src\main\java\com\escuelaposgrado\Matricula\dto\response\TasaPagoResponse.java","backend\Matricula\src\main\java\com\escuelaposgrado\Matricula\dto\response\TasaPagoResponse.java","TasaPagoResponse::getMonto","TasaPagoResponse::getMonto()",69,71
3,1,13,1,3,"TasaPagoResponse::setMonto@73-75@backend\Matricula\src\main\java\com\escuelaposgrado\Matricula\dto\response\TasaPagoResponse.java","backend\Matricula\src\main\java\com\escuelaposgrado\Matricula\dto\response\TasaPagoResponse.java","TasaPagoResponse::setMonto","TasaPagoResponse::setMonto( BigDecimal monto)",73,75
3,1,8,0,3,"TasaPagoResponse::getMoneda@77-79@backend\Matricula\src\main\java\com\escuelaposgrado\Matricula\dto\response\TasaPagoResponse.java","backend\Matricula\src\main\java\com\escuelaposgrado\Matricula\dto\response\TasaPagoResponse.java","TasaPagoResponse::getMoneda","TasaPagoResponse::getMoneda()",77,79
3,1,13,1,3,"TasaPagoResponse::setMoneda@81-83@backend\Matricula\src\main\java\com\escuelaposgrado\Matricula\dto\response\TasaPagoResponse.java","backend\Matricula\src\main\java\com\escuelaposgrado\Matricula\dto\response\TasaPagoResponse.java","TasaPagoResponse::setMoneda","TasaPagoResponse::setMoneda( String moneda)",81,83
3,1,8,0,3,"TasaPagoResponse::getTipo@85-87@backend\Matricula\src\main\java\com\escuelaposgrado\Matricula\dto\response\TasaPagoResponse.java","backend\Matricula\src\main\java\com\escuelaposgrado\Matricula\dto\response\TasaPagoResponse.java","TasaPagoResponse::getTipo","TasaPagoResponse::getTipo()",85,87
3,1,13,1,3,"TasaPagoResponse::setTipo@89-91@backend\Matricula\src\main\java\com\escuelaposgrado\Matricula\dto\response\TasaPagoResponse.java","backend\Matricula\src\main\java\com\escuelaposgrado\Matricula\dto\response\TasaPagoResponse.java","TasaPagoResponse::setTipo","TasaPagoResponse::setTipo( String tipo)",89,91
3,1,8,0,3,"TasaPagoResponse::getActivo@93-95@backend\Matricula\src\main\java\com\escuelaposgrado\Matricula\dto\response\TasaPagoResponse.java","backend\Matricula\src\main\java\com\escuelaposgrado\Matricula\dto\response\TasaPagoResponse.java","TasaPagoResponse::getActivo","TasaPagoResponse::getActivo()",93,95
3,1,13,1,3,"TasaPagoResponse::setActivo@97-99@backend\Matricula\src\main\java\com\escuelaposgrado\Matricula\dto\response\TasaPagoResponse.java","backend\Matricula\src\main\java\com\escuelaposgrado\Matricula\dto\response\TasaPagoResponse.java","TasaPagoResponse::setActivo","TasaPagoResponse::setActivo( Boolean activo)",97,99
3,1,8,0,3,"TasaPagoResponse::getObligatorio@101-103@backend\Matricula\src\main\java\com\escuelaposgrado\Matricula\dto\response\TasaPagoResponse.java","backend\Matricula\src\main\java\com\escuelaposgrado\Matricula\dto\response\TasaPagoResponse.java","TasaPagoResponse::getObligatorio","TasaPagoResponse::getObligatorio()",101,103
3,1,13,1,3,"TasaPagoResponse::setObligatorio@105-107@backend\Matricula\src\main\java\com\escuelaposgrado\Matricula\dto\response\TasaPagoResponse.java","backend\Matricula\src\main\java\com\escuelaposgrado\Matricula\dto\response\TasaPagoResponse.java","TasaPagoResponse::setObligatorio","TasaPagoResponse::setObligatorio( Boolean obligatorio)",105,107
3,1,8,0,3,"TasaPagoResponse::getDescripcion@109-111@backend\Matricula\src\main\java\com\escuelaposgrado\Matricula\dto\response\TasaPagoResponse.java","backend\Matricula\src\main\java\com\escuelaposgrado\Matricula\dto\response\TasaPagoResponse.java","TasaPagoResponse::getDescripcion","TasaPagoResponse::getDescripcion()",109,111
3,1,13,1,3,"TasaPagoResponse::setDescripcion@113-115@backend\Matricula\src\main\java\com\escuelaposgrado\Matricula\dto\response\TasaPagoResponse.java","backend\Matricula\src\main\java\com\escuelaposgrado\Matricula\dto\response\TasaPagoResponse.java","TasaPagoResponse::setDescripcion","TasaPagoResponse::setDescripcion( String descripcion)",113,115
3,1,8,0,3,"TasaPagoResponse::getFechaVigenciaInicio@117-119@backend\Matricula\src\main\java\com\escuelaposgrado\Matricula\dto\response\TasaPagoResponse.java","backend\Matricula\src\main\java\com\escuelaposgrado\Matricula\dto\response\TasaPagoResponse.java","TasaPagoResponse::getFechaVigenciaInicio","TasaPagoResponse::getFechaVigenciaInicio()",117,119
3,1,13,1,3,"TasaPagoResponse::setFechaVigenciaInicio@121-123@backend\Matricula\src\main\java\com\escuelaposgrado\Matricula\dto\response\TasaPagoResponse.java","backend\Matricula\src\main\java\com\escuelaposgrado\Matricula\dto\response\TasaPagoResponse.java","TasaPagoResponse::setFechaVigenciaInicio","TasaPagoResponse::setFechaVigenciaInicio( LocalDateTime fechaVigenciaInicio)",121,123
3,1,8,0,3,"TasaPagoResponse::getFechaVigenciaFin@125-127@backend\Matricula\src\main\java\com\escuelaposgrado\Matricula\dto\response\TasaPagoResponse.java","backend\Matricula\src\main\java\com\escuelaposgrado\Matricula\dto\response\TasaPagoResponse.java","TasaPagoResponse::getFechaVigenciaFin","TasaPagoResponse::getFechaVigenciaFin()",125,127
3,1,13,1,3,"TasaPagoResponse::setFechaVigenciaFin@129-131@backend\Matricula\src\main\java\com\escuelaposgrado\Matricula\dto\response\TasaPagoResponse.java","backend\Matricula\src\main\java\com\escuelaposgrado\Matricula\dto\response\TasaPagoResponse.java","TasaPagoResponse::setFechaVigenciaFin","TasaPagoResponse::setFechaVigenciaFin( LocalDateTime fechaVigenciaFin)",129,131
3,1,8,0,3,"TasaPagoResponse::getFechaCreacion@133-135@backend\Matricula\src\main\java\com\escuelaposgrado\Matricula\dto\response\TasaPagoResponse.java","backend\Matricula\src\main\java\com\escuelaposgrado\Matricula\dto\response\TasaPagoResponse.java","TasaPagoResponse::getFechaCreacion","TasaPagoResponse::getFechaCreacion()",133,135
3,1,13,1,3,"TasaPagoResponse::setFechaCreacion@137-139@backend\Matricula\src\main\java\com\escuelaposgrado\Matricula\dto\response\TasaPagoResponse.java","backend\Matricula\src\main\java\com\escuelaposgrado\Matricula\dto\response\TasaPagoResponse.java","TasaPagoResponse::setFechaCreacion","TasaPagoResponse::setFechaCreacion( LocalDateTime fechaCreacion)",137,139
3,1,8,0,3,"TasaPagoResponse::getFechaActualizacion@141-143@backend\Matricula\src\main\java\com\escuelaposgrado\Matricula\dto\response\TasaPagoResponse.java","backend\Matricula\src\main\java\com\escuelaposgrado\Matricula\dto\response\TasaPagoResponse.java","TasaPagoResponse::getFechaActualizacion","TasaPagoResponse::getFechaActualizacion()",141,143
3,1,13,1,3,"TasaPagoResponse::setFechaActualizacion@145-147@backend\Matricula\src\main\java\com\escuelaposgrado\Matricula\dto\response\TasaPagoResponse.java","backend\Matricula\src\main\java\com\escuelaposgrado\Matricula\dto\response\TasaPagoResponse.java","TasaPagoResponse::setFechaActualizacion","TasaPagoResponse::setFechaActualizacion( LocalDateTime fechaActualizacion)",145,147
3,1,8,0,3,"TasaPagoResponse::getProgramaEstudio@149-151@backend\Matricula\src\main\java\com\escuelaposgrado\Matricula\dto\response\TasaPagoResponse.java","backend\Matricula\src\main\java\com\escuelaposgrado\Matricula\dto\response\TasaPagoResponse.java","TasaPagoResponse::getProgramaEstudio","TasaPagoResponse::getProgramaEstudio()",149,151
3,1,13,1,3,"TasaPagoResponse::setProgramaEstudio@153-155@backend\Matricula\src\main\java\com\escuelaposgrado\Matricula\dto\response\TasaPagoResponse.java","backend\Matricula\src\main\java\com\escuelaposgrado\Matricula\dto\response\TasaPagoResponse.java","TasaPagoResponse::setProgramaEstudio","TasaPagoResponse::setProgramaEstudio( ProgramaEstudioBasicResponse programaEstudio)",153,155
18,1,76,0,18,"TasaPagoResponse::toString@158-175@backend\Matricula\src\main\java\com\escuelaposgrado\Matricula\dto\response\TasaPagoResponse.java","backend\Matricula\src\main\java\com\escuelaposgrado\Matricula\dto\response\TasaPagoResponse.java","TasaPagoResponse::toString","TasaPagoResponse::toString()",158,175
1,1,5,0,1,"TurnoMatriculaResponse::TurnoMatriculaResponse@29-29@backend\Matricula\src\main\java\com\escuelaposgrado\Matricula\dto\response\TurnoMatriculaResponse.java","backend\Matricula\src\main\java\com\escuelaposgrado\Matricula\dto\response\TurnoMatriculaResponse.java","TurnoMatriculaResponse::TurnoMatriculaResponse","TurnoMatriculaResponse::TurnoMatriculaResponse()",29,29
14,1,94,10,14,"TurnoMatriculaResponse::TurnoMatriculaResponse@31-44@backend\Matricula\src\main\java\com\escuelaposgrado\Matricula\dto\response\TurnoMatriculaResponse.java","backend\Matricula\src\main\java\com\escuelaposgrado\Matricula\dto\response\TurnoMatriculaResponse.java","TurnoMatriculaResponse::TurnoMatriculaResponse","TurnoMatriculaResponse::TurnoMatriculaResponse( Long id , String nombre , String codigo , LocalDateTime fechaInicio , LocalDateTime fechaFin , Integer ordenTurno , Boolean activo , Boolean habilitado , String descripcion , String requisitos)",31,44
3,1,8,0,3,"TurnoMatriculaResponse::getId@47-49@backend\Matricula\src\main\java\com\escuelaposgrado\Matricula\dto\response\TurnoMatriculaResponse.java","backend\Matricula\src\main\java\com\escuelaposgrado\Matricula\dto\response\TurnoMatriculaResponse.java","TurnoMatriculaResponse::getId","TurnoMatriculaResponse::getId()",47,49
3,1,13,1,3,"TurnoMatriculaResponse::setId@51-53@backend\Matricula\src\main\java\com\escuelaposgrado\Matricula\dto\response\TurnoMatriculaResponse.java","backend\Matricula\src\main\java\com\escuelaposgrado\Matricula\dto\response\TurnoMatriculaResponse.java","TurnoMatriculaResponse::setId","TurnoMatriculaResponse::setId( Long id)",51,53
3,1,8,0,3,"TurnoMatriculaResponse::getNombre@55-57@backend\Matricula\src\main\java\com\escuelaposgrado\Matricula\dto\response\TurnoMatriculaResponse.java","backend\Matricula\src\main\java\com\escuelaposgrado\Matricula\dto\response\TurnoMatriculaResponse.java","TurnoMatriculaResponse::getNombre","TurnoMatriculaResponse::getNombre()",55,57
3,1,13,1,3,"TurnoMatriculaResponse::setNombre@59-61@backend\Matricula\src\main\java\com\escuelaposgrado\Matricula\dto\response\TurnoMatriculaResponse.java","backend\Matricula\src\main\java\com\escuelaposgrado\Matricula\dto\response\TurnoMatriculaResponse.java","TurnoMatriculaResponse::setNombre","TurnoMatriculaResponse::setNombre( String nombre)",59,61
3,1,8,0,3,"TurnoMatriculaResponse::getCodigo@63-65@backend\Matricula\src\main\java\com\escuelaposgrado\Matricula\dto\response\TurnoMatriculaResponse.java","backend\Matricula\src\main\java\com\escuelaposgrado\Matricula\dto\response\TurnoMatriculaResponse.java","TurnoMatriculaResponse::getCodigo","TurnoMatriculaResponse::getCodigo()",63,65
3,1,13,1,3,"TurnoMatriculaResponse::setCodigo@67-69@backend\Matricula\src\main\java\com\escuelaposgrado\Matricula\dto\response\TurnoMatriculaResponse.java","backend\Matricula\src\main\java\com\escuelaposgrado\Matricula\dto\response\TurnoMatriculaResponse.java","TurnoMatriculaResponse::setCodigo","TurnoMatriculaResponse::setCodigo( String codigo)",67,69
3,1,8,0,3,"TurnoMatriculaResponse::getFechaInicio@71-73@backend\Matricula\src\main\java\com\escuelaposgrado\Matricula\dto\response\TurnoMatriculaResponse.java","backend\Matricula\src\main\java\com\escuelaposgrado\Matricula\dto\response\TurnoMatriculaResponse.java","TurnoMatriculaResponse::getFechaInicio","TurnoMatriculaResponse::getFechaInicio()",71,73
3,1,13,1,3,"TurnoMatriculaResponse::setFechaInicio@75-77@backend\Matricula\src\main\java\com\escuelaposgrado\Matricula\dto\response\TurnoMatriculaResponse.java","backend\Matricula\src\main\java\com\escuelaposgrado\Matricula\dto\response\TurnoMatriculaResponse.java","TurnoMatriculaResponse::setFechaInicio","TurnoMatriculaResponse::setFechaInicio( LocalDateTime fechaInicio)",75,77
3,1,8,0,3,"TurnoMatriculaResponse::getFechaFin@79-81@backend\Matricula\src\main\java\com\escuelaposgrado\Matricula\dto\response\TurnoMatriculaResponse.java","backend\Matricula\src\main\java\com\escuelaposgrado\Matricula\dto\response\TurnoMatriculaResponse.java","TurnoMatriculaResponse::getFechaFin","TurnoMatriculaResponse::getFechaFin()",79,81
3,1,13,1,3,"TurnoMatriculaResponse::setFechaFin@83-85@backend\Matricula\src\main\java\com\escuelaposgrado\Matricula\dto\response\TurnoMatriculaResponse.java","backend\Matricula\src\main\java\com\escuelaposgrado\Matricula\dto\response\TurnoMatriculaResponse.java","TurnoMatriculaResponse::setFechaFin","TurnoMatriculaResponse::setFechaFin( LocalDateTime fechaFin)",83,85
3,1,8,0,3,"TurnoMatriculaResponse::getOrdenTurno@87-89@backend\Matricula\src\main\java\com\escuelaposgrado\Matricula\dto\response\TurnoMatriculaResponse.java","backend\Matricula\src\main\java\com\escuelaposgrado\Matricula\dto\response\TurnoMatriculaResponse.java","TurnoMatriculaResponse::getOrdenTurno","TurnoMatriculaResponse::getOrdenTurno()",87,89
3,1,13,1,3,"TurnoMatriculaResponse::setOrdenTurno@91-93@backend\Matricula\src\main\java\com\escuelaposgrado\Matricula\dto\response\TurnoMatriculaResponse.java","backend\Matricula\src\main\java\com\escuelaposgrado\Matricula\dto\response\TurnoMatriculaResponse.java","TurnoMatriculaResponse::setOrdenTurno","TurnoMatriculaResponse::setOrdenTurno( Integer ordenTurno)",91,93
3,1,8,0,3,"TurnoMatriculaResponse::getActivo@95-97@backend\Matricula\src\main\java\com\escuelaposgrado\Matricula\dto\response\TurnoMatriculaResponse.java","backend\Matricula\src\main\java\com\escuelaposgrado\Matricula\dto\response\TurnoMatriculaResponse.java","TurnoMatriculaResponse::getActivo","TurnoMatriculaResponse::getActivo()",95,97
3,1,13,1,3,"TurnoMatriculaResponse::setActivo@99-101@backend\Matricula\src\main\java\com\escuelaposgrado\Matricula\dto\response\TurnoMatriculaResponse.java","backend\Matricula\src\main\java\com\escuelaposgrado\Matricula\dto\response\TurnoMatriculaResponse.java","TurnoMatriculaResponse::setActivo","TurnoMatriculaResponse::setActivo( Boolean activo)",99,101
3,1,8,0,3,"TurnoMatriculaResponse::getHabilitado@103-105@backend\Matricula\src\main\java\com\escuelaposgrado\Matricula\dto\response\TurnoMatriculaResponse.java","backend\Matricula\src\main\java\com\escuelaposgrado\Matricula\dto\response\TurnoMatriculaResponse.java","TurnoMatriculaResponse::getHabilitado","TurnoMatriculaResponse::getHabilitado()",103,105
3,1,13,1,3,"TurnoMatriculaResponse::setHabilitado@107-109@backend\Matricula\src\main\java\com\escuelaposgrado\Matricula\dto\response\TurnoMatriculaResponse.java","backend\Matricula\src\main\java\com\escuelaposgrado\Matricula\dto\response\TurnoMatriculaResponse.java","TurnoMatriculaResponse::setHabilitado","TurnoMatriculaResponse::setHabilitado( Boolean habilitado)",107,109
3,1,8,0,3,"TurnoMatriculaResponse::getDescripcion@111-113@backend\Matricula\src\main\java\com\escuelaposgrado\Matricula\dto\response\TurnoMatriculaResponse.java","backend\Matricula\src\main\java\com\escuelaposgrado\Matricula\dto\response\TurnoMatriculaResponse.java","TurnoMatriculaResponse::getDescripcion","TurnoMatriculaResponse::getDescripcion()",111,113
3,1,13,1,3,"TurnoMatriculaResponse::setDescripcion@115-117@backend\Matricula\src\main\java\com\escuelaposgrado\Matricula\dto\response\TurnoMatriculaResponse.java","backend\Matricula\src\main\java\com\escuelaposgrado\Matricula\dto\response\TurnoMatriculaResponse.java","TurnoMatriculaResponse::setDescripcion","TurnoMatriculaResponse::setDescripcion( String descripcion)",115,117
3,1,8,0,3,"TurnoMatriculaResponse::getRequisitos@119-121@backend\Matricula\src\main\java\com\escuelaposgrado\Matricula\dto\response\TurnoMatriculaResponse.java","backend\Matricula\src\main\java\com\escuelaposgrado\Matricula\dto\response\TurnoMatriculaResponse.java","TurnoMatriculaResponse::getRequisitos","TurnoMatriculaResponse::getRequisitos()",119,121
3,1,13,1,3,"TurnoMatriculaResponse::setRequisitos@123-125@backend\Matricula\src\main\java\com\escuelaposgrado\Matricula\dto\response\TurnoMatriculaResponse.java","backend\Matricula\src\main\java\com\escuelaposgrado\Matricula\dto\response\TurnoMatriculaResponse.java","TurnoMatriculaResponse::setRequisitos","TurnoMatriculaResponse::setRequisitos( String requisitos)",123,125
3,1,8,0,3,"TurnoMatriculaResponse::getPeriodoAcademico@127-129@backend\Matricula\src\main\java\com\escuelaposgrado\Matricula\dto\response\TurnoMatriculaResponse.java","backend\Matricula\src\main\java\com\escuelaposgrado\Matricula\dto\response\TurnoMatriculaResponse.java","TurnoMatriculaResponse::getPeriodoAcademico","TurnoMatriculaResponse::getPeriodoAcademico()",127,129
3,1,13,1,3,"TurnoMatriculaResponse::setPeriodoAcademico@131-133@backend\Matricula\src\main\java\com\escuelaposgrado\Matricula\dto\response\TurnoMatriculaResponse.java","backend\Matricula\src\main\java\com\escuelaposgrado\Matricula\dto\response\TurnoMatriculaResponse.java","TurnoMatriculaResponse::setPeriodoAcademico","TurnoMatriculaResponse::setPeriodoAcademico( PeriodoAcademicoBasicResponse periodoAcademico)",131,133
3,1,8,0,3,"TurnoMatriculaResponse::getProgramaEstudio@135-137@backend\Matricula\src\main\java\com\escuelaposgrado\Matricula\dto\response\TurnoMatriculaResponse.java","backend\Matricula\src\main\java\com\escuelaposgrado\Matricula\dto\response\TurnoMatriculaResponse.java","TurnoMatriculaResponse::getProgramaEstudio","TurnoMatriculaResponse::getProgramaEstudio()",135,137
3,1,13,1,3,"TurnoMatriculaResponse::setProgramaEstudio@139-141@backend\Matricula\src\main\java\com\escuelaposgrado\Matricula\dto\response\TurnoMatriculaResponse.java","backend\Matricula\src\main\java\com\escuelaposgrado\Matricula\dto\response\TurnoMatriculaResponse.java","TurnoMatriculaResponse::setProgramaEstudio","TurnoMatriculaResponse::setProgramaEstudio( ProgramaEstudioBasicResponse programaEstudio)",139,141
3,1,8,0,3,"TurnoMatriculaResponse::getFechaCreacion@143-145@backend\Matricula\src\main\java\com\escuelaposgrado\Matricula\dto\response\TurnoMatriculaResponse.java","backend\Matricula\src\main\java\com\escuelaposgrado\Matricula\dto\response\TurnoMatriculaResponse.java","TurnoMatriculaResponse::getFechaCreacion","TurnoMatriculaResponse::getFechaCreacion()",143,145
3,1,13,1,3,"TurnoMatriculaResponse::setFechaCreacion@147-149@backend\Matricula\src\main\java\com\escuelaposgrado\Matricula\dto\response\TurnoMatriculaResponse.java","backend\Matricula\src\main\java\com\escuelaposgrado\Matricula\dto\response\TurnoMatriculaResponse.java","TurnoMatriculaResponse::setFechaCreacion","TurnoMatriculaResponse::setFechaCreacion( LocalDateTime fechaCreacion)",147,149
3,1,8,0,3,"TurnoMatriculaResponse::getFechaActualizacion@151-153@backend\Matricula\src\main\java\com\escuelaposgrado\Matricula\dto\response\TurnoMatriculaResponse.java","backend\Matricula\src\main\java\com\escuelaposgrado\Matricula\dto\response\TurnoMatriculaResponse.java","TurnoMatriculaResponse::getFechaActualizacion","TurnoMatriculaResponse::getFechaActualizacion()",151,153
3,1,13,1,3,"TurnoMatriculaResponse::setFechaActualizacion@155-157@backend\Matricula\src\main\java\com\escuelaposgrado\Matricula\dto\response\TurnoMatriculaResponse.java","backend\Matricula\src\main\java\com\escuelaposgrado\Matricula\dto\response\TurnoMatriculaResponse.java","TurnoMatriculaResponse::setFechaActualizacion","TurnoMatriculaResponse::setFechaActualizacion( LocalDateTime fechaActualizacion)",155,157
3,1,12,1,3,"BadRequestException::BadRequestException@8-10@backend\Matricula\src\main\java\com\escuelaposgrado\Matricula\exception\BadRequestException.java","backend\Matricula\src\main\java\com\escuelaposgrado\Matricula\exception\BadRequestException.java","BadRequestException::BadRequestException","BadRequestException::BadRequestException( String message)",8,10
3,1,17,2,3,"BadRequestException::BadRequestException@12-14@backend\Matricula\src\main\java\com\escuelaposgrado\Matricula\exception\BadRequestException.java","backend\Matricula\src\main\java\com\escuelaposgrado\Matricula\exception\BadRequestException.java","BadRequestException::BadRequestException","BadRequestException::BadRequestException( String message , Throwable cause)",12,14
5,1,37,2,5,"GlobalExceptionHandler::handleResourceNotFoundException@22-26@backend\Matricula\src\main\java\com\escuelaposgrado\Matricula\exception\GlobalExceptionHandler.java","backend\Matricula\src\main\java\com\escuelaposgrado\Matricula\exception\GlobalExceptionHandler.java","GlobalExceptionHandler::handleResourceNotFoundException","GlobalExceptionHandler::handleResourceNotFoundException( ResourceNotFoundException ex , WebRequest request)",22,26
5,1,37,2,5,"GlobalExceptionHandler::handleBadRequestException@29-33@backend\Matricula\src\main\java\com\escuelaposgrado\Matricula\exception\GlobalExceptionHandler.java","backend\Matricula\src\main\java\com\escuelaposgrado\Matricula\exception\GlobalExceptionHandler.java","GlobalExceptionHandler::handleBadRequestException","GlobalExceptionHandler::handleBadRequestException( BadRequestException ex , WebRequest request)",29,33
11,1,100,1,12,"GlobalExceptionHandler::handleValidationExceptions@36-47@backend\Matricula\src\main\java\com\escuelaposgrado\Matricula\exception\GlobalExceptionHandler.java","backend\Matricula\src\main\java\com\escuelaposgrado\Matricula\exception\GlobalExceptionHandler.java","GlobalExceptionHandler::handleValidationExceptions","GlobalExceptionHandler::handleValidationExceptions( MethodArgumentNotValidException ex)",36,47
5,1,39,2,5,"GlobalExceptionHandler::handleGlobalException@50-54@backend\Matricula\src\main\java\com\escuelaposgrado\Matricula\exception\GlobalExceptionHandler.java","backend\Matricula\src\main\java\com\escuelaposgrado\Matricula\exception\GlobalExceptionHandler.java","GlobalExceptionHandler::handleGlobalException","GlobalExceptionHandler::handleGlobalException( Exception ex , WebRequest request)",50,54
3,1,12,1,3,"ResourceNotFoundException::ResourceNotFoundException@8-10@backend\Matricula\src\main\java\com\escuelaposgrado\Matricula\exception\ResourceNotFoundException.java","backend\Matricula\src\main\java\com\escuelaposgrado\Matricula\exception\ResourceNotFoundException.java","ResourceNotFoundException::ResourceNotFoundException","ResourceNotFoundException::ResourceNotFoundException( String message)",8,10
3,1,17,2,3,"ResourceNotFoundException::ResourceNotFoundException@12-14@backend\Matricula\src\main\java\com\escuelaposgrado\Matricula\exception\ResourceNotFoundException.java","backend\Matricula\src\main\java\com\escuelaposgrado\Matricula\exception\ResourceNotFoundException.java","ResourceNotFoundException::ResourceNotFoundException","ResourceNotFoundException::ResourceNotFoundException( String message , Throwable cause)",12,14
4,1,21,0,4,"Aula::onCreate@75-78@backend\Matricula\src\main\java\com\escuelaposgrado\Matricula\model\entity\Aula.java","backend\Matricula\src\main\java\com\escuelaposgrado\Matricula\model\entity\Aula.java","Aula::onCreate","Aula::onCreate()",75,78
3,1,13,0,3,"Aula::onUpdate@81-83@backend\Matricula\src\main\java\com\escuelaposgrado\Matricula\model\entity\Aula.java","backend\Matricula\src\main\java\com\escuelaposgrado\Matricula\model\entity\Aula.java","Aula::onUpdate","Aula::onUpdate()",81,83
1,1,5,0,1,"Aula::Aula@86-86@backend\Matricula\src\main\java\com\escuelaposgrado\Matricula\model\entity\Aula.java","backend\Matricula\src\main\java\com\escuelaposgrado\Matricula\model\entity\Aula.java","Aula::Aula","Aula::Aula()",86,86
7,1,49,5,7,"Aula::Aula@88-94@backend\Matricula\src\main\java\com\escuelaposgrado\Matricula\model\entity\Aula.java","backend\Matricula\src\main\java\com\escuelaposgrado\Matricula\model\entity\Aula.java","Aula::Aula","Aula::Aula( String nombre , String codigo , Integer capacidad , String tipo , Sede sede)",88,94
1,1,8,0,1,"Aula::getId@97-97@backend\Matricula\src\main\java\com\escuelaposgrado\Matricula\model\entity\Aula.java","backend\Matricula\src\main\java\com\escuelaposgrado\Matricula\model\entity\Aula.java","Aula::getId","Aula::getId()",97,97
1,1,13,1,1,"Aula::setId@98-98@backend\Matricula\src\main\java\com\escuelaposgrado\Matricula\model\entity\Aula.java","backend\Matricula\src\main\java\com\escuelaposgrado\Matricula\model\entity\Aula.java","Aula::setId","Aula::setId( Long id)",98,98
1,1,8,0,1,"Aula::getNombre@100-100@backend\Matricula\src\main\java\com\escuelaposgrado\Matricula\model\entity\Aula.java","backend\Matricula\src\main\java\com\escuelaposgrado\Matricula\model\entity\Aula.java","Aula::getNombre","Aula::getNombre()",100,100
1,1,13,1,1,"Aula::setNombre@101-101@backend\Matricula\src\main\java\com\escuelaposgrado\Matricula\model\entity\Aula.java","backend\Matricula\src\main\java\com\escuelaposgrado\Matricula\model\entity\Aula.java","Aula::setNombre","Aula::setNombre( String nombre)",101,101
1,1,8,0,1,"Aula::getCodigo@103-103@backend\Matricula\src\main\java\com\escuelaposgrado\Matricula\model\entity\Aula.java","backend\Matricula\src\main\java\com\escuelaposgrado\Matricula\model\entity\Aula.java","Aula::getCodigo","Aula::getCodigo()",103,103
1,1,13,1,1,"Aula::setCodigo@104-104@backend\Matricula\src\main\java\com\escuelaposgrado\Matricula\model\entity\Aula.java","backend\Matricula\src\main\java\com\escuelaposgrado\Matricula\model\entity\Aula.java","Aula::setCodigo","Aula::setCodigo( String codigo)",104,104
1,1,8,0,1,"Aula::getCapacidad@106-106@backend\Matricula\src\main\java\com\escuelaposgrado\Matricula\model\entity\Aula.java","backend\Matricula\src\main\java\com\escuelaposgrado\Matricula\model\entity\Aula.java","Aula::getCapacidad","Aula::getCapacidad()",106,106
1,1,13,1,1,"Aula::setCapacidad@107-107@backend\Matricula\src\main\java\com\escuelaposgrado\Matricula\model\entity\Aula.java","backend\Matricula\src\main\java\com\escuelaposgrado\Matricula\model\entity\Aula.java","Aula::setCapacidad","Aula::setCapacidad( Integer capacidad)",107,107
1,1,8,0,1,"Aula::getTipo@109-109@backend\Matricula\src\main\java\com\escuelaposgrado\Matricula\model\entity\Aula.java","backend\Matricula\src\main\java\com\escuelaposgrado\Matricula\model\entity\Aula.java","Aula::getTipo","Aula::getTipo()",109,109
1,1,13,1,1,"Aula::setTipo@110-110@backend\Matricula\src\main\java\com\escuelaposgrado\Matricula\model\entity\Aula.java","backend\Matricula\src\main\java\com\escuelaposgrado\Matricula\model\entity\Aula.java","Aula::setTipo","Aula::setTipo( String tipo)",110,110
1,1,8,0,1,"Aula::getActivo@112-112@backend\Matricula\src\main\java\com\escuelaposgrado\Matricula\model\entity\Aula.java","backend\Matricula\src\main\java\com\escuelaposgrado\Matricula\model\entity\Aula.java","Aula::getActivo","Aula::getActivo()",112,112
1,1,13,1,1,"Aula::setActivo@113-113@backend\Matricula\src\main\java\com\escuelaposgrado\Matricula\model\entity\Aula.java","backend\Matricula\src\main\java\com\escuelaposgrado\Matricula\model\entity\Aula.java","Aula::setActivo","Aula::setActivo( Boolean activo)",113,113
1,1,8,0,1,"Aula::getDisponible@115-115@backend\Matricula\src\main\java\com\escuelaposgrado\Matricula\model\entity\Aula.java","backend\Matricula\src\main\java\com\escuelaposgrado\Matricula\model\entity\Aula.java","Aula::getDisponible","Aula::getDisponible()",115,115
1,1,13,1,1,"Aula::setDisponible@116-116@backend\Matricula\src\main\java\com\escuelaposgrado\Matricula\model\entity\Aula.java","backend\Matricula\src\main\java\com\escuelaposgrado\Matricula\model\entity\Aula.java","Aula::setDisponible","Aula::setDisponible( Boolean disponible)",116,116
1,1,8,0,1,"Aula::getEquipamiento@118-118@backend\Matricula\src\main\java\com\escuelaposgrado\Matricula\model\entity\Aula.java","backend\Matricula\src\main\java\com\escuelaposgrado\Matricula\model\entity\Aula.java","Aula::getEquipamiento","Aula::getEquipamiento()",118,118
1,1,13,1,1,"Aula::setEquipamiento@119-119@backend\Matricula\src\main\java\com\escuelaposgrado\Matricula\model\entity\Aula.java","backend\Matricula\src\main\java\com\escuelaposgrado\Matricula\model\entity\Aula.java","Aula::setEquipamiento","Aula::setEquipamiento( String equipamiento)",119,119
1,1,8,0,1,"Aula::getDescripcion@121-121@backend\Matricula\src\main\java\com\escuelaposgrado\Matricula\model\entity\Aula.java","backend\Matricula\src\main\java\com\escuelaposgrado\Matricula\model\entity\Aula.java","Aula::getDescripcion","Aula::getDescripcion()",121,121
1,1,13,1,1,"Aula::setDescripcion@122-122@backend\Matricula\src\main\java\com\escuelaposgrado\Matricula\model\entity\Aula.java","backend\Matricula\src\main\java\com\escuelaposgrado\Matricula\model\entity\Aula.java","Aula::setDescripcion","Aula::setDescripcion( String descripcion)",122,122
1,1,8,0,1,"Aula::getFechaCreacion@124-124@backend\Matricula\src\main\java\com\escuelaposgrado\Matricula\model\entity\Aula.java","backend\Matricula\src\main\java\com\escuelaposgrado\Matricula\model\entity\Aula.java","Aula::getFechaCreacion","Aula::getFechaCreacion()",124,124
1,1,13,1,1,"Aula::setFechaCreacion@125-125@backend\Matricula\src\main\java\com\escuelaposgrado\Matricula\model\entity\Aula.java","backend\Matricula\src\main\java\com\escuelaposgrado\Matricula\model\entity\Aula.java","Aula::setFechaCreacion","Aula::setFechaCreacion( LocalDateTime fechaCreacion)",125,125
1,1,8,0,1,"Aula::getFechaActualizacion@127-127@backend\Matricula\src\main\java\com\escuelaposgrado\Matricula\model\entity\Aula.java","backend\Matricula\src\main\java\com\escuelaposgrado\Matricula\model\entity\Aula.java","Aula::getFechaActualizacion","Aula::getFechaActualizacion()",127,127
1,1,13,1,1,"Aula::setFechaActualizacion@128-128@backend\Matricula\src\main\java\com\escuelaposgrado\Matricula\model\entity\Aula.java","backend\Matricula\src\main\java\com\escuelaposgrado\Matricula\model\entity\Aula.java","Aula::setFechaActualizacion","Aula::setFechaActualizacion( LocalDateTime fechaActualizacion)",128,128
1,1,8,0,1,"Aula::getSede@130-130@backend\Matricula\src\main\java\com\escuelaposgrado\Matricula\model\entity\Aula.java","backend\Matricula\src\main\java\com\escuelaposgrado\Matricula\model\entity\Aula.java","Aula::getSede","Aula::getSede()",130,130
1,1,13,1,1,"Aula::setSede@131-131@backend\Matricula\src\main\java\com\escuelaposgrado\Matricula\model\entity\Aula.java","backend\Matricula\src\main\java\com\escuelaposgrado\Matricula\model\entity\Aula.java","Aula::setSede","Aula::setSede( Sede sede)",131,131
4,1,21,0,4,"ComisionUnidadPosgrado::onCreate@71-74@backend\Matricula\src\main\java\com\escuelaposgrado\Matricula\model\entity\ComisionUnidadPosgrado.java","backend\Matricula\src\main\java\com\escuelaposgrado\Matricula\model\entity\ComisionUnidadPosgrado.java","ComisionUnidadPosgrado::onCreate","ComisionUnidadPosgrado::onCreate()",71,74
3,1,13,0,3,"ComisionUnidadPosgrado::onUpdate@77-79@backend\Matricula\src\main\java\com\escuelaposgrado\Matricula\model\entity\ComisionUnidadPosgrado.java","backend\Matricula\src\main\java\com\escuelaposgrado\Matricula\model\entity\ComisionUnidadPosgrado.java","ComisionUnidadPosgrado::onUpdate","ComisionUnidadPosgrado::onUpdate()",77,79
1,1,5,0,1,"ComisionUnidadPosgrado::ComisionUnidadPosgrado@82-82@backend\Matricula\src\main\java\com\escuelaposgrado\Matricula\model\entity\ComisionUnidadPosgrado.java","backend\Matricula\src\main\java\com\escuelaposgrado\Matricula\model\entity\ComisionUnidadPosgrado.java","ComisionUnidadPosgrado::ComisionUnidadPosgrado","ComisionUnidadPosgrado::ComisionUnidadPosgrado()",82,82
6,1,40,4,6,"ComisionUnidadPosgrado::ComisionUnidadPosgrado@84-89@backend\Matricula\src\main\java\com\escuelaposgrado\Matricula\model\entity\ComisionUnidadPosgrado.java","backend\Matricula\src\main\java\com\escuelaposgrado\Matricula\model\entity\ComisionUnidadPosgrado.java","ComisionUnidadPosgrado::ComisionUnidadPosgrado","ComisionUnidadPosgrado::ComisionUnidadPosgrado( String nombre , String codigo , String tipo , Facultad facultad)",84,89
1,1,8,0,1,"ComisionUnidadPosgrado::getId@92-92@backend\Matricula\src\main\java\com\escuelaposgrado\Matricula\model\entity\ComisionUnidadPosgrado.java","backend\Matricula\src\main\java\com\escuelaposgrado\Matricula\model\entity\ComisionUnidadPosgrado.java","ComisionUnidadPosgrado::getId","ComisionUnidadPosgrado::getId()",92,92
1,1,13,1,1,"ComisionUnidadPosgrado::setId@93-93@backend\Matricula\src\main\java\com\escuelaposgrado\Matricula\model\entity\ComisionUnidadPosgrado.java","backend\Matricula\src\main\java\com\escuelaposgrado\Matricula\model\entity\ComisionUnidadPosgrado.java","ComisionUnidadPosgrado::setId","ComisionUnidadPosgrado::setId( Long id)",93,93
1,1,8,0,1,"ComisionUnidadPosgrado::getNombre@95-95@backend\Matricula\src\main\java\com\escuelaposgrado\Matricula\model\entity\ComisionUnidadPosgrado.java","backend\Matricula\src\main\java\com\escuelaposgrado\Matricula\model\entity\ComisionUnidadPosgrado.java","ComisionUnidadPosgrado::getNombre","ComisionUnidadPosgrado::getNombre()",95,95
1,1,13,1,1,"ComisionUnidadPosgrado::setNombre@96-96@backend\Matricula\src\main\java\com\escuelaposgrado\Matricula\model\entity\ComisionUnidadPosgrado.java","backend\Matricula\src\main\java\com\escuelaposgrado\Matricula\model\entity\ComisionUnidadPosgrado.java","ComisionUnidadPosgrado::setNombre","ComisionUnidadPosgrado::setNombre( String nombre)",96,96
1,1,8,0,1,"ComisionUnidadPosgrado::getCodigo@98-98@backend\Matricula\src\main\java\com\escuelaposgrado\Matricula\model\entity\ComisionUnidadPosgrado.java","backend\Matricula\src\main\java\com\escuelaposgrado\Matricula\model\entity\ComisionUnidadPosgrado.java","ComisionUnidadPosgrado::getCodigo","ComisionUnidadPosgrado::getCodigo()",98,98
1,1,13,1,1,"ComisionUnidadPosgrado::setCodigo@99-99@backend\Matricula\src\main\java\com\escuelaposgrado\Matricula\model\entity\ComisionUnidadPosgrado.java","backend\Matricula\src\main\java\com\escuelaposgrado\Matricula\model\entity\ComisionUnidadPosgrado.java","ComisionUnidadPosgrado::setCodigo","ComisionUnidadPosgrado::setCodigo( String codigo)",99,99
1,1,8,0,1,"ComisionUnidadPosgrado::getTipo@101-101@backend\Matricula\src\main\java\com\escuelaposgrado\Matricula\model\entity\ComisionUnidadPosgrado.java","backend\Matricula\src\main\java\com\escuelaposgrado\Matricula\model\entity\ComisionUnidadPosgrado.java","ComisionUnidadPosgrado::getTipo","ComisionUnidadPosgrado::getTipo()",101,101
1,1,13,1,1,"ComisionUnidadPosgrado::setTipo@102-102@backend\Matricula\src\main\java\com\escuelaposgrado\Matricula\model\entity\ComisionUnidadPosgrado.java","backend\Matricula\src\main\java\com\escuelaposgrado\Matricula\model\entity\ComisionUnidadPosgrado.java","ComisionUnidadPosgrado::setTipo","ComisionUnidadPosgrado::setTipo( String tipo)",102,102
1,1,8,0,1,"ComisionUnidadPosgrado::getPresidente@104-104@backend\Matricula\src\main\java\com\escuelaposgrado\Matricula\model\entity\ComisionUnidadPosgrado.java","backend\Matricula\src\main\java\com\escuelaposgrado\Matricula\model\entity\ComisionUnidadPosgrado.java","ComisionUnidadPosgrado::getPresidente","ComisionUnidadPosgrado::getPresidente()",104,104
1,1,13,1,1,"ComisionUnidadPosgrado::setPresidente@105-105@backend\Matricula\src\main\java\com\escuelaposgrado\Matricula\model\entity\ComisionUnidadPosgrado.java","backend\Matricula\src\main\java\com\escuelaposgrado\Matricula\model\entity\ComisionUnidadPosgrado.java","ComisionUnidadPosgrado::setPresidente","ComisionUnidadPosgrado::setPresidente( String presidente)",105,105
1,1,8,0,1,"ComisionUnidadPosgrado::getSecretario@107-107@backend\Matricula\src\main\java\com\escuelaposgrado\Matricula\model\entity\ComisionUnidadPosgrado.java","backend\Matricula\src\main\java\com\escuelaposgrado\Matricula\model\entity\ComisionUnidadPosgrado.java","ComisionUnidadPosgrado::getSecretario","ComisionUnidadPosgrado::getSecretario()",107,107
1,1,13,1,1,"ComisionUnidadPosgrado::setSecretario@108-108@backend\Matricula\src\main\java\com\escuelaposgrado\Matricula\model\entity\ComisionUnidadPosgrado.java","backend\Matricula\src\main\java\com\escuelaposgrado\Matricula\model\entity\ComisionUnidadPosgrado.java","ComisionUnidadPosgrado::setSecretario","ComisionUnidadPosgrado::setSecretario( String secretario)",108,108
1,1,8,0,1,"ComisionUnidadPosgrado::getMiembros@110-110@backend\Matricula\src\main\java\com\escuelaposgrado\Matricula\model\entity\ComisionUnidadPosgrado.java","backend\Matricula\src\main\java\com\escuelaposgrado\Matricula\model\entity\ComisionUnidadPosgrado.java","ComisionUnidadPosgrado::getMiembros","ComisionUnidadPosgrado::getMiembros()",110,110
1,1,13,1,1,"ComisionUnidadPosgrado::setMiembros@111-111@backend\Matricula\src\main\java\com\escuelaposgrado\Matricula\model\entity\ComisionUnidadPosgrado.java","backend\Matricula\src\main\java\com\escuelaposgrado\Matricula\model\entity\ComisionUnidadPosgrado.java","ComisionUnidadPosgrado::setMiembros","ComisionUnidadPosgrado::setMiembros( String miembros)",111,111
1,1,8,0,1,"ComisionUnidadPosgrado::getActivo@113-113@backend\Matricula\src\main\java\com\escuelaposgrado\Matricula\model\entity\ComisionUnidadPosgrado.java","backend\Matricula\src\main\java\com\escuelaposgrado\Matricula\model\entity\ComisionUnidadPosgrado.java","ComisionUnidadPosgrado::getActivo","ComisionUnidadPosgrado::getActivo()",113,113
1,1,13,1,1,"ComisionUnidadPosgrado::setActivo@114-114@backend\Matricula\src\main\java\com\escuelaposgrado\Matricula\model\entity\ComisionUnidadPosgrado.java","backend\Matricula\src\main\java\com\escuelaposgrado\Matricula\model\entity\ComisionUnidadPosgrado.java","ComisionUnidadPosgrado::setActivo","ComisionUnidadPosgrado::setActivo( Boolean activo)",114,114
1,1,8,0,1,"ComisionUnidadPosgrado::getDescripcion@116-116@backend\Matricula\src\main\java\com\escuelaposgrado\Matricula\model\entity\ComisionUnidadPosgrado.java","backend\Matricula\src\main\java\com\escuelaposgrado\Matricula\model\entity\ComisionUnidadPosgrado.java","ComisionUnidadPosgrado::getDescripcion","ComisionUnidadPosgrado::getDescripcion()",116,116
1,1,13,1,1,"ComisionUnidadPosgrado::setDescripcion@117-117@backend\Matricula\src\main\java\com\escuelaposgrado\Matricula\model\entity\ComisionUnidadPosgrado.java","backend\Matricula\src\main\java\com\escuelaposgrado\Matricula\model\entity\ComisionUnidadPosgrado.java","ComisionUnidadPosgrado::setDescripcion","ComisionUnidadPosgrado::setDescripcion( String descripcion)",117,117
1,1,8,0,1,"ComisionUnidadPosgrado::getFunciones@119-119@backend\Matricula\src\main\java\com\escuelaposgrado\Matricula\model\entity\ComisionUnidadPosgrado.java","backend\Matricula\src\main\java\com\escuelaposgrado\Matricula\model\entity\ComisionUnidadPosgrado.java","ComisionUnidadPosgrado::getFunciones","ComisionUnidadPosgrado::getFunciones()",119,119
1,1,13,1,1,"ComisionUnidadPosgrado::setFunciones@120-120@backend\Matricula\src\main\java\com\escuelaposgrado\Matricula\model\entity\ComisionUnidadPosgrado.java","backend\Matricula\src\main\java\com\escuelaposgrado\Matricula\model\entity\ComisionUnidadPosgrado.java","ComisionUnidadPosgrado::setFunciones","ComisionUnidadPosgrado::setFunciones( String funciones)",120,120
1,1,8,0,1,"ComisionUnidadPosgrado::getFechaInicioGestion@122-122@backend\Matricula\src\main\java\com\escuelaposgrado\Matricula\model\entity\ComisionUnidadPosgrado.java","backend\Matricula\src\main\java\com\escuelaposgrado\Matricula\model\entity\ComisionUnidadPosgrado.java","ComisionUnidadPosgrado::getFechaInicioGestion","ComisionUnidadPosgrado::getFechaInicioGestion()",122,122
1,1,13,1,1,"ComisionUnidadPosgrado::setFechaInicioGestion@123-123@backend\Matricula\src\main\java\com\escuelaposgrado\Matricula\model\entity\ComisionUnidadPosgrado.java","backend\Matricula\src\main\java\com\escuelaposgrado\Matricula\model\entity\ComisionUnidadPosgrado.java","ComisionUnidadPosgrado::setFechaInicioGestion","ComisionUnidadPosgrado::setFechaInicioGestion( LocalDateTime fechaInicioGestion)",123,123
1,1,8,0,1,"ComisionUnidadPosgrado::getFechaFinGestion@125-125@backend\Matricula\src\main\java\com\escuelaposgrado\Matricula\model\entity\ComisionUnidadPosgrado.java","backend\Matricula\src\main\java\com\escuelaposgrado\Matricula\model\entity\ComisionUnidadPosgrado.java","ComisionUnidadPosgrado::getFechaFinGestion","ComisionUnidadPosgrado::getFechaFinGestion()",125,125
1,1,13,1,1,"ComisionUnidadPosgrado::setFechaFinGestion@126-126@backend\Matricula\src\main\java\com\escuelaposgrado\Matricula\model\entity\ComisionUnidadPosgrado.java","backend\Matricula\src\main\java\com\escuelaposgrado\Matricula\model\entity\ComisionUnidadPosgrado.java","ComisionUnidadPosgrado::setFechaFinGestion","ComisionUnidadPosgrado::setFechaFinGestion( LocalDateTime fechaFinGestion)",126,126
1,1,8,0,1,"ComisionUnidadPosgrado::getFechaCreacion@128-128@backend\Matricula\src\main\java\com\escuelaposgrado\Matricula\model\entity\ComisionUnidadPosgrado.java","backend\Matricula\src\main\java\com\escuelaposgrado\Matricula\model\entity\ComisionUnidadPosgrado.java","ComisionUnidadPosgrado::getFechaCreacion","ComisionUnidadPosgrado::getFechaCreacion()",128,128
1,1,13,1,1,"ComisionUnidadPosgrado::setFechaCreacion@129-129@backend\Matricula\src\main\java\com\escuelaposgrado\Matricula\model\entity\ComisionUnidadPosgrado.java","backend\Matricula\src\main\java\com\escuelaposgrado\Matricula\model\entity\ComisionUnidadPosgrado.java","ComisionUnidadPosgrado::setFechaCreacion","ComisionUnidadPosgrado::setFechaCreacion( LocalDateTime fechaCreacion)",129,129
1,1,8,0,1,"ComisionUnidadPosgrado::getFechaActualizacion@131-131@backend\Matricula\src\main\java\com\escuelaposgrado\Matricula\model\entity\ComisionUnidadPosgrado.java","backend\Matricula\src\main\java\com\escuelaposgrado\Matricula\model\entity\ComisionUnidadPosgrado.java","ComisionUnidadPosgrado::getFechaActualizacion","ComisionUnidadPosgrado::getFechaActualizacion()",131,131
1,1,13,1,1,"ComisionUnidadPosgrado::setFechaActualizacion@132-132@backend\Matricula\src\main\java\com\escuelaposgrado\Matricula\model\entity\ComisionUnidadPosgrado.java","backend\Matricula\src\main\java\com\escuelaposgrado\Matricula\model\entity\ComisionUnidadPosgrado.java","ComisionUnidadPosgrado::setFechaActualizacion","ComisionUnidadPosgrado::setFechaActualizacion( LocalDateTime fechaActualizacion)",132,132
1,1,8,0,1,"ComisionUnidadPosgrado::getFacultad@134-134@backend\Matricula\src\main\java\com\escuelaposgrado\Matricula\model\entity\ComisionUnidadPosgrado.java","backend\Matricula\src\main\java\com\escuelaposgrado\Matricula\model\entity\ComisionUnidadPosgrado.java","ComisionUnidadPosgrado::getFacultad","ComisionUnidadPosgrado::getFacultad()",134,134
1,1,13,1,1,"ComisionUnidadPosgrado::setFacultad@135-135@backend\Matricula\src\main\java\com\escuelaposgrado\Matricula\model\entity\ComisionUnidadPosgrado.java","backend\Matricula\src\main\java\com\escuelaposgrado\Matricula\model\entity\ComisionUnidadPosgrado.java","ComisionUnidadPosgrado::setFacultad","ComisionUnidadPosgrado::setFacultad( Facultad facultad)",135,135
4,1,21,0,4,"Facultad::onCreate@60-63@backend\Matricula\src\main\java\com\escuelaposgrado\Matricula\model\entity\Facultad.java","backend\Matricula\src\main\java\com\escuelaposgrado\Matricula\model\entity\Facultad.java","Facultad::onCreate","Facultad::onCreate()",60,63
3,1,13,0,3,"Facultad::onUpdate@66-68@backend\Matricula\src\main\java\com\escuelaposgrado\Matricula\model\entity\Facultad.java","backend\Matricula\src\main\java\com\escuelaposgrado\Matricula\model\entity\Facultad.java","Facultad::onUpdate","Facultad::onUpdate()",66,68
1,1,5,0,1,"Facultad::Facultad@71-71@backend\Matricula\src\main\java\com\escuelaposgrado\Matricula\model\entity\Facultad.java","backend\Matricula\src\main\java\com\escuelaposgrado\Matricula\model\entity\Facultad.java","Facultad::Facultad","Facultad::Facultad()",71,71
5,1,31,3,5,"Facultad::Facultad@73-77@backend\Matricula\src\main\java\com\escuelaposgrado\Matricula\model\entity\Facultad.java","backend\Matricula\src\main\java\com\escuelaposgrado\Matricula\model\entity\Facultad.java","Facultad::Facultad","Facultad::Facultad( String nombre , String codigo , String decano)",73,77
1,1,8,0,1,"Facultad::getId@80-80@backend\Matricula\src\main\java\com\escuelaposgrado\Matricula\model\entity\Facultad.java","backend\Matricula\src\main\java\com\escuelaposgrado\Matricula\model\entity\Facultad.java","Facultad::getId","Facultad::getId()",80,80
1,1,13,1,1,"Facultad::setId@81-81@backend\Matricula\src\main\java\com\escuelaposgrado\Matricula\model\entity\Facultad.java","backend\Matricula\src\main\java\com\escuelaposgrado\Matricula\model\entity\Facultad.java","Facultad::setId","Facultad::setId( Long id)",81,81
1,1,8,0,1,"Facultad::getNombre@83-83@backend\Matricula\src\main\java\com\escuelaposgrado\Matricula\model\entity\Facultad.java","backend\Matricula\src\main\java\com\escuelaposgrado\Matricula\model\entity\Facultad.java","Facultad::getNombre","Facultad::getNombre()",83,83
1,1,13,1,1,"Facultad::setNombre@84-84@backend\Matricula\src\main\java\com\escuelaposgrado\Matricula\model\entity\Facultad.java","backend\Matricula\src\main\java\com\escuelaposgrado\Matricula\model\entity\Facultad.java","Facultad::setNombre","Facultad::setNombre( String nombre)",84,84
1,1,8,0,1,"Facultad::getCodigo@86-86@backend\Matricula\src\main\java\com\escuelaposgrado\Matricula\model\entity\Facultad.java","backend\Matricula\src\main\java\com\escuelaposgrado\Matricula\model\entity\Facultad.java","Facultad::getCodigo","Facultad::getCodigo()",86,86
1,1,13,1,1,"Facultad::setCodigo@87-87@backend\Matricula\src\main\java\com\escuelaposgrado\Matricula\model\entity\Facultad.java","backend\Matricula\src\main\java\com\escuelaposgrado\Matricula\model\entity\Facultad.java","Facultad::setCodigo","Facultad::setCodigo( String codigo)",87,87
1,1,8,0,1,"Facultad::getDecano@89-89@backend\Matricula\src\main\java\com\escuelaposgrado\Matricula\model\entity\Facultad.java","backend\Matricula\src\main\java\com\escuelaposgrado\Matricula\model\entity\Facultad.java","Facultad::getDecano","Facultad::getDecano()",89,89
1,1,13,1,1,"Facultad::setDecano@90-90@backend\Matricula\src\main\java\com\escuelaposgrado\Matricula\model\entity\Facultad.java","backend\Matricula\src\main\java\com\escuelaposgrado\Matricula\model\entity\Facultad.java","Facultad::setDecano","Facultad::setDecano( String decano)",90,90
1,1,8,0,1,"Facultad::getEmail@92-92@backend\Matricula\src\main\java\com\escuelaposgrado\Matricula\model\entity\Facultad.java","backend\Matricula\src\main\java\com\escuelaposgrado\Matricula\model\entity\Facultad.java","Facultad::getEmail","Facultad::getEmail()",92,92
1,1,13,1,1,"Facultad::setEmail@93-93@backend\Matricula\src\main\java\com\escuelaposgrado\Matricula\model\entity\Facultad.java","backend\Matricula\src\main\java\com\escuelaposgrado\Matricula\model\entity\Facultad.java","Facultad::setEmail","Facultad::setEmail( String email)",93,93
1,1,8,0,1,"Facultad::getTelefono@95-95@backend\Matricula\src\main\java\com\escuelaposgrado\Matricula\model\entity\Facultad.java","backend\Matricula\src\main\java\com\escuelaposgrado\Matricula\model\entity\Facultad.java","Facultad::getTelefono","Facultad::getTelefono()",95,95
1,1,13,1,1,"Facultad::setTelefono@96-96@backend\Matricula\src\main\java\com\escuelaposgrado\Matricula\model\entity\Facultad.java","backend\Matricula\src\main\java\com\escuelaposgrado\Matricula\model\entity\Facultad.java","Facultad::setTelefono","Facultad::setTelefono( String telefono)",96,96
1,1,8,0,1,"Facultad::getActivo@98-98@backend\Matricula\src\main\java\com\escuelaposgrado\Matricula\model\entity\Facultad.java","backend\Matricula\src\main\java\com\escuelaposgrado\Matricula\model\entity\Facultad.java","Facultad::getActivo","Facultad::getActivo()",98,98
1,1,13,1,1,"Facultad::setActivo@99-99@backend\Matricula\src\main\java\com\escuelaposgrado\Matricula\model\entity\Facultad.java","backend\Matricula\src\main\java\com\escuelaposgrado\Matricula\model\entity\Facultad.java","Facultad::setActivo","Facultad::setActivo( Boolean activo)",99,99
1,1,8,0,1,"Facultad::getDescripcion@101-101@backend\Matricula\src\main\java\com\escuelaposgrado\Matricula\model\entity\Facultad.java","backend\Matricula\src\main\java\com\escuelaposgrado\Matricula\model\entity\Facultad.java","Facultad::getDescripcion","Facultad::getDescripcion()",101,101
1,1,13,1,1,"Facultad::setDescripcion@102-102@backend\Matricula\src\main\java\com\escuelaposgrado\Matricula\model\entity\Facultad.java","backend\Matricula\src\main\java\com\escuelaposgrado\Matricula\model\entity\Facultad.java","Facultad::setDescripcion","Facultad::setDescripcion( String descripcion)",102,102
1,1,8,0,1,"Facultad::getFechaCreacion@104-104@backend\Matricula\src\main\java\com\escuelaposgrado\Matricula\model\entity\Facultad.java","backend\Matricula\src\main\java\com\escuelaposgrado\Matricula\model\entity\Facultad.java","Facultad::getFechaCreacion","Facultad::getFechaCreacion()",104,104
1,1,13,1,1,"Facultad::setFechaCreacion@105-105@backend\Matricula\src\main\java\com\escuelaposgrado\Matricula\model\entity\Facultad.java","backend\Matricula\src\main\java\com\escuelaposgrado\Matricula\model\entity\Facultad.java","Facultad::setFechaCreacion","Facultad::setFechaCreacion( LocalDateTime fechaCreacion)",105,105
1,1,8,0,1,"Facultad::getFechaActualizacion@107-107@backend\Matricula\src\main\java\com\escuelaposgrado\Matricula\model\entity\Facultad.java","backend\Matricula\src\main\java\com\escuelaposgrado\Matricula\model\entity\Facultad.java","Facultad::getFechaActualizacion","Facultad::getFechaActualizacion()",107,107
1,1,13,1,1,"Facultad::setFechaActualizacion@108-108@backend\Matricula\src\main\java\com\escuelaposgrado\Matricula\model\entity\Facultad.java","backend\Matricula\src\main\java\com\escuelaposgrado\Matricula\model\entity\Facultad.java","Facultad::setFechaActualizacion","Facultad::setFechaActualizacion( LocalDateTime fechaActualizacion)",108,108
1,1,8,0,1,"Facultad::getProgramasEstudio@110-110@backend\Matricula\src\main\java\com\escuelaposgrado\Matricula\model\entity\Facultad.java","backend\Matricula\src\main\java\com\escuelaposgrado\Matricula\model\entity\Facultad.java","Facultad::getProgramasEstudio","Facultad::getProgramasEstudio()",110,110
1,1,16,1,1,"Facultad::setProgramasEstudio@111-111@backend\Matricula\src\main\java\com\escuelaposgrado\Matricula\model\entity\Facultad.java","backend\Matricula\src\main\java\com\escuelaposgrado\Matricula\model\entity\Facultad.java","Facultad::setProgramasEstudio","Facultad::setProgramasEstudio( List<ProgramaEstudio> programasEstudio)",111,111
1,1,8,0,1,"Facultad::getComisiones@113-113@backend\Matricula\src\main\java\com\escuelaposgrado\Matricula\model\entity\Facultad.java","backend\Matricula\src\main\java\com\escuelaposgrado\Matricula\model\entity\Facultad.java","Facultad::getComisiones","Facultad::getComisiones()",113,113
1,1,16,1,1,"Facultad::setComisiones@114-114@backend\Matricula\src\main\java\com\escuelaposgrado\Matricula\model\entity\Facultad.java","backend\Matricula\src\main\java\com\escuelaposgrado\Matricula\model\entity\Facultad.java","Facultad::setComisiones","Facultad::setComisiones( List<ComisionUnidadPosgrado> comisiones)",114,114
4,1,21,0,4,"Mencion::onCreate@66-69@backend\Matricula\src\main\java\com\escuelaposgrado\Matricula\model\entity\Mencion.java","backend\Matricula\src\main\java\com\escuelaposgrado\Matricula\model\entity\Mencion.java","Mencion::onCreate","Mencion::onCreate()",66,69
3,1,13,0,3,"Mencion::onUpdate@72-74@backend\Matricula\src\main\java\com\escuelaposgrado\Matricula\model\entity\Mencion.java","backend\Matricula\src\main\java\com\escuelaposgrado\Matricula\model\entity\Mencion.java","Mencion::onUpdate","Mencion::onUpdate()",72,74
1,1,5,0,1,"Mencion::Mencion@77-77@backend\Matricula\src\main\java\com\escuelaposgrado\Matricula\model\entity\Mencion.java","backend\Matricula\src\main\java\com\escuelaposgrado\Matricula\model\entity\Mencion.java","Mencion::Mencion","Mencion::Mencion()",77,77
5,1,31,3,5,"Mencion::Mencion@79-83@backend\Matricula\src\main\java\com\escuelaposgrado\Matricula\model\entity\Mencion.java","backend\Matricula\src\main\java\com\escuelaposgrado\Matricula\model\entity\Mencion.java","Mencion::Mencion","Mencion::Mencion( String nombre , String codigo , ProgramaEstudio programaEstudio)",79,83
1,1,8,0,1,"Mencion::getId@86-86@backend\Matricula\src\main\java\com\escuelaposgrado\Matricula\model\entity\Mencion.java","backend\Matricula\src\main\java\com\escuelaposgrado\Matricula\model\entity\Mencion.java","Mencion::getId","Mencion::getId()",86,86
1,1,13,1,1,"Mencion::setId@87-87@backend\Matricula\src\main\java\com\escuelaposgrado\Matricula\model\entity\Mencion.java","backend\Matricula\src\main\java\com\escuelaposgrado\Matricula\model\entity\Mencion.java","Mencion::setId","Mencion::setId( Long id)",87,87
1,1,8,0,1,"Mencion::getNombre@89-89@backend\Matricula\src\main\java\com\escuelaposgrado\Matricula\model\entity\Mencion.java","backend\Matricula\src\main\java\com\escuelaposgrado\Matricula\model\entity\Mencion.java","Mencion::getNombre","Mencion::getNombre()",89,89
1,1,13,1,1,"Mencion::setNombre@90-90@backend\Matricula\src\main\java\com\escuelaposgrado\Matricula\model\entity\Mencion.java","backend\Matricula\src\main\java\com\escuelaposgrado\Matricula\model\entity\Mencion.java","Mencion::setNombre","Mencion::setNombre( String nombre)",90,90
1,1,8,0,1,"Mencion::getCodigo@92-92@backend\Matricula\src\main\java\com\escuelaposgrado\Matricula\model\entity\Mencion.java","backend\Matricula\src\main\java\com\escuelaposgrado\Matricula\model\entity\Mencion.java","Mencion::getCodigo","Mencion::getCodigo()",92,92
1,1,13,1,1,"Mencion::setCodigo@93-93@backend\Matricula\src\main\java\com\escuelaposgrado\Matricula\model\entity\Mencion.java","backend\Matricula\src\main\java\com\escuelaposgrado\Matricula\model\entity\Mencion.java","Mencion::setCodigo","Mencion::setCodigo( String codigo)",93,93
1,1,8,0,1,"Mencion::getActivo@95-95@backend\Matricula\src\main\java\com\escuelaposgrado\Matricula\model\entity\Mencion.java","backend\Matricula\src\main\java\com\escuelaposgrado\Matricula\model\entity\Mencion.java","Mencion::getActivo","Mencion::getActivo()",95,95
1,1,13,1,1,"Mencion::setActivo@96-96@backend\Matricula\src\main\java\com\escuelaposgrado\Matricula\model\entity\Mencion.java","backend\Matricula\src\main\java\com\escuelaposgrado\Matricula\model\entity\Mencion.java","Mencion::setActivo","Mencion::setActivo( Boolean activo)",96,96
1,1,8,0,1,"Mencion::getDisponible@98-98@backend\Matricula\src\main\java\com\escuelaposgrado\Matricula\model\entity\Mencion.java","backend\Matricula\src\main\java\com\escuelaposgrado\Matricula\model\entity\Mencion.java","Mencion::getDisponible","Mencion::getDisponible()",98,98
1,1,13,1,1,"Mencion::setDisponible@99-99@backend\Matricula\src\main\java\com\escuelaposgrado\Matricula\model\entity\Mencion.java","backend\Matricula\src\main\java\com\escuelaposgrado\Matricula\model\entity\Mencion.java","Mencion::setDisponible","Mencion::setDisponible( Boolean disponible)",99,99
1,1,8,0,1,"Mencion::getDescripcion@101-101@backend\Matricula\src\main\java\com\escuelaposgrado\Matricula\model\entity\Mencion.java","backend\Matricula\src\main\java\com\escuelaposgrado\Matricula\model\entity\Mencion.java","Mencion::getDescripcion","Mencion::getDescripcion()",101,101
1,1,13,1,1,"Mencion::setDescripcion@102-102@backend\Matricula\src\main\java\com\escuelaposgrado\Matricula\model\entity\Mencion.java","backend\Matricula\src\main\java\com\escuelaposgrado\Matricula\model\entity\Mencion.java","Mencion::setDescripcion","Mencion::setDescripcion( String descripcion)",102,102
1,1,8,0,1,"Mencion::getRequisitos@104-104@backend\Matricula\src\main\java\com\escuelaposgrado\Matricula\model\entity\Mencion.java","backend\Matricula\src\main\java\com\escuelaposgrado\Matricula\model\entity\Mencion.java","Mencion::getRequisitos","Mencion::getRequisitos()",104,104
1,1,13,1,1,"Mencion::setRequisitos@105-105@backend\Matricula\src\main\java\com\escuelaposgrado\Matricula\model\entity\Mencion.java","backend\Matricula\src\main\java\com\escuelaposgrado\Matricula\model\entity\Mencion.java","Mencion::setRequisitos","Mencion::setRequisitos( String requisitos)",105,105
1,1,8,0,1,"Mencion::getFechaCreacion@107-107@backend\Matricula\src\main\java\com\escuelaposgrado\Matricula\model\entity\Mencion.java","backend\Matricula\src\main\java\com\escuelaposgrado\Matricula\model\entity\Mencion.java","Mencion::getFechaCreacion","Mencion::getFechaCreacion()",107,107
1,1,13,1,1,"Mencion::setFechaCreacion@108-108@backend\Matricula\src\main\java\com\escuelaposgrado\Matricula\model\entity\Mencion.java","backend\Matricula\src\main\java\com\escuelaposgrado\Matricula\model\entity\Mencion.java","Mencion::setFechaCreacion","Mencion::setFechaCreacion( LocalDateTime fechaCreacion)",108,108
1,1,8,0,1,"Mencion::getFechaActualizacion@110-110@backend\Matricula\src\main\java\com\escuelaposgrado\Matricula\model\entity\Mencion.java","backend\Matricula\src\main\java\com\escuelaposgrado\Matricula\model\entity\Mencion.java","Mencion::getFechaActualizacion","Mencion::getFechaActualizacion()",110,110
1,1,13,1,1,"Mencion::setFechaActualizacion@111-111@backend\Matricula\src\main\java\com\escuelaposgrado\Matricula\model\entity\Mencion.java","backend\Matricula\src\main\java\com\escuelaposgrado\Matricula\model\entity\Mencion.java","Mencion::setFechaActualizacion","Mencion::setFechaActualizacion( LocalDateTime fechaActualizacion)",111,111
1,1,8,0,1,"Mencion::getProgramaEstudio@113-113@backend\Matricula\src\main\java\com\escuelaposgrado\Matricula\model\entity\Mencion.java","backend\Matricula\src\main\java\com\escuelaposgrado\Matricula\model\entity\Mencion.java","Mencion::getProgramaEstudio","Mencion::getProgramaEstudio()",113,113
1,1,13,1,1,"Mencion::setProgramaEstudio@114-114@backend\Matricula\src\main\java\com\escuelaposgrado\Matricula\model\entity\Mencion.java","backend\Matricula\src\main\java\com\escuelaposgrado\Matricula\model\entity\Mencion.java","Mencion::setProgramaEstudio","Mencion::setProgramaEstudio( ProgramaEstudio programaEstudio)",114,114
7,3,47,0,8,"PeriodoAcademico::onCreate@70-77@backend\Matricula\src\main\java\com\escuelaposgrado\Matricula\model\entity\PeriodoAcademico.java","backend\Matricula\src\main\java\com\escuelaposgrado\Matricula\model\entity\PeriodoAcademico.java","PeriodoAcademico::onCreate","PeriodoAcademico::onCreate()",70,77
6,3,39,0,7,"PeriodoAcademico::onUpdate@80-86@backend\Matricula\src\main\java\com\escuelaposgrado\Matricula\model\entity\PeriodoAcademico.java","backend\Matricula\src\main\java\com\escuelaposgrado\Matricula\model\entity\PeriodoAcademico.java","PeriodoAcademico::onUpdate","PeriodoAcademico::onUpdate()",80,86
1,1,5,0,1,"PeriodoAcademico::PeriodoAcademico@89-89@backend\Matricula\src\main\java\com\escuelaposgrado\Matricula\model\entity\PeriodoAcademico.java","backend\Matricula\src\main\java\com\escuelaposgrado\Matricula\model\entity\PeriodoAcademico.java","PeriodoAcademico::PeriodoAcademico","PeriodoAcademico::PeriodoAcademico()",89,89
11,1,67,7,11,"PeriodoAcademico::PeriodoAcademico@91-101@backend\Matricula\src\main\java\com\escuelaposgrado\Matricula\model\entity\PeriodoAcademico.java","backend\Matricula\src\main\java\com\escuelaposgrado\Matricula\model\entity\PeriodoAcademico.java","PeriodoAcademico::PeriodoAcademico","PeriodoAcademico::PeriodoAcademico( String nombre , String anio , String semestre , LocalDateTime fechaInicio , LocalDateTime fechaFin , LocalDateTime fechaInicioMatricula , LocalDateTime fechaFinMatricula)",91,101
1,1,8,0,1,"PeriodoAcademico::getId@104-104@backend\Matricula\src\main\java\com\escuelaposgrado\Matricula\model\entity\PeriodoAcademico.java","backend\Matricula\src\main\java\com\escuelaposgrado\Matricula\model\entity\PeriodoAcademico.java","PeriodoAcademico::getId","PeriodoAcademico::getId()",104,104
1,1,13,1,1,"PeriodoAcademico::setId@105-105@backend\Matricula\src\main\java\com\escuelaposgrado\Matricula\model\entity\PeriodoAcademico.java","backend\Matricula\src\main\java\com\escuelaposgrado\Matricula\model\entity\PeriodoAcademico.java","PeriodoAcademico::setId","PeriodoAcademico::setId( Long id)",105,105
1,1,8,0,1,"PeriodoAcademico::getNombre@107-107@backend\Matricula\src\main\java\com\escuelaposgrado\Matricula\model\entity\PeriodoAcademico.java","backend\Matricula\src\main\java\com\escuelaposgrado\Matricula\model\entity\PeriodoAcademico.java","PeriodoAcademico::getNombre","PeriodoAcademico::getNombre()",107,107
1,1,13,1,1,"PeriodoAcademico::setNombre@108-108@backend\Matricula\src\main\java\com\escuelaposgrado\Matricula\model\entity\PeriodoAcademico.java","backend\Matricula\src\main\java\com\escuelaposgrado\Matricula\model\entity\PeriodoAcademico.java","PeriodoAcademico::setNombre","PeriodoAcademico::setNombre( String nombre)",108,108
1,1,8,0,1,"PeriodoAcademico::getCodigo@110-110@backend\Matricula\src\main\java\com\escuelaposgrado\Matricula\model\entity\PeriodoAcademico.java","backend\Matricula\src\main\java\com\escuelaposgrado\Matricula\model\entity\PeriodoAcademico.java","PeriodoAcademico::getCodigo","PeriodoAcademico::getCodigo()",110,110
1,1,13,1,1,"PeriodoAcademico::setCodigo@111-111@backend\Matricula\src\main\java\com\escuelaposgrado\Matricula\model\entity\PeriodoAcademico.java","backend\Matricula\src\main\java\com\escuelaposgrado\Matricula\model\entity\PeriodoAcademico.java","PeriodoAcademico::setCodigo","PeriodoAcademico::setCodigo( String codigo)",111,111
1,1,8,0,1,"PeriodoAcademico::getAnio@113-113@backend\Matricula\src\main\java\com\escuelaposgrado\Matricula\model\entity\PeriodoAcademico.java","backend\Matricula\src\main\java\com\escuelaposgrado\Matricula\model\entity\PeriodoAcademico.java","PeriodoAcademico::getAnio","PeriodoAcademico::getAnio()",113,113
1,1,13,1,1,"PeriodoAcademico::setAnio@114-114@backend\Matricula\src\main\java\com\escuelaposgrado\Matricula\model\entity\PeriodoAcademico.java","backend\Matricula\src\main\java\com\escuelaposgrado\Matricula\model\entity\PeriodoAcademico.java","PeriodoAcademico::setAnio","PeriodoAcademico::setAnio( String anio)",114,114
1,1,8,0,1,"PeriodoAcademico::getSemestre@116-116@backend\Matricula\src\main\java\com\escuelaposgrado\Matricula\model\entity\PeriodoAcademico.java","backend\Matricula\src\main\java\com\escuelaposgrado\Matricula\model\entity\PeriodoAcademico.java","PeriodoAcademico::getSemestre","PeriodoAcademico::getSemestre()",116,116
1,1,13,1,1,"PeriodoAcademico::setSemestre@117-117@backend\Matricula\src\main\java\com\escuelaposgrado\Matricula\model\entity\PeriodoAcademico.java","backend\Matricula\src\main\java\com\escuelaposgrado\Matricula\model\entity\PeriodoAcademico.java","PeriodoAcademico::setSemestre","PeriodoAcademico::setSemestre( String semestre)",117,117
1,1,8,0,1,"PeriodoAcademico::getFechaInicio@119-119@backend\Matricula\src\main\java\com\escuelaposgrado\Matricula\model\entity\PeriodoAcademico.java","backend\Matricula\src\main\java\com\escuelaposgrado\Matricula\model\entity\PeriodoAcademico.java","PeriodoAcademico::getFechaInicio","PeriodoAcademico::getFechaInicio()",119,119
1,1,13,1,1,"PeriodoAcademico::setFechaInicio@120-120@backend\Matricula\src\main\java\com\escuelaposgrado\Matricula\model\entity\PeriodoAcademico.java","backend\Matricula\src\main\java\com\escuelaposgrado\Matricula\model\entity\PeriodoAcademico.java","PeriodoAcademico::setFechaInicio","PeriodoAcademico::setFechaInicio( LocalDateTime fechaInicio)",120,120
1,1,8,0,1,"PeriodoAcademico::getFechaFin@122-122@backend\Matricula\src\main\java\com\escuelaposgrado\Matricula\model\entity\PeriodoAcademico.java","backend\Matricula\src\main\java\com\escuelaposgrado\Matricula\model\entity\PeriodoAcademico.java","PeriodoAcademico::getFechaFin","PeriodoAcademico::getFechaFin()",122,122
1,1,13,1,1,"PeriodoAcademico::setFechaFin@123-123@backend\Matricula\src\main\java\com\escuelaposgrado\Matricula\model\entity\PeriodoAcademico.java","backend\Matricula\src\main\java\com\escuelaposgrado\Matricula\model\entity\PeriodoAcademico.java","PeriodoAcademico::setFechaFin","PeriodoAcademico::setFechaFin( LocalDateTime fechaFin)",123,123
1,1,8,0,1,"PeriodoAcademico::getFechaInicioMatricula@125-125@backend\Matricula\src\main\java\com\escuelaposgrado\Matricula\model\entity\PeriodoAcademico.java","backend\Matricula\src\main\java\com\escuelaposgrado\Matricula\model\entity\PeriodoAcademico.java","PeriodoAcademico::getFechaInicioMatricula","PeriodoAcademico::getFechaInicioMatricula()",125,125
1,1,13,1,1,"PeriodoAcademico::setFechaInicioMatricula@126-126@backend\Matricula\src\main\java\com\escuelaposgrado\Matricula\model\entity\PeriodoAcademico.java","backend\Matricula\src\main\java\com\escuelaposgrado\Matricula\model\entity\PeriodoAcademico.java","PeriodoAcademico::setFechaInicioMatricula","PeriodoAcademico::setFechaInicioMatricula( LocalDateTime fechaInicioMatricula)",126,126
1,1,8,0,1,"PeriodoAcademico::getFechaFinMatricula@128-128@backend\Matricula\src\main\java\com\escuelaposgrado\Matricula\model\entity\PeriodoAcademico.java","backend\Matricula\src\main\java\com\escuelaposgrado\Matricula\model\entity\PeriodoAcademico.java","PeriodoAcademico::getFechaFinMatricula","PeriodoAcademico::getFechaFinMatricula()",128,128
1,1,13,1,1,"PeriodoAcademico::setFechaFinMatricula@129-129@backend\Matricula\src\main\java\com\escuelaposgrado\Matricula\model\entity\PeriodoAcademico.java","backend\Matricula\src\main\java\com\escuelaposgrado\Matricula\model\entity\PeriodoAcademico.java","PeriodoAcademico::setFechaFinMatricula","PeriodoAcademico::setFechaFinMatricula( LocalDateTime fechaFinMatricula)",129,129
1,1,8,0,1,"PeriodoAcademico::getActivo@131-131@backend\Matricula\src\main\java\com\escuelaposgrado\Matricula\model\entity\PeriodoAcademico.java","backend\Matricula\src\main\java\com\escuelaposgrado\Matricula\model\entity\PeriodoAcademico.java","PeriodoAcademico::getActivo","PeriodoAcademico::getActivo()",131,131
1,1,13,1,1,"PeriodoAcademico::setActivo@132-132@backend\Matricula\src\main\java\com\escuelaposgrado\Matricula\model\entity\PeriodoAcademico.java","backend\Matricula\src\main\java\com\escuelaposgrado\Matricula\model\entity\PeriodoAcademico.java","PeriodoAcademico::setActivo","PeriodoAcademico::setActivo( Boolean activo)",132,132
1,1,8,0,1,"PeriodoAcademico::getHabilitado@134-134@backend\Matricula\src\main\java\com\escuelaposgrado\Matricula\model\entity\PeriodoAcademico.java","backend\Matricula\src\main\java\com\escuelaposgrado\Matricula\model\entity\PeriodoAcademico.java","PeriodoAcademico::getHabilitado","PeriodoAcademico::getHabilitado()",134,134
1,1,13,1,1,"PeriodoAcademico::setHabilitado@135-135@backend\Matricula\src\main\java\com\escuelaposgrado\Matricula\model\entity\PeriodoAcademico.java","backend\Matricula\src\main\java\com\escuelaposgrado\Matricula\model\entity\PeriodoAcademico.java","PeriodoAcademico::setHabilitado","PeriodoAcademico::setHabilitado( Boolean habilitado)",135,135
1,1,8,0,1,"PeriodoAcademico::getDescripcion@137-137@backend\Matricula\src\main\java\com\escuelaposgrado\Matricula\model\entity\PeriodoAcademico.java","backend\Matricula\src\main\java\com\escuelaposgrado\Matricula\model\entity\PeriodoAcademico.java","PeriodoAcademico::getDescripcion","PeriodoAcademico::getDescripcion()",137,137
1,1,13,1,1,"PeriodoAcademico::setDescripcion@138-138@backend\Matricula\src\main\java\com\escuelaposgrado\Matricula\model\entity\PeriodoAcademico.java","backend\Matricula\src\main\java\com\escuelaposgrado\Matricula\model\entity\PeriodoAcademico.java","PeriodoAcademico::setDescripcion","PeriodoAcademico::setDescripcion( String descripcion)",138,138
1,1,8,0,1,"PeriodoAcademico::getFechaCreacion@140-140@backend\Matricula\src\main\java\com\escuelaposgrado\Matricula\model\entity\PeriodoAcademico.java","backend\Matricula\src\main\java\com\escuelaposgrado\Matricula\model\entity\PeriodoAcademico.java","PeriodoAcademico::getFechaCreacion","PeriodoAcademico::getFechaCreacion()",140,140
1,1,13,1,1,"PeriodoAcademico::setFechaCreacion@141-141@backend\Matricula\src\main\java\com\escuelaposgrado\Matricula\model\entity\PeriodoAcademico.java","backend\Matricula\src\main\java\com\escuelaposgrado\Matricula\model\entity\PeriodoAcademico.java","PeriodoAcademico::setFechaCreacion","PeriodoAcademico::setFechaCreacion( LocalDateTime fechaCreacion)",141,141
1,1,8,0,1,"PeriodoAcademico::getFechaActualizacion@143-143@backend\Matricula\src\main\java\com\escuelaposgrado\Matricula\model\entity\PeriodoAcademico.java","backend\Matricula\src\main\java\com\escuelaposgrado\Matricula\model\entity\PeriodoAcademico.java","PeriodoAcademico::getFechaActualizacion","PeriodoAcademico::getFechaActualizacion()",143,143
1,1,13,1,1,"PeriodoAcademico::setFechaActualizacion@144-144@backend\Matricula\src\main\java\com\escuelaposgrado\Matricula\model\entity\PeriodoAcademico.java","backend\Matricula\src\main\java\com\escuelaposgrado\Matricula\model\entity\PeriodoAcademico.java","PeriodoAcademico::setFechaActualizacion","PeriodoAcademico::setFechaActualizacion( LocalDateTime fechaActualizacion)",144,144
1,1,8,0,1,"PeriodoAcademico::getTurnosMatricula@146-146@backend\Matricula\src\main\java\com\escuelaposgrado\Matricula\model\entity\PeriodoAcademico.java","backend\Matricula\src\main\java\com\escuelaposgrado\Matricula\model\entity\PeriodoAcademico.java","PeriodoAcademico::getTurnosMatricula","PeriodoAcademico::getTurnosMatricula()",146,146
1,1,16,1,1,"PeriodoAcademico::setTurnosMatricula@147-147@backend\Matricula\src\main\java\com\escuelaposgrado\Matricula\model\entity\PeriodoAcademico.java","backend\Matricula\src\main\java\com\escuelaposgrado\Matricula\model\entity\PeriodoAcademico.java","PeriodoAcademico::setTurnosMatricula","PeriodoAcademico::setTurnosMatricula( List<TurnoMatricula> turnosMatricula)",147,147
4,1,21,0,4,"ProgramaEstudio::onCreate@80-83@backend\Matricula\src\main\java\com\escuelaposgrado\Matricula\model\entity\ProgramaEstudio.java","backend\Matricula\src\main\java\com\escuelaposgrado\Matricula\model\entity\ProgramaEstudio.java","ProgramaEstudio::onCreate","ProgramaEstudio::onCreate()",80,83
3,1,13,0,3,"ProgramaEstudio::onUpdate@86-88@backend\Matricula\src\main\java\com\escuelaposgrado\Matricula\model\entity\ProgramaEstudio.java","backend\Matricula\src\main\java\com\escuelaposgrado\Matricula\model\entity\ProgramaEstudio.java","ProgramaEstudio::onUpdate","ProgramaEstudio::onUpdate()",86,88
1,1,5,0,1,"ProgramaEstudio::ProgramaEstudio@91-91@backend\Matricula\src\main\java\com\escuelaposgrado\Matricula\model\entity\ProgramaEstudio.java","backend\Matricula\src\main\java\com\escuelaposgrado\Matricula\model\entity\ProgramaEstudio.java","ProgramaEstudio::ProgramaEstudio","ProgramaEstudio::ProgramaEstudio()",91,91
7,1,49,5,7,"ProgramaEstudio::ProgramaEstudio@93-99@backend\Matricula\src\main\java\com\escuelaposgrado\Matricula\model\entity\ProgramaEstudio.java","backend\Matricula\src\main\java\com\escuelaposgrado\Matricula\model\entity\ProgramaEstudio.java","ProgramaEstudio::ProgramaEstudio","ProgramaEstudio::ProgramaEstudio( String nombre , String codigo , String nivel , String modalidad , Facultad facultad)",93,99
1,1,8,0,1,"ProgramaEstudio::getId@102-102@backend\Matricula\src\main\java\com\escuelaposgrado\Matricula\model\entity\ProgramaEstudio.java","backend\Matricula\src\main\java\com\escuelaposgrado\Matricula\model\entity\ProgramaEstudio.java","ProgramaEstudio::getId","ProgramaEstudio::getId()",102,102
1,1,13,1,1,"ProgramaEstudio::setId@103-103@backend\Matricula\src\main\java\com\escuelaposgrado\Matricula\model\entity\ProgramaEstudio.java","backend\Matricula\src\main\java\com\escuelaposgrado\Matricula\model\entity\ProgramaEstudio.java","ProgramaEstudio::setId","ProgramaEstudio::setId( Long id)",103,103
1,1,8,0,1,"ProgramaEstudio::getNombre@105-105@backend\Matricula\src\main\java\com\escuelaposgrado\Matricula\model\entity\ProgramaEstudio.java","backend\Matricula\src\main\java\com\escuelaposgrado\Matricula\model\entity\ProgramaEstudio.java","ProgramaEstudio::getNombre","ProgramaEstudio::getNombre()",105,105
1,1,13,1,1,"ProgramaEstudio::setNombre@106-106@backend\Matricula\src\main\java\com\escuelaposgrado\Matricula\model\entity\ProgramaEstudio.java","backend\Matricula\src\main\java\com\escuelaposgrado\Matricula\model\entity\ProgramaEstudio.java","ProgramaEstudio::setNombre","ProgramaEstudio::setNombre( String nombre)",106,106
1,1,8,0,1,"ProgramaEstudio::getCodigo@108-108@backend\Matricula\src\main\java\com\escuelaposgrado\Matricula\model\entity\ProgramaEstudio.java","backend\Matricula\src\main\java\com\escuelaposgrado\Matricula\model\entity\ProgramaEstudio.java","ProgramaEstudio::getCodigo","ProgramaEstudio::getCodigo()",108,108
1,1,13,1,1,"ProgramaEstudio::setCodigo@109-109@backend\Matricula\src\main\java\com\escuelaposgrado\Matricula\model\entity\ProgramaEstudio.java","backend\Matricula\src\main\java\com\escuelaposgrado\Matricula\model\entity\ProgramaEstudio.java","ProgramaEstudio::setCodigo","ProgramaEstudio::setCodigo( String codigo)",109,109
1,1,8,0,1,"ProgramaEstudio::getNivel@111-111@backend\Matricula\src\main\java\com\escuelaposgrado\Matricula\model\entity\ProgramaEstudio.java","backend\Matricula\src\main\java\com\escuelaposgrado\Matricula\model\entity\ProgramaEstudio.java","ProgramaEstudio::getNivel","ProgramaEstudio::getNivel()",111,111
1,1,13,1,1,"ProgramaEstudio::setNivel@112-112@backend\Matricula\src\main\java\com\escuelaposgrado\Matricula\model\entity\ProgramaEstudio.java","backend\Matricula\src\main\java\com\escuelaposgrado\Matricula\model\entity\ProgramaEstudio.java","ProgramaEstudio::setNivel","ProgramaEstudio::setNivel( String nivel)",112,112
1,1,8,0,1,"ProgramaEstudio::getModalidad@114-114@backend\Matricula\src\main\java\com\escuelaposgrado\Matricula\model\entity\ProgramaEstudio.java","backend\Matricula\src\main\java\com\escuelaposgrado\Matricula\model\entity\ProgramaEstudio.java","ProgramaEstudio::getModalidad","ProgramaEstudio::getModalidad()",114,114
1,1,13,1,1,"ProgramaEstudio::setModalidad@115-115@backend\Matricula\src\main\java\com\escuelaposgrado\Matricula\model\entity\ProgramaEstudio.java","backend\Matricula\src\main\java\com\escuelaposgrado\Matricula\model\entity\ProgramaEstudio.java","ProgramaEstudio::setModalidad","ProgramaEstudio::setModalidad( String modalidad)",115,115
1,1,8,0,1,"ProgramaEstudio::getDuracionSemestres@117-117@backend\Matricula\src\main\java\com\escuelaposgrado\Matricula\model\entity\ProgramaEstudio.java","backend\Matricula\src\main\java\com\escuelaposgrado\Matricula\model\entity\ProgramaEstudio.java","ProgramaEstudio::getDuracionSemestres","ProgramaEstudio::getDuracionSemestres()",117,117
1,1,13,1,1,"ProgramaEstudio::setDuracionSemestres@118-118@backend\Matricula\src\main\java\com\escuelaposgrado\Matricula\model\entity\ProgramaEstudio.java","backend\Matricula\src\main\java\com\escuelaposgrado\Matricula\model\entity\ProgramaEstudio.java","ProgramaEstudio::setDuracionSemestres","ProgramaEstudio::setDuracionSemestres( Integer duracionSemestres)",118,118
1,1,8,0,1,"ProgramaEstudio::getCreditosTotales@120-120@backend\Matricula\src\main\java\com\escuelaposgrado\Matricula\model\entity\ProgramaEstudio.java","backend\Matricula\src\main\java\com\escuelaposgrado\Matricula\model\entity\ProgramaEstudio.java","ProgramaEstudio::getCreditosTotales","ProgramaEstudio::getCreditosTotales()",120,120
1,1,13,1,1,"ProgramaEstudio::setCreditosTotales@121-121@backend\Matricula\src\main\java\com\escuelaposgrado\Matricula\model\entity\ProgramaEstudio.java","backend\Matricula\src\main\java\com\escuelaposgrado\Matricula\model\entity\ProgramaEstudio.java","ProgramaEstudio::setCreditosTotales","ProgramaEstudio::setCreditosTotales( Integer creditosTotales)",121,121
1,1,8,0,1,"ProgramaEstudio::getActivo@123-123@backend\Matricula\src\main\java\com\escuelaposgrado\Matricula\model\entity\ProgramaEstudio.java","backend\Matricula\src\main\java\com\escuelaposgrado\Matricula\model\entity\ProgramaEstudio.java","ProgramaEstudio::getActivo","ProgramaEstudio::getActivo()",123,123
1,1,13,1,1,"ProgramaEstudio::setActivo@124-124@backend\Matricula\src\main\java\com\escuelaposgrado\Matricula\model\entity\ProgramaEstudio.java","backend\Matricula\src\main\java\com\escuelaposgrado\Matricula\model\entity\ProgramaEstudio.java","ProgramaEstudio::setActivo","ProgramaEstudio::setActivo( Boolean activo)",124,124
1,1,8,0,1,"ProgramaEstudio::getDisponible@126-126@backend\Matricula\src\main\java\com\escuelaposgrado\Matricula\model\entity\ProgramaEstudio.java","backend\Matricula\src\main\java\com\escuelaposgrado\Matricula\model\entity\ProgramaEstudio.java","ProgramaEstudio::getDisponible","ProgramaEstudio::getDisponible()",126,126
1,1,13,1,1,"ProgramaEstudio::setDisponible@127-127@backend\Matricula\src\main\java\com\escuelaposgrado\Matricula\model\entity\ProgramaEstudio.java","backend\Matricula\src\main\java\com\escuelaposgrado\Matricula\model\entity\ProgramaEstudio.java","ProgramaEstudio::setDisponible","ProgramaEstudio::setDisponible( Boolean disponible)",127,127
1,1,8,0,1,"ProgramaEstudio::getDescripcion@129-129@backend\Matricula\src\main\java\com\escuelaposgrado\Matricula\model\entity\ProgramaEstudio.java","backend\Matricula\src\main\java\com\escuelaposgrado\Matricula\model\entity\ProgramaEstudio.java","ProgramaEstudio::getDescripcion","ProgramaEstudio::getDescripcion()",129,129
1,1,13,1,1,"ProgramaEstudio::setDescripcion@130-130@backend\Matricula\src\main\java\com\escuelaposgrado\Matricula\model\entity\ProgramaEstudio.java","backend\Matricula\src\main\java\com\escuelaposgrado\Matricula\model\entity\ProgramaEstudio.java","ProgramaEstudio::setDescripcion","ProgramaEstudio::setDescripcion( String descripcion)",130,130
1,1,8,0,1,"ProgramaEstudio::getObjetivos@132-132@backend\Matricula\src\main\java\com\escuelaposgrado\Matricula\model\entity\ProgramaEstudio.java","backend\Matricula\src\main\java\com\escuelaposgrado\Matricula\model\entity\ProgramaEstudio.java","ProgramaEstudio::getObjetivos","ProgramaEstudio::getObjetivos()",132,132
1,1,13,1,1,"ProgramaEstudio::setObjetivos@133-133@backend\Matricula\src\main\java\com\escuelaposgrado\Matricula\model\entity\ProgramaEstudio.java","backend\Matricula\src\main\java\com\escuelaposgrado\Matricula\model\entity\ProgramaEstudio.java","ProgramaEstudio::setObjetivos","ProgramaEstudio::setObjetivos( String objetivos)",133,133
1,1,8,0,1,"ProgramaEstudio::getFechaCreacion@135-135@backend\Matricula\src\main\java\com\escuelaposgrado\Matricula\model\entity\ProgramaEstudio.java","backend\Matricula\src\main\java\com\escuelaposgrado\Matricula\model\entity\ProgramaEstudio.java","ProgramaEstudio::getFechaCreacion","ProgramaEstudio::getFechaCreacion()",135,135
1,1,13,1,1,"ProgramaEstudio::setFechaCreacion@136-136@backend\Matricula\src\main\java\com\escuelaposgrado\Matricula\model\entity\ProgramaEstudio.java","backend\Matricula\src\main\java\com\escuelaposgrado\Matricula\model\entity\ProgramaEstudio.java","ProgramaEstudio::setFechaCreacion","ProgramaEstudio::setFechaCreacion( LocalDateTime fechaCreacion)",136,136
1,1,8,0,1,"ProgramaEstudio::getFechaActualizacion@138-138@backend\Matricula\src\main\java\com\escuelaposgrado\Matricula\model\entity\ProgramaEstudio.java","backend\Matricula\src\main\java\com\escuelaposgrado\Matricula\model\entity\ProgramaEstudio.java","ProgramaEstudio::getFechaActualizacion","ProgramaEstudio::getFechaActualizacion()",138,138
1,1,13,1,1,"ProgramaEstudio::setFechaActualizacion@139-139@backend\Matricula\src\main\java\com\escuelaposgrado\Matricula\model\entity\ProgramaEstudio.java","backend\Matricula\src\main\java\com\escuelaposgrado\Matricula\model\entity\ProgramaEstudio.java","ProgramaEstudio::setFechaActualizacion","ProgramaEstudio::setFechaActualizacion( LocalDateTime fechaActualizacion)",139,139
1,1,8,0,1,"ProgramaEstudio::getFacultad@141-141@backend\Matricula\src\main\java\com\escuelaposgrado\Matricula\model\entity\ProgramaEstudio.java","backend\Matricula\src\main\java\com\escuelaposgrado\Matricula\model\entity\ProgramaEstudio.java","ProgramaEstudio::getFacultad","ProgramaEstudio::getFacultad()",141,141
1,1,13,1,1,"ProgramaEstudio::setFacultad@142-142@backend\Matricula\src\main\java\com\escuelaposgrado\Matricula\model\entity\ProgramaEstudio.java","backend\Matricula\src\main\java\com\escuelaposgrado\Matricula\model\entity\ProgramaEstudio.java","ProgramaEstudio::setFacultad","ProgramaEstudio::setFacultad( Facultad facultad)",142,142
1,1,8,0,1,"ProgramaEstudio::getMenciones@144-144@backend\Matricula\src\main\java\com\escuelaposgrado\Matricula\model\entity\ProgramaEstudio.java","backend\Matricula\src\main\java\com\escuelaposgrado\Matricula\model\entity\ProgramaEstudio.java","ProgramaEstudio::getMenciones","ProgramaEstudio::getMenciones()",144,144
1,1,16,1,1,"ProgramaEstudio::setMenciones@145-145@backend\Matricula\src\main\java\com\escuelaposgrado\Matricula\model\entity\ProgramaEstudio.java","backend\Matricula\src\main\java\com\escuelaposgrado\Matricula\model\entity\ProgramaEstudio.java","ProgramaEstudio::setMenciones","ProgramaEstudio::setMenciones( List<Mencion> menciones)",145,145
1,1,8,0,1,"ProgramaEstudio::getTasasPago@147-147@backend\Matricula\src\main\java\com\escuelaposgrado\Matricula\model\entity\ProgramaEstudio.java","backend\Matricula\src\main\java\com\escuelaposgrado\Matricula\model\entity\ProgramaEstudio.java","ProgramaEstudio::getTasasPago","ProgramaEstudio::getTasasPago()",147,147
1,1,16,1,1,"ProgramaEstudio::setTasasPago@148-148@backend\Matricula\src\main\java\com\escuelaposgrado\Matricula\model\entity\ProgramaEstudio.java","backend\Matricula\src\main\java\com\escuelaposgrado\Matricula\model\entity\ProgramaEstudio.java","ProgramaEstudio::setTasasPago","ProgramaEstudio::setTasasPago( List<TasaPago> tasasPago)",148,148
1,1,8,0,1,"ProgramaEstudio::getTurnosMatricula@150-150@backend\Matricula\src\main\java\com\escuelaposgrado\Matricula\model\entity\ProgramaEstudio.java","backend\Matricula\src\main\java\com\escuelaposgrado\Matricula\model\entity\ProgramaEstudio.java","ProgramaEstudio::getTurnosMatricula","ProgramaEstudio::getTurnosMatricula()",150,150
1,1,16,1,1,"ProgramaEstudio::setTurnosMatricula@151-151@backend\Matricula\src\main\java\com\escuelaposgrado\Matricula\model\entity\ProgramaEstudio.java","backend\Matricula\src\main\java\com\escuelaposgrado\Matricula\model\entity\ProgramaEstudio.java","ProgramaEstudio::setTurnosMatricula","ProgramaEstudio::setTurnosMatricula( List<TurnoMatricula> turnosMatricula)",151,151
4,1,21,0,4,"Sede::onCreate@74-77@backend\Matricula\src\main\java\com\escuelaposgrado\Matricula\model\entity\Sede.java","backend\Matricula\src\main\java\com\escuelaposgrado\Matricula\model\entity\Sede.java","Sede::onCreate","Sede::onCreate()",74,77
3,1,13,0,3,"Sede::onUpdate@80-82@backend\Matricula\src\main\java\com\escuelaposgrado\Matricula\model\entity\Sede.java","backend\Matricula\src\main\java\com\escuelaposgrado\Matricula\model\entity\Sede.java","Sede::onUpdate","Sede::onUpdate()",80,82
1,1,5,0,1,"Sede::Sede@85-85@backend\Matricula\src\main\java\com\escuelaposgrado\Matricula\model\entity\Sede.java","backend\Matricula\src\main\java\com\escuelaposgrado\Matricula\model\entity\Sede.java","Sede::Sede","Sede::Sede()",85,85
7,1,49,5,7,"Sede::Sede@87-93@backend\Matricula\src\main\java\com\escuelaposgrado\Matricula\model\entity\Sede.java","backend\Matricula\src\main\java\com\escuelaposgrado\Matricula\model\entity\Sede.java","Sede::Sede","Sede::Sede( String nombre , String codigo , String direccion , String ciudad , String departamento)",87,93
1,1,8,0,1,"Sede::getId@96-96@backend\Matricula\src\main\java\com\escuelaposgrado\Matricula\model\entity\Sede.java","backend\Matricula\src\main\java\com\escuelaposgrado\Matricula\model\entity\Sede.java","Sede::getId","Sede::getId()",96,96
1,1,13,1,1,"Sede::setId@97-97@backend\Matricula\src\main\java\com\escuelaposgrado\Matricula\model\entity\Sede.java","backend\Matricula\src\main\java\com\escuelaposgrado\Matricula\model\entity\Sede.java","Sede::setId","Sede::setId( Long id)",97,97
1,1,8,0,1,"Sede::getNombre@99-99@backend\Matricula\src\main\java\com\escuelaposgrado\Matricula\model\entity\Sede.java","backend\Matricula\src\main\java\com\escuelaposgrado\Matricula\model\entity\Sede.java","Sede::getNombre","Sede::getNombre()",99,99
1,1,13,1,1,"Sede::setNombre@100-100@backend\Matricula\src\main\java\com\escuelaposgrado\Matricula\model\entity\Sede.java","backend\Matricula\src\main\java\com\escuelaposgrado\Matricula\model\entity\Sede.java","Sede::setNombre","Sede::setNombre( String nombre)",100,100
1,1,8,0,1,"Sede::getCodigo@102-102@backend\Matricula\src\main\java\com\escuelaposgrado\Matricula\model\entity\Sede.java","backend\Matricula\src\main\java\com\escuelaposgrado\Matricula\model\entity\Sede.java","Sede::getCodigo","Sede::getCodigo()",102,102
1,1,13,1,1,"Sede::setCodigo@103-103@backend\Matricula\src\main\java\com\escuelaposgrado\Matricula\model\entity\Sede.java","backend\Matricula\src\main\java\com\escuelaposgrado\Matricula\model\entity\Sede.java","Sede::setCodigo","Sede::setCodigo( String codigo)",103,103
1,1,8,0,1,"Sede::getDireccion@105-105@backend\Matricula\src\main\java\com\escuelaposgrado\Matricula\model\entity\Sede.java","backend\Matricula\src\main\java\com\escuelaposgrado\Matricula\model\entity\Sede.java","Sede::getDireccion","Sede::getDireccion()",105,105
1,1,13,1,1,"Sede::setDireccion@106-106@backend\Matricula\src\main\java\com\escuelaposgrado\Matricula\model\entity\Sede.java","backend\Matricula\src\main\java\com\escuelaposgrado\Matricula\model\entity\Sede.java","Sede::setDireccion","Sede::setDireccion( String direccion)",106,106
1,1,8,0,1,"Sede::getCiudad@108-108@backend\Matricula\src\main\java\com\escuelaposgrado\Matricula\model\entity\Sede.java","backend\Matricula\src\main\java\com\escuelaposgrado\Matricula\model\entity\Sede.java","Sede::getCiudad","Sede::getCiudad()",108,108
1,1,13,1,1,"Sede::setCiudad@109-109@backend\Matricula\src\main\java\com\escuelaposgrado\Matricula\model\entity\Sede.java","backend\Matricula\src\main\java\com\escuelaposgrado\Matricula\model\entity\Sede.java","Sede::setCiudad","Sede::setCiudad( String ciudad)",109,109
1,1,8,0,1,"Sede::getDepartamento@111-111@backend\Matricula\src\main\java\com\escuelaposgrado\Matricula\model\entity\Sede.java","backend\Matricula\src\main\java\com\escuelaposgrado\Matricula\model\entity\Sede.java","Sede::getDepartamento","Sede::getDepartamento()",111,111
1,1,13,1,1,"Sede::setDepartamento@112-112@backend\Matricula\src\main\java\com\escuelaposgrado\Matricula\model\entity\Sede.java","backend\Matricula\src\main\java\com\escuelaposgrado\Matricula\model\entity\Sede.java","Sede::setDepartamento","Sede::setDepartamento( String departamento)",112,112
1,1,8,0,1,"Sede::getTelefono@114-114@backend\Matricula\src\main\java\com\escuelaposgrado\Matricula\model\entity\Sede.java","backend\Matricula\src\main\java\com\escuelaposgrado\Matricula\model\entity\Sede.java","Sede::getTelefono","Sede::getTelefono()",114,114
1,1,13,1,1,"Sede::setTelefono@115-115@backend\Matricula\src\main\java\com\escuelaposgrado\Matricula\model\entity\Sede.java","backend\Matricula\src\main\java\com\escuelaposgrado\Matricula\model\entity\Sede.java","Sede::setTelefono","Sede::setTelefono( String telefono)",115,115
1,1,8,0,1,"Sede::getEmail@117-117@backend\Matricula\src\main\java\com\escuelaposgrado\Matricula\model\entity\Sede.java","backend\Matricula\src\main\java\com\escuelaposgrado\Matricula\model\entity\Sede.java","Sede::getEmail","Sede::getEmail()",117,117
1,1,13,1,1,"Sede::setEmail@118-118@backend\Matricula\src\main\java\com\escuelaposgrado\Matricula\model\entity\Sede.java","backend\Matricula\src\main\java\com\escuelaposgrado\Matricula\model\entity\Sede.java","Sede::setEmail","Sede::setEmail( String email)",118,118
1,1,8,0,1,"Sede::getActivo@120-120@backend\Matricula\src\main\java\com\escuelaposgrado\Matricula\model\entity\Sede.java","backend\Matricula\src\main\java\com\escuelaposgrado\Matricula\model\entity\Sede.java","Sede::getActivo","Sede::getActivo()",120,120
1,1,13,1,1,"Sede::setActivo@121-121@backend\Matricula\src\main\java\com\escuelaposgrado\Matricula\model\entity\Sede.java","backend\Matricula\src\main\java\com\escuelaposgrado\Matricula\model\entity\Sede.java","Sede::setActivo","Sede::setActivo( Boolean activo)",121,121
1,1,8,0,1,"Sede::getDescripcion@123-123@backend\Matricula\src\main\java\com\escuelaposgrado\Matricula\model\entity\Sede.java","backend\Matricula\src\main\java\com\escuelaposgrado\Matricula\model\entity\Sede.java","Sede::getDescripcion","Sede::getDescripcion()",123,123
1,1,13,1,1,"Sede::setDescripcion@124-124@backend\Matricula\src\main\java\com\escuelaposgrado\Matricula\model\entity\Sede.java","backend\Matricula\src\main\java\com\escuelaposgrado\Matricula\model\entity\Sede.java","Sede::setDescripcion","Sede::setDescripcion( String descripcion)",124,124
1,1,8,0,1,"Sede::getFechaCreacion@126-126@backend\Matricula\src\main\java\com\escuelaposgrado\Matricula\model\entity\Sede.java","backend\Matricula\src\main\java\com\escuelaposgrado\Matricula\model\entity\Sede.java","Sede::getFechaCreacion","Sede::getFechaCreacion()",126,126
1,1,13,1,1,"Sede::setFechaCreacion@127-127@backend\Matricula\src\main\java\com\escuelaposgrado\Matricula\model\entity\Sede.java","backend\Matricula\src\main\java\com\escuelaposgrado\Matricula\model\entity\Sede.java","Sede::setFechaCreacion","Sede::setFechaCreacion( LocalDateTime fechaCreacion)",127,127
1,1,8,0,1,"Sede::getFechaActualizacion@129-129@backend\Matricula\src\main\java\com\escuelaposgrado\Matricula\model\entity\Sede.java","backend\Matricula\src\main\java\com\escuelaposgrado\Matricula\model\entity\Sede.java","Sede::getFechaActualizacion","Sede::getFechaActualizacion()",129,129
1,1,13,1,1,"Sede::setFechaActualizacion@130-130@backend\Matricula\src\main\java\com\escuelaposgrado\Matricula\model\entity\Sede.java","backend\Matricula\src\main\java\com\escuelaposgrado\Matricula\model\entity\Sede.java","Sede::setFechaActualizacion","Sede::setFechaActualizacion( LocalDateTime fechaActualizacion)",130,130
1,1,8,0,1,"Sede::getAulas@132-132@backend\Matricula\src\main\java\com\escuelaposgrado\Matricula\model\entity\Sede.java","backend\Matricula\src\main\java\com\escuelaposgrado\Matricula\model\entity\Sede.java","Sede::getAulas","Sede::getAulas()",132,132
1,1,16,1,1,"Sede::setAulas@133-133@backend\Matricula\src\main\java\com\escuelaposgrado\Matricula\model\entity\Sede.java","backend\Matricula\src\main\java\com\escuelaposgrado\Matricula\model\entity\Sede.java","Sede::setAulas","Sede::setAulas( List<Aula> aulas)",133,133
4,1,21,0,4,"TasaPago::onCreate@71-74@backend\Matricula\src\main\java\com\escuelaposgrado\Matricula\model\entity\TasaPago.java","backend\Matricula\src\main\java\com\escuelaposgrado\Matricula\model\entity\TasaPago.java","TasaPago::onCreate","TasaPago::onCreate()",71,74
3,1,13,0,3,"TasaPago::onUpdate@77-79@backend\Matricula\src\main\java\com\escuelaposgrado\Matricula\model\entity\TasaPago.java","backend\Matricula\src\main\java\com\escuelaposgrado\Matricula\model\entity\TasaPago.java","TasaPago::onUpdate","TasaPago::onUpdate()",77,79
1,1,5,0,1,"TasaPago::TasaPago@82-82@backend\Matricula\src\main\java\com\escuelaposgrado\Matricula\model\entity\TasaPago.java","backend\Matricula\src\main\java\com\escuelaposgrado\Matricula\model\entity\TasaPago.java","TasaPago::TasaPago","TasaPago::TasaPago()",82,82
7,1,49,5,7,"TasaPago::TasaPago@84-90@backend\Matricula\src\main\java\com\escuelaposgrado\Matricula\model\entity\TasaPago.java","backend\Matricula\src\main\java\com\escuelaposgrado\Matricula\model\entity\TasaPago.java","TasaPago::TasaPago","TasaPago::TasaPago( String concepto , String codigo , BigDecimal monto , String tipo , ProgramaEstudio programaEstudio)",84,90
1,1,8,0,1,"TasaPago::getId@93-93@backend\Matricula\src\main\java\com\escuelaposgrado\Matricula\model\entity\TasaPago.java","backend\Matricula\src\main\java\com\escuelaposgrado\Matricula\model\entity\TasaPago.java","TasaPago::getId","TasaPago::getId()",93,93
1,1,13,1,1,"TasaPago::setId@94-94@backend\Matricula\src\main\java\com\escuelaposgrado\Matricula\model\entity\TasaPago.java","backend\Matricula\src\main\java\com\escuelaposgrado\Matricula\model\entity\TasaPago.java","TasaPago::setId","TasaPago::setId( Long id)",94,94
1,1,8,0,1,"TasaPago::getConcepto@96-96@backend\Matricula\src\main\java\com\escuelaposgrado\Matricula\model\entity\TasaPago.java","backend\Matricula\src\main\java\com\escuelaposgrado\Matricula\model\entity\TasaPago.java","TasaPago::getConcepto","TasaPago::getConcepto()",96,96
1,1,13,1,1,"TasaPago::setConcepto@97-97@backend\Matricula\src\main\java\com\escuelaposgrado\Matricula\model\entity\TasaPago.java","backend\Matricula\src\main\java\com\escuelaposgrado\Matricula\model\entity\TasaPago.java","TasaPago::setConcepto","TasaPago::setConcepto( String concepto)",97,97
1,1,8,0,1,"TasaPago::getCodigo@99-99@backend\Matricula\src\main\java\com\escuelaposgrado\Matricula\model\entity\TasaPago.java","backend\Matricula\src\main\java\com\escuelaposgrado\Matricula\model\entity\TasaPago.java","TasaPago::getCodigo","TasaPago::getCodigo()",99,99
1,1,13,1,1,"TasaPago::setCodigo@100-100@backend\Matricula\src\main\java\com\escuelaposgrado\Matricula\model\entity\TasaPago.java","backend\Matricula\src\main\java\com\escuelaposgrado\Matricula\model\entity\TasaPago.java","TasaPago::setCodigo","TasaPago::setCodigo( String codigo)",100,100
1,1,8,0,1,"TasaPago::getMonto@102-102@backend\Matricula\src\main\java\com\escuelaposgrado\Matricula\model\entity\TasaPago.java","backend\Matricula\src\main\java\com\escuelaposgrado\Matricula\model\entity\TasaPago.java","TasaPago::getMonto","TasaPago::getMonto()",102,102
1,1,13,1,1,"TasaPago::setMonto@103-103@backend\Matricula\src\main\java\com\escuelaposgrado\Matricula\model\entity\TasaPago.java","backend\Matricula\src\main\java\com\escuelaposgrado\Matricula\model\entity\TasaPago.java","TasaPago::setMonto","TasaPago::setMonto( BigDecimal monto)",103,103
1,1,8,0,1,"TasaPago::getMoneda@105-105@backend\Matricula\src\main\java\com\escuelaposgrado\Matricula\model\entity\TasaPago.java","backend\Matricula\src\main\java\com\escuelaposgrado\Matricula\model\entity\TasaPago.java","TasaPago::getMoneda","TasaPago::getMoneda()",105,105
1,1,13,1,1,"TasaPago::setMoneda@106-106@backend\Matricula\src\main\java\com\escuelaposgrado\Matricula\model\entity\TasaPago.java","backend\Matricula\src\main\java\com\escuelaposgrado\Matricula\model\entity\TasaPago.java","TasaPago::setMoneda","TasaPago::setMoneda( String moneda)",106,106
1,1,8,0,1,"TasaPago::getTipo@108-108@backend\Matricula\src\main\java\com\escuelaposgrado\Matricula\model\entity\TasaPago.java","backend\Matricula\src\main\java\com\escuelaposgrado\Matricula\model\entity\TasaPago.java","TasaPago::getTipo","TasaPago::getTipo()",108,108
1,1,13,1,1,"TasaPago::setTipo@109-109@backend\Matricula\src\main\java\com\escuelaposgrado\Matricula\model\entity\TasaPago.java","backend\Matricula\src\main\java\com\escuelaposgrado\Matricula\model\entity\TasaPago.java","TasaPago::setTipo","TasaPago::setTipo( String tipo)",109,109
1,1,8,0,1,"TasaPago::getActivo@111-111@backend\Matricula\src\main\java\com\escuelaposgrado\Matricula\model\entity\TasaPago.java","backend\Matricula\src\main\java\com\escuelaposgrado\Matricula\model\entity\TasaPago.java","TasaPago::getActivo","TasaPago::getActivo()",111,111
1,1,13,1,1,"TasaPago::setActivo@112-112@backend\Matricula\src\main\java\com\escuelaposgrado\Matricula\model\entity\TasaPago.java","backend\Matricula\src\main\java\com\escuelaposgrado\Matricula\model\entity\TasaPago.java","TasaPago::setActivo","TasaPago::setActivo( Boolean activo)",112,112
1,1,8,0,1,"TasaPago::getObligatorio@114-114@backend\Matricula\src\main\java\com\escuelaposgrado\Matricula\model\entity\TasaPago.java","backend\Matricula\src\main\java\com\escuelaposgrado\Matricula\model\entity\TasaPago.java","TasaPago::getObligatorio","TasaPago::getObligatorio()",114,114
1,1,13,1,1,"TasaPago::setObligatorio@115-115@backend\Matricula\src\main\java\com\escuelaposgrado\Matricula\model\entity\TasaPago.java","backend\Matricula\src\main\java\com\escuelaposgrado\Matricula\model\entity\TasaPago.java","TasaPago::setObligatorio","TasaPago::setObligatorio( Boolean obligatorio)",115,115
1,1,8,0,1,"TasaPago::getDescripcion@117-117@backend\Matricula\src\main\java\com\escuelaposgrado\Matricula\model\entity\TasaPago.java","backend\Matricula\src\main\java\com\escuelaposgrado\Matricula\model\entity\TasaPago.java","TasaPago::getDescripcion","TasaPago::getDescripcion()",117,117
1,1,13,1,1,"TasaPago::setDescripcion@118-118@backend\Matricula\src\main\java\com\escuelaposgrado\Matricula\model\entity\TasaPago.java","backend\Matricula\src\main\java\com\escuelaposgrado\Matricula\model\entity\TasaPago.java","TasaPago::setDescripcion","TasaPago::setDescripcion( String descripcion)",118,118
1,1,8,0,1,"TasaPago::getFechaVigenciaInicio@120-120@backend\Matricula\src\main\java\com\escuelaposgrado\Matricula\model\entity\TasaPago.java","backend\Matricula\src\main\java\com\escuelaposgrado\Matricula\model\entity\TasaPago.java","TasaPago::getFechaVigenciaInicio","TasaPago::getFechaVigenciaInicio()",120,120
1,1,13,1,1,"TasaPago::setFechaVigenciaInicio@121-121@backend\Matricula\src\main\java\com\escuelaposgrado\Matricula\model\entity\TasaPago.java","backend\Matricula\src\main\java\com\escuelaposgrado\Matricula\model\entity\TasaPago.java","TasaPago::setFechaVigenciaInicio","TasaPago::setFechaVigenciaInicio( LocalDateTime fechaVigenciaInicio)",121,121
1,1,8,0,1,"TasaPago::getFechaVigenciaFin@123-123@backend\Matricula\src\main\java\com\escuelaposgrado\Matricula\model\entity\TasaPago.java","backend\Matricula\src\main\java\com\escuelaposgrado\Matricula\model\entity\TasaPago.java","TasaPago::getFechaVigenciaFin","TasaPago::getFechaVigenciaFin()",123,123
1,1,13,1,1,"TasaPago::setFechaVigenciaFin@124-124@backend\Matricula\src\main\java\com\escuelaposgrado\Matricula\model\entity\TasaPago.java","backend\Matricula\src\main\java\com\escuelaposgrado\Matricula\model\entity\TasaPago.java","TasaPago::setFechaVigenciaFin","TasaPago::setFechaVigenciaFin( LocalDateTime fechaVigenciaFin)",124,124
1,1,8,0,1,"TasaPago::getFechaCreacion@126-126@backend\Matricula\src\main\java\com\escuelaposgrado\Matricula\model\entity\TasaPago.java","backend\Matricula\src\main\java\com\escuelaposgrado\Matricula\model\entity\TasaPago.java","TasaPago::getFechaCreacion","TasaPago::getFechaCreacion()",126,126
1,1,13,1,1,"TasaPago::setFechaCreacion@127-127@backend\Matricula\src\main\java\com\escuelaposgrado\Matricula\model\entity\TasaPago.java","backend\Matricula\src\main\java\com\escuelaposgrado\Matricula\model\entity\TasaPago.java","TasaPago::setFechaCreacion","TasaPago::setFechaCreacion( LocalDateTime fechaCreacion)",127,127
1,1,8,0,1,"TasaPago::getFechaActualizacion@129-129@backend\Matricula\src\main\java\com\escuelaposgrado\Matricula\model\entity\TasaPago.java","backend\Matricula\src\main\java\com\escuelaposgrado\Matricula\model\entity\TasaPago.java","TasaPago::getFechaActualizacion","TasaPago::getFechaActualizacion()",129,129
1,1,13,1,1,"TasaPago::setFechaActualizacion@130-130@backend\Matricula\src\main\java\com\escuelaposgrado\Matricula\model\entity\TasaPago.java","backend\Matricula\src\main\java\com\escuelaposgrado\Matricula\model\entity\TasaPago.java","TasaPago::setFechaActualizacion","TasaPago::setFechaActualizacion( LocalDateTime fechaActualizacion)",130,130
1,1,8,0,1,"TasaPago::getProgramaEstudio@132-132@backend\Matricula\src\main\java\com\escuelaposgrado\Matricula\model\entity\TasaPago.java","backend\Matricula\src\main\java\com\escuelaposgrado\Matricula\model\entity\TasaPago.java","TasaPago::getProgramaEstudio","TasaPago::getProgramaEstudio()",132,132
1,1,13,1,1,"TasaPago::setProgramaEstudio@133-133@backend\Matricula\src\main\java\com\escuelaposgrado\Matricula\model\entity\TasaPago.java","backend\Matricula\src\main\java\com\escuelaposgrado\Matricula\model\entity\TasaPago.java","TasaPago::setProgramaEstudio","TasaPago::setProgramaEstudio( ProgramaEstudio programaEstudio)",133,133
4,1,21,0,4,"TurnoMatricula::onCreate@74-77@backend\Matricula\src\main\java\com\escuelaposgrado\Matricula\model\entity\TurnoMatricula.java","backend\Matricula\src\main\java\com\escuelaposgrado\Matricula\model\entity\TurnoMatricula.java","TurnoMatricula::onCreate","TurnoMatricula::onCreate()",74,77
3,1,13,0,3,"TurnoMatricula::onUpdate@80-82@backend\Matricula\src\main\java\com\escuelaposgrado\Matricula\model\entity\TurnoMatricula.java","backend\Matricula\src\main\java\com\escuelaposgrado\Matricula\model\entity\TurnoMatricula.java","TurnoMatricula::onUpdate","TurnoMatricula::onUpdate()",80,82
1,1,5,0,1,"TurnoMatricula::TurnoMatricula@85-85@backend\Matricula\src\main\java\com\escuelaposgrado\Matricula\model\entity\TurnoMatricula.java","backend\Matricula\src\main\java\com\escuelaposgrado\Matricula\model\entity\TurnoMatricula.java","TurnoMatricula::TurnoMatricula","TurnoMatricula::TurnoMatricula()",85,85
11,1,67,7,11,"TurnoMatricula::TurnoMatricula@87-97@backend\Matricula\src\main\java\com\escuelaposgrado\Matricula\model\entity\TurnoMatricula.java","backend\Matricula\src\main\java\com\escuelaposgrado\Matricula\model\entity\TurnoMatricula.java","TurnoMatricula::TurnoMatricula","TurnoMatricula::TurnoMatricula( String nombre , String codigo , LocalDateTime fechaInicio , LocalDateTime fechaFin , Integer ordenTurno , PeriodoAcademico periodoAcademico , ProgramaEstudio programaEstudio)",87,97
1,1,8,0,1,"TurnoMatricula::getId@100-100@backend\Matricula\src\main\java\com\escuelaposgrado\Matricula\model\entity\TurnoMatricula.java","backend\Matricula\src\main\java\com\escuelaposgrado\Matricula\model\entity\TurnoMatricula.java","TurnoMatricula::getId","TurnoMatricula::getId()",100,100
1,1,13,1,1,"TurnoMatricula::setId@101-101@backend\Matricula\src\main\java\com\escuelaposgrado\Matricula\model\entity\TurnoMatricula.java","backend\Matricula\src\main\java\com\escuelaposgrado\Matricula\model\entity\TurnoMatricula.java","TurnoMatricula::setId","TurnoMatricula::setId( Long id)",101,101
1,1,8,0,1,"TurnoMatricula::getNombre@103-103@backend\Matricula\src\main\java\com\escuelaposgrado\Matricula\model\entity\TurnoMatricula.java","backend\Matricula\src\main\java\com\escuelaposgrado\Matricula\model\entity\TurnoMatricula.java","TurnoMatricula::getNombre","TurnoMatricula::getNombre()",103,103
1,1,13,1,1,"TurnoMatricula::setNombre@104-104@backend\Matricula\src\main\java\com\escuelaposgrado\Matricula\model\entity\TurnoMatricula.java","backend\Matricula\src\main\java\com\escuelaposgrado\Matricula\model\entity\TurnoMatricula.java","TurnoMatricula::setNombre","TurnoMatricula::setNombre( String nombre)",104,104
1,1,8,0,1,"TurnoMatricula::getCodigo@106-106@backend\Matricula\src\main\java\com\escuelaposgrado\Matricula\model\entity\TurnoMatricula.java","backend\Matricula\src\main\java\com\escuelaposgrado\Matricula\model\entity\TurnoMatricula.java","TurnoMatricula::getCodigo","TurnoMatricula::getCodigo()",106,106
1,1,13,1,1,"TurnoMatricula::setCodigo@107-107@backend\Matricula\src\main\java\com\escuelaposgrado\Matricula\model\entity\TurnoMatricula.java","backend\Matricula\src\main\java\com\escuelaposgrado\Matricula\model\entity\TurnoMatricula.java","TurnoMatricula::setCodigo","TurnoMatricula::setCodigo( String codigo)",107,107
1,1,8,0,1,"TurnoMatricula::getFechaInicio@109-109@backend\Matricula\src\main\java\com\escuelaposgrado\Matricula\model\entity\TurnoMatricula.java","backend\Matricula\src\main\java\com\escuelaposgrado\Matricula\model\entity\TurnoMatricula.java","TurnoMatricula::getFechaInicio","TurnoMatricula::getFechaInicio()",109,109
1,1,13,1,1,"TurnoMatricula::setFechaInicio@110-110@backend\Matricula\src\main\java\com\escuelaposgrado\Matricula\model\entity\TurnoMatricula.java","backend\Matricula\src\main\java\com\escuelaposgrado\Matricula\model\entity\TurnoMatricula.java","TurnoMatricula::setFechaInicio","TurnoMatricula::setFechaInicio( LocalDateTime fechaInicio)",110,110
1,1,8,0,1,"TurnoMatricula::getFechaFin@112-112@backend\Matricula\src\main\java\com\escuelaposgrado\Matricula\model\entity\TurnoMatricula.java","backend\Matricula\src\main\java\com\escuelaposgrado\Matricula\model\entity\TurnoMatricula.java","TurnoMatricula::getFechaFin","TurnoMatricula::getFechaFin()",112,112
1,1,13,1,1,"TurnoMatricula::setFechaFin@113-113@backend\Matricula\src\main\java\com\escuelaposgrado\Matricula\model\entity\TurnoMatricula.java","backend\Matricula\src\main\java\com\escuelaposgrado\Matricula\model\entity\TurnoMatricula.java","TurnoMatricula::setFechaFin","TurnoMatricula::setFechaFin( LocalDateTime fechaFin)",113,113
1,1,8,0,1,"TurnoMatricula::getOrdenTurno@115-115@backend\Matricula\src\main\java\com\escuelaposgrado\Matricula\model\entity\TurnoMatricula.java","backend\Matricula\src\main\java\com\escuelaposgrado\Matricula\model\entity\TurnoMatricula.java","TurnoMatricula::getOrdenTurno","TurnoMatricula::getOrdenTurno()",115,115
1,1,13,1,1,"TurnoMatricula::setOrdenTurno@116-116@backend\Matricula\src\main\java\com\escuelaposgrado\Matricula\model\entity\TurnoMatricula.java","backend\Matricula\src\main\java\com\escuelaposgrado\Matricula\model\entity\TurnoMatricula.java","TurnoMatricula::setOrdenTurno","TurnoMatricula::setOrdenTurno( Integer ordenTurno)",116,116
1,1,8,0,1,"TurnoMatricula::getActivo@118-118@backend\Matricula\src\main\java\com\escuelaposgrado\Matricula\model\entity\TurnoMatricula.java","backend\Matricula\src\main\java\com\escuelaposgrado\Matricula\model\entity\TurnoMatricula.java","TurnoMatricula::getActivo","TurnoMatricula::getActivo()",118,118
1,1,13,1,1,"TurnoMatricula::setActivo@119-119@backend\Matricula\src\main\java\com\escuelaposgrado\Matricula\model\entity\TurnoMatricula.java","backend\Matricula\src\main\java\com\escuelaposgrado\Matricula\model\entity\TurnoMatricula.java","TurnoMatricula::setActivo","TurnoMatricula::setActivo( Boolean activo)",119,119
1,1,8,0,1,"TurnoMatricula::getHabilitado@121-121@backend\Matricula\src\main\java\com\escuelaposgrado\Matricula\model\entity\TurnoMatricula.java","backend\Matricula\src\main\java\com\escuelaposgrado\Matricula\model\entity\TurnoMatricula.java","TurnoMatricula::getHabilitado","TurnoMatricula::getHabilitado()",121,121
1,1,13,1,1,"TurnoMatricula::setHabilitado@122-122@backend\Matricula\src\main\java\com\escuelaposgrado\Matricula\model\entity\TurnoMatricula.java","backend\Matricula\src\main\java\com\escuelaposgrado\Matricula\model\entity\TurnoMatricula.java","TurnoMatricula::setHabilitado","TurnoMatricula::setHabilitado( Boolean habilitado)",122,122
1,1,8,0,1,"TurnoMatricula::getDescripcion@124-124@backend\Matricula\src\main\java\com\escuelaposgrado\Matricula\model\entity\TurnoMatricula.java","backend\Matricula\src\main\java\com\escuelaposgrado\Matricula\model\entity\TurnoMatricula.java","TurnoMatricula::getDescripcion","TurnoMatricula::getDescripcion()",124,124
1,1,13,1,1,"TurnoMatricula::setDescripcion@125-125@backend\Matricula\src\main\java\com\escuelaposgrado\Matricula\model\entity\TurnoMatricula.java","backend\Matricula\src\main\java\com\escuelaposgrado\Matricula\model\entity\TurnoMatricula.java","TurnoMatricula::setDescripcion","TurnoMatricula::setDescripcion( String descripcion)",125,125
1,1,8,0,1,"TurnoMatricula::getRequisitos@127-127@backend\Matricula\src\main\java\com\escuelaposgrado\Matricula\model\entity\TurnoMatricula.java","backend\Matricula\src\main\java\com\escuelaposgrado\Matricula\model\entity\TurnoMatricula.java","TurnoMatricula::getRequisitos","TurnoMatricula::getRequisitos()",127,127
1,1,13,1,1,"TurnoMatricula::setRequisitos@128-128@backend\Matricula\src\main\java\com\escuelaposgrado\Matricula\model\entity\TurnoMatricula.java","backend\Matricula\src\main\java\com\escuelaposgrado\Matricula\model\entity\TurnoMatricula.java","TurnoMatricula::setRequisitos","TurnoMatricula::setRequisitos( String requisitos)",128,128
1,1,8,0,1,"TurnoMatricula::getFechaCreacion@130-130@backend\Matricula\src\main\java\com\escuelaposgrado\Matricula\model\entity\TurnoMatricula.java","backend\Matricula\src\main\java\com\escuelaposgrado\Matricula\model\entity\TurnoMatricula.java","TurnoMatricula::getFechaCreacion","TurnoMatricula::getFechaCreacion()",130,130
1,1,13,1,1,"TurnoMatricula::setFechaCreacion@131-131@backend\Matricula\src\main\java\com\escuelaposgrado\Matricula\model\entity\TurnoMatricula.java","backend\Matricula\src\main\java\com\escuelaposgrado\Matricula\model\entity\TurnoMatricula.java","TurnoMatricula::setFechaCreacion","TurnoMatricula::setFechaCreacion( LocalDateTime fechaCreacion)",131,131
1,1,8,0,1,"TurnoMatricula::getFechaActualizacion@133-133@backend\Matricula\src\main\java\com\escuelaposgrado\Matricula\model\entity\TurnoMatricula.java","backend\Matricula\src\main\java\com\escuelaposgrado\Matricula\model\entity\TurnoMatricula.java","TurnoMatricula::getFechaActualizacion","TurnoMatricula::getFechaActualizacion()",133,133
1,1,13,1,1,"TurnoMatricula::setFechaActualizacion@134-134@backend\Matricula\src\main\java\com\escuelaposgrado\Matricula\model\entity\TurnoMatricula.java","backend\Matricula\src\main\java\com\escuelaposgrado\Matricula\model\entity\TurnoMatricula.java","TurnoMatricula::setFechaActualizacion","TurnoMatricula::setFechaActualizacion( LocalDateTime fechaActualizacion)",134,134
1,1,8,0,1,"TurnoMatricula::getPeriodoAcademico@136-136@backend\Matricula\src\main\java\com\escuelaposgrado\Matricula\model\entity\TurnoMatricula.java","backend\Matricula\src\main\java\com\escuelaposgrado\Matricula\model\entity\TurnoMatricula.java","TurnoMatricula::getPeriodoAcademico","TurnoMatricula::getPeriodoAcademico()",136,136
1,1,13,1,1,"TurnoMatricula::setPeriodoAcademico@137-137@backend\Matricula\src\main\java\com\escuelaposgrado\Matricula\model\entity\TurnoMatricula.java","backend\Matricula\src\main\java\com\escuelaposgrado\Matricula\model\entity\TurnoMatricula.java","TurnoMatricula::setPeriodoAcademico","TurnoMatricula::setPeriodoAcademico( PeriodoAcademico periodoAcademico)",137,137
1,1,8,0,1,"TurnoMatricula::getProgramaEstudio@139-139@backend\Matricula\src\main\java\com\escuelaposgrado\Matricula\model\entity\TurnoMatricula.java","backend\Matricula\src\main\java\com\escuelaposgrado\Matricula\model\entity\TurnoMatricula.java","TurnoMatricula::getProgramaEstudio","TurnoMatricula::getProgramaEstudio()",139,139
1,1,13,1,1,"TurnoMatricula::setProgramaEstudio@140-140@backend\Matricula\src\main\java\com\escuelaposgrado\Matricula\model\entity\TurnoMatricula.java","backend\Matricula\src\main\java\com\escuelaposgrado\Matricula\model\entity\TurnoMatricula.java","TurnoMatricula::setProgramaEstudio","TurnoMatricula::setProgramaEstudio( ProgramaEstudio programaEstudio)",140,140
13,1,134,3,17,"AuthEntryPointJwt::commence@30-46@backend\Matricula\src\main\java\com\escuelaposgrado\Matricula\security\jwt\AuthEntryPointJwt.java","backend\Matricula\src\main\java\com\escuelaposgrado\Matricula\security\jwt\AuthEntryPointJwt.java","AuthEntryPointJwt::commence","AuthEntryPointJwt::commence( HttpServletRequest request , HttpServletResponse response , AuthenticationException authException)",30,46
27,4,188,3,33,"AuthTokenFilter::doFilterInternal@35-67@backend\Matricula\src\main\java\com\escuelaposgrado\Matricula\security\jwt\AuthTokenFilter.java","backend\Matricula\src\main\java\com\escuelaposgrado\Matricula\security\jwt\AuthTokenFilter.java","AuthTokenFilter::doFilterInternal","AuthTokenFilter::doFilterInternal( @ NonNull HttpServletRequest request , @ NonNull HttpServletResponse response , @ NonNull FilterChain filterChain)",35,67
7,3,46,1,9,"AuthTokenFilter::parseJwt@72-80@backend\Matricula\src\main\java\com\escuelaposgrado\Matricula\security\jwt\AuthTokenFilter.java","backend\Matricula\src\main\java\com\escuelaposgrado\Matricula\security\jwt\AuthTokenFilter.java","AuthTokenFilter::parseJwt","AuthTokenFilter::parseJwt( HttpServletRequest request)",72,80
9,1,50,1,10,"JwtUtils::getUserNameFromJwtToken@32-41@backend\Matricula\src\main\java\com\escuelaposgrado\Matricula\security\jwt\JwtUtils.java","backend\Matricula\src\main\java\com\escuelaposgrado\Matricula\security\jwt\JwtUtils.java","JwtUtils::getUserNameFromJwtToken","JwtUtils::getUserNameFromJwtToken( String token)",32,41
21,6,150,1,24,"JwtUtils::validateJwtToken@46-69@backend\Matricula\src\main\java\com\escuelaposgrado\Matricula\security\jwt\JwtUtils.java","backend\Matricula\src\main\java\com\escuelaposgrado\Matricula\security\jwt\JwtUtils.java","JwtUtils::validateJwtToken","JwtUtils::validateJwtToken( String authToken)",46,69
9,1,50,1,10,"JwtUtils::getExpirationDateFromJwtToken@74-83@backend\Matricula\src\main\java\com\escuelaposgrado\Matricula\security\jwt\JwtUtils.java","backend\Matricula\src\main\java\com\escuelaposgrado\Matricula\security\jwt\JwtUtils.java","JwtUtils::getExpirationDateFromJwtToken","JwtUtils::getExpirationDateFromJwtToken( String token)",74,83
6,1,40,0,6,"AulaService::findAll@37-42@backend\Matricula\src\main\java\com\escuelaposgrado\Matricula\service\AulaService.java","backend\Matricula\src\main\java\com\escuelaposgrado\Matricula\service\AulaService.java","AulaService::findAll","AulaService::findAll()",37,42
6,1,40,0,6,"AulaService::findAllActive@48-53@backend\Matricula\src\main\java\com\escuelaposgrado\Matricula\service\AulaService.java","backend\Matricula\src\main\java\com\escuelaposgrado\Matricula\service\AulaService.java","AulaService::findAllActive","AulaService::findAllActive()",48,53
6,1,43,1,6,"AulaService::findBySedeId@59-64@backend\Matricula\src\main\java\com\escuelaposgrado\Matricula\service\AulaService.java","backend\Matricula\src\main\java\com\escuelaposgrado\Matricula\service\AulaService.java","AulaService::findBySedeId","AulaService::findBySedeId( Long sedeId)",59,64
6,1,43,1,6,"AulaService::findActiveBySedeId@70-75@backend\Matricula\src\main\java\com\escuelaposgrado\Matricula\service\AulaService.java","backend\Matricula\src\main\java\com\escuelaposgrado\Matricula\service\AulaService.java","AulaService::findActiveBySedeId","AulaService::findActiveBySedeId( Long sedeId)",70,75
5,1,37,1,5,"AulaService::findById@81-85@backend\Matricula\src\main\java\com\escuelaposgrado\Matricula\service\AulaService.java","backend\Matricula\src\main\java\com\escuelaposgrado\Matricula\service\AulaService.java","AulaService::findById","AulaService::findById( Long id)",81,85
22,4,226,1,28,"AulaService::create@90-117@backend\Matricula\src\main\java\com\escuelaposgrado\Matricula\service\AulaService.java","backend\Matricula\src\main\java\com\escuelaposgrado\Matricula\service\AulaService.java","AulaService::create","AulaService::create( AulaRequest request)",90,117
24,5,254,2,31,"AulaService::update@122-152@backend\Matricula\src\main\java\com\escuelaposgrado\Matricula\service\AulaService.java","backend\Matricula\src\main\java\com\escuelaposgrado\Matricula\service\AulaService.java","AulaService::update","AulaService::update( Long id , AulaRequest request)",122,152
7,1,59,1,8,"AulaService::toggleActive@157-164@backend\Matricula\src\main\java\com\escuelaposgrado\Matricula\service\AulaService.java","backend\Matricula\src\main\java\com\escuelaposgrado\Matricula\service\AulaService.java","AulaService::toggleActive","AulaService::toggleActive( Long id)",157,164
6,1,45,1,7,"AulaService::delete@169-175@backend\Matricula\src\main\java\com\escuelaposgrado\Matricula\service\AulaService.java","backend\Matricula\src\main\java\com\escuelaposgrado\Matricula\service\AulaService.java","AulaService::delete","AulaService::delete( Long id)",169,175
9,2,93,1,10,"AulaService::findByNombreContaining@181-190@backend\Matricula\src\main\java\com\escuelaposgrado\Matricula\service\AulaService.java","backend\Matricula\src\main\java\com\escuelaposgrado\Matricula\service\AulaService.java","AulaService::findByNombreContaining","AulaService::findByNombreContaining( String nombre)",181,190
6,1,43,1,6,"AulaService::findByCapacidadMinima@196-201@backend\Matricula\src\main\java\com\escuelaposgrado\Matricula\service\AulaService.java","backend\Matricula\src\main\java\com\escuelaposgrado\Matricula\service\AulaService.java","AulaService::findByCapacidadMinima","AulaService::findByCapacidadMinima( Integer capacidadMinima)",196,201
21,2,200,1,24,"AulaService::convertToResponse@206-229@backend\Matricula\src\main\java\com\escuelaposgrado\Matricula\service\AulaService.java","backend\Matricula\src\main\java\com\escuelaposgrado\Matricula\service\AulaService.java","AulaService::convertToResponse","AulaService::convertToResponse( Aula aula)",206,229
8,2,52,0,8,"ComisionUnidadPosgradoService::findAll@38-45@backend\Matricula\src\main\java\com\escuelaposgrado\Matricula\service\ComisionUnidadPosgradoService.java","backend\Matricula\src\main\java\com\escuelaposgrado\Matricula\service\ComisionUnidadPosgradoService.java","ComisionUnidadPosgradoService::findAll","ComisionUnidadPosgradoService::findAll()",38,45
5,1,37,1,5,"ComisionUnidadPosgradoService::findById@54-58@backend\Matricula\src\main\java\com\escuelaposgrado\Matricula\service\ComisionUnidadPosgradoService.java","backend\Matricula\src\main\java\com\escuelaposgrado\Matricula\service\ComisionUnidadPosgradoService.java","ComisionUnidadPosgradoService::findById","ComisionUnidadPosgradoService::findById( Long id)",54,58
8,2,55,1,8,"ComisionUnidadPosgradoService::findByFacultadId@66-73@backend\Matricula\src\main\java\com\escuelaposgrado\Matricula\service\ComisionUnidadPosgradoService.java","backend\Matricula\src\main\java\com\escuelaposgrado\Matricula\service\ComisionUnidadPosgradoService.java","ComisionUnidadPosgradoService::findByFacultadId","ComisionUnidadPosgradoService::findByFacultadId( Long facultadId)",66,73
8,2,52,0,8,"ComisionUnidadPosgradoService::findByActivoTrue@80-87@backend\Matricula\src\main\java\com\escuelaposgrado\Matricula\service\ComisionUnidadPosgradoService.java","backend\Matricula\src\main\java\com\escuelaposgrado\Matricula\service\ComisionUnidadPosgradoService.java","ComisionUnidadPosgradoService::findByActivoTrue","ComisionUnidadPosgradoService::findByActivoTrue()",80,87
14,4,106,1,15,"ComisionUnidadPosgradoService::findByNombreContaining@95-109@backend\Matricula\src\main\java\com\escuelaposgrado\Matricula\service\ComisionUnidadPosgradoService.java","backend\Matricula\src\main\java\com\escuelaposgrado\Matricula\service\ComisionUnidadPosgradoService.java","ComisionUnidadPosgradoService::findByNombreContaining","ComisionUnidadPosgradoService::findByNombreContaining( String nombre)",95,109
15,2,138,1,21,"ComisionUnidadPosgradoService::create@117-137@backend\Matricula\src\main\java\com\escuelaposgrado\Matricula\service\ComisionUnidadPosgradoService.java","backend\Matricula\src\main\java\com\escuelaposgrado\Matricula\service\ComisionUnidadPosgradoService.java","ComisionUnidadPosgradoService::create","ComisionUnidadPosgradoService::create( ComisionUnidadPosgradoRequest request)",117,137
15,3,155,2,23,"ComisionUnidadPosgradoService::update@146-168@backend\Matricula\src\main\java\com\escuelaposgrado\Matricula\service\ComisionUnidadPosgradoService.java","backend\Matricula\src\main\java\com\escuelaposgrado\Matricula\service\ComisionUnidadPosgradoService.java","ComisionUnidadPosgradoService::update","ComisionUnidadPosgradoService::update( Long id , ComisionUnidadPosgradoRequest request)",146,168
5,1,38,1,5,"ComisionUnidadPosgradoService::delete@175-179@backend\Matricula\src\main\java\com\escuelaposgrado\Matricula\service\ComisionUnidadPosgradoService.java","backend\Matricula\src\main\java\com\escuelaposgrado\Matricula\service\ComisionUnidadPosgradoService.java","ComisionUnidadPosgradoService::delete","ComisionUnidadPosgradoService::delete( Long id)",175,179
8,1,68,2,10,"ComisionUnidadPosgradoService::toggleActivo@188-197@backend\Matricula\src\main\java\com\escuelaposgrado\Matricula\service\ComisionUnidadPosgradoService.java","backend\Matricula\src\main\java\com\escuelaposgrado\Matricula\service\ComisionUnidadPosgradoService.java","ComisionUnidadPosgradoService::toggleActivo","ComisionUnidadPosgradoService::toggleActivo( Long id , Boolean activo)",188,197
25,2,244,1,27,"ComisionUnidadPosgradoService::convertToResponse@204-230@backend\Matricula\src\main\java\com\escuelaposgrado\Matricula\service\ComisionUnidadPosgradoService.java","backend\Matricula\src\main\java\com\escuelaposgrado\Matricula\service\ComisionUnidadPosgradoService.java","ComisionUnidadPosgradoService::convertToResponse","ComisionUnidadPosgradoService::convertToResponse( ComisionUnidadPosgrado comision)",204,230
12,1,120,2,12,"ComisionUnidadPosgradoService::mapRequestToEntity@237-248@backend\Matricula\src\main\java\com\escuelaposgrado\Matricula\service\ComisionUnidadPosgradoService.java","backend\Matricula\src\main\java\com\escuelaposgrado\Matricula\service\ComisionUnidadPosgradoService.java","ComisionUnidadPosgradoService::mapRequestToEntity","ComisionUnidadPosgradoService::mapRequestToEntity( ComisionUnidadPosgradoRequest request , ComisionUnidadPosgrado comision)",237,248
6,1,40,0,6,"FacultadService::findAll@32-37@backend\Matricula\src\main\java\com\escuelaposgrado\Matricula\service\FacultadService.java","backend\Matricula\src\main\java\com\escuelaposgrado\Matricula\service\FacultadService.java","FacultadService::findAll","FacultadService::findAll()",32,37
6,1,40,0,6,"FacultadService::findAllActive@43-48@backend\Matricula\src\main\java\com\escuelaposgrado\Matricula\service\FacultadService.java","backend\Matricula\src\main\java\com\escuelaposgrado\Matricula\service\FacultadService.java","FacultadService::findAllActive","FacultadService::findAllActive()",43,48
5,1,37,1,5,"FacultadService::findById@54-58@backend\Matricula\src\main\java\com\escuelaposgrado\Matricula\service\FacultadService.java","backend\Matricula\src\main\java\com\escuelaposgrado\Matricula\service\FacultadService.java","FacultadService::findById","FacultadService::findById( Long id)",54,58
18,3,162,1,23,"FacultadService::create@63-85@backend\Matricula\src\main\java\com\escuelaposgrado\Matricula\service\FacultadService.java","backend\Matricula\src\main\java\com\escuelaposgrado\Matricula\service\FacultadService.java","FacultadService::create","FacultadService::create( FacultadRequest request)",63,85
18,5,206,2,24,"FacultadService::update@90-113@backend\Matricula\src\main\java\com\escuelaposgrado\Matricula\service\FacultadService.java","backend\Matricula\src\main\java\com\escuelaposgrado\Matricula\service\FacultadService.java","FacultadService::update","FacultadService::update( Long id , FacultadRequest request)",90,113
7,1,59,1,8,"FacultadService::toggleActive@118-125@backend\Matricula\src\main\java\com\escuelaposgrado\Matricula\service\FacultadService.java","backend\Matricula\src\main\java\com\escuelaposgrado\Matricula\service\FacultadService.java","FacultadService::toggleActive","FacultadService::toggleActive( Long id)",118,125
6,1,45,1,7,"FacultadService::delete@130-136@backend\Matricula\src\main\java\com\escuelaposgrado\Matricula\service\FacultadService.java","backend\Matricula\src\main\java\com\escuelaposgrado\Matricula\service\FacultadService.java","FacultadService::delete","FacultadService::delete( Long id)",130,136
9,2,93,1,10,"FacultadService::findByNombreContaining@142-151@backend\Matricula\src\main\java\com\escuelaposgrado\Matricula\service\FacultadService.java","backend\Matricula\src\main\java\com\escuelaposgrado\Matricula\service\FacultadService.java","FacultadService::findByNombreContaining","FacultadService::findByNombreContaining( String nombre)",142,151
6,1,43,1,6,"FacultadService::findByDecanoContaining@157-162@backend\Matricula\src\main\java\com\escuelaposgrado\Matricula\service\FacultadService.java","backend\Matricula\src\main\java\com\escuelaposgrado\Matricula\service\FacultadService.java","FacultadService::findByDecanoContaining","FacultadService::findByDecanoContaining( String decano)",157,162
6,1,40,0,6,"FacultadService::findFacultadesConProgramasActivos@168-173@backend\Matricula\src\main\java\com\escuelaposgrado\Matricula\service\FacultadService.java","backend\Matricula\src\main\java\com\escuelaposgrado\Matricula\service\FacultadService.java","FacultadService::findFacultadesConProgramasActivos","FacultadService::findFacultadesConProgramasActivos()",168,173
12,1,106,1,13,"FacultadService::convertToResponse@178-190@backend\Matricula\src\main\java\com\escuelaposgrado\Matricula\service\FacultadService.java","backend\Matricula\src\main\java\com\escuelaposgrado\Matricula\service\FacultadService.java","FacultadService::convertToResponse","FacultadService::convertToResponse( Facultad facultad)",178,190
6,1,40,0,6,"MencionService::findAll@38-43@backend\Matricula\src\main\java\com\escuelaposgrado\Matricula\service\MencionService.java","backend\Matricula\src\main\java\com\escuelaposgrado\Matricula\service\MencionService.java","MencionService::findAll","MencionService::findAll()",38,43
6,1,40,0,6,"MencionService::findAllActive@49-54@backend\Matricula\src\main\java\com\escuelaposgrado\Matricula\service\MencionService.java","backend\Matricula\src\main\java\com\escuelaposgrado\Matricula\service\MencionService.java","MencionService::findAllActive","MencionService::findAllActive()",49,54
6,1,43,1,6,"MencionService::findByProgramaEstudioId@60-65@backend\Matricula\src\main\java\com\escuelaposgrado\Matricula\service\MencionService.java","backend\Matricula\src\main\java\com\escuelaposgrado\Matricula\service\MencionService.java","MencionService::findByProgramaEstudioId","MencionService::findByProgramaEstudioId( Long programaEstudioId)",60,65
6,1,43,1,6,"MencionService::findAvailableByProgramaEstudioId@71-76@backend\Matricula\src\main\java\com\escuelaposgrado\Matricula\service\MencionService.java","backend\Matricula\src\main\java\com\escuelaposgrado\Matricula\service\MencionService.java","MencionService::findAvailableByProgramaEstudioId","MencionService::findAvailableByProgramaEstudioId( Long programaEstudioId)",71,76
5,1,37,1,5,"MencionService::findById@82-86@backend\Matricula\src\main\java\com\escuelaposgrado\Matricula\service\MencionService.java","backend\Matricula\src\main\java\com\escuelaposgrado\Matricula\service\MencionService.java","MencionService::findById","MencionService::findById( Long id)",82,86
25,4,226,1,33,"MencionService::create@91-123@backend\Matricula\src\main\java\com\escuelaposgrado\Matricula\service\MencionService.java","backend\Matricula\src\main\java\com\escuelaposgrado\Matricula\service\MencionService.java","MencionService::create","MencionService::create( MencionRequest request)",91,123
24,6,263,2,33,"MencionService::update@128-160@backend\Matricula\src\main\java\com\escuelaposgrado\Matricula\service\MencionService.java","backend\Matricula\src\main\java\com\escuelaposgrado\Matricula\service\MencionService.java","MencionService::update","MencionService::update( Long id , MencionRequest request)",128,160
7,1,59,1,8,"MencionService::toggleActive@165-172@backend\Matricula\src\main\java\com\escuelaposgrado\Matricula\service\MencionService.java","backend\Matricula\src\main\java\com\escuelaposgrado\Matricula\service\MencionService.java","MencionService::toggleActive","MencionService::toggleActive( Long id)",165,172
7,1,59,1,8,"MencionService::toggleDisponible@177-184@backend\Matricula\src\main\java\com\escuelaposgrado\Matricula\service\MencionService.java","backend\Matricula\src\main\java\com\escuelaposgrado\Matricula\service\MencionService.java","MencionService::toggleDisponible","MencionService::toggleDisponible( Long id)",177,184
7,1,52,1,8,"MencionService::delete@189-196@backend\Matricula\src\main\java\com\escuelaposgrado\Matricula\service\MencionService.java","backend\Matricula\src\main\java\com\escuelaposgrado\Matricula\service\MencionService.java","MencionService::delete","MencionService::delete( Long id)",189,196
20,2,189,1,23,"MencionService::convertToResponse@201-223@backend\Matricula\src\main\java\com\escuelaposgrado\Matricula\service\MencionService.java","backend\Matricula\src\main\java\com\escuelaposgrado\Matricula\service\MencionService.java","MencionService::convertToResponse","MencionService::convertToResponse( Mencion mencion)",201,223
6,1,32,0,6,"PeriodoAcademicoService::findAll@31-36@backend\Matricula\src\main\java\com\escuelaposgrado\Matricula\service\PeriodoAcademicoService.java","backend\Matricula\src\main\java\com\escuelaposgrado\Matricula\service\PeriodoAcademicoService.java","PeriodoAcademicoService::findAll","PeriodoAcademicoService::findAll()",31,36
6,1,32,0,6,"PeriodoAcademicoService::findActivos@42-47@backend\Matricula\src\main\java\com\escuelaposgrado\Matricula\service\PeriodoAcademicoService.java","backend\Matricula\src\main\java\com\escuelaposgrado\Matricula\service\PeriodoAcademicoService.java","PeriodoAcademicoService::findActivos","PeriodoAcademicoService::findActivos()",42,47
5,1,37,1,5,"PeriodoAcademicoService::findById@53-57@backend\Matricula\src\main\java\com\escuelaposgrado\Matricula\service\PeriodoAcademicoService.java","backend\Matricula\src\main\java\com\escuelaposgrado\Matricula\service\PeriodoAcademicoService.java","PeriodoAcademicoService::findById","PeriodoAcademicoService::findById( Long id)",53,57
33,8,343,1,45,"PeriodoAcademicoService::create@62-106@backend\Matricula\src\main\java\com\escuelaposgrado\Matricula\service\PeriodoAcademicoService.java","backend\Matricula\src\main\java\com\escuelaposgrado\Matricula\service\PeriodoAcademicoService.java","PeriodoAcademicoService::create","PeriodoAcademicoService::create( PeriodoAcademicoRequest request)",62,106
37,7,348,2,48,"PeriodoAcademicoService::update@111-158@backend\Matricula\src\main\java\com\escuelaposgrado\Matricula\service\PeriodoAcademicoService.java","backend\Matricula\src\main\java\com\escuelaposgrado\Matricula\service\PeriodoAcademicoService.java","PeriodoAcademicoService::update","PeriodoAcademicoService::update( Long id , PeriodoAcademicoRequest request)",111,158
6,1,45,1,7,"PeriodoAcademicoService::delete@163-169@backend\Matricula\src\main\java\com\escuelaposgrado\Matricula\service\PeriodoAcademicoService.java","backend\Matricula\src\main\java\com\escuelaposgrado\Matricula\service\PeriodoAcademicoService.java","PeriodoAcademicoService::delete","PeriodoAcademicoService::delete( Long id)",163,169
7,1,59,1,8,"PeriodoAcademicoService::toggleHabilitado@174-181@backend\Matricula\src\main\java\com\escuelaposgrado\Matricula\service\PeriodoAcademicoService.java","backend\Matricula\src\main\java\com\escuelaposgrado\Matricula\service\PeriodoAcademicoService.java","PeriodoAcademicoService::toggleHabilitado","PeriodoAcademicoService::toggleHabilitado( Long id)",174,181
8,1,61,1,11,"PeriodoAcademicoService::reactivar@186-196@backend\Matricula\src\main\java\com\escuelaposgrado\Matricula\service\PeriodoAcademicoService.java","backend\Matricula\src\main\java\com\escuelaposgrado\Matricula\service\PeriodoAcademicoService.java","PeriodoAcademicoService::reactivar","PeriodoAcademicoService::reactivar( Long id)",186,196
6,1,32,0,6,"PeriodoAcademicoService::findHabilitados@202-207@backend\Matricula\src\main\java\com\escuelaposgrado\Matricula\service\PeriodoAcademicoService.java","backend\Matricula\src\main\java\com\escuelaposgrado\Matricula\service\PeriodoAcademicoService.java","PeriodoAcademicoService::findHabilitados","PeriodoAcademicoService::findHabilitados()",202,207
18,1,96,1,18,"PeriodoAcademicoService::convertToResponse@212-229@backend\Matricula\src\main\java\com\escuelaposgrado\Matricula\service\PeriodoAcademicoService.java","backend\Matricula\src\main\java\com\escuelaposgrado\Matricula\service\PeriodoAcademicoService.java","PeriodoAcademicoService::convertToResponse","PeriodoAcademicoService::convertToResponse( PeriodoAcademico periodo)",212,229
6,1,40,0,6,"ProgramaEstudioService::findAll@38-43@backend\Matricula\src\main\java\com\escuelaposgrado\Matricula\service\ProgramaEstudioService.java","backend\Matricula\src\main\java\com\escuelaposgrado\Matricula\service\ProgramaEstudioService.java","ProgramaEstudioService::findAll","ProgramaEstudioService::findAll()",38,43
6,1,40,0,6,"ProgramaEstudioService::findAllActive@49-54@backend\Matricula\src\main\java\com\escuelaposgrado\Matricula\service\ProgramaEstudioService.java","backend\Matricula\src\main\java\com\escuelaposgrado\Matricula\service\ProgramaEstudioService.java","ProgramaEstudioService::findAllActive","ProgramaEstudioService::findAllActive()",49,54
6,1,40,0,6,"ProgramaEstudioService::findAllAvailable@60-65@backend\Matricula\src\main\java\com\escuelaposgrado\Matricula\service\ProgramaEstudioService.java","backend\Matricula\src\main\java\com\escuelaposgrado\Matricula\service\ProgramaEstudioService.java","ProgramaEstudioService::findAllAvailable","ProgramaEstudioService::findAllAvailable()",60,65
6,1,43,1,6,"ProgramaEstudioService::findByFacultadId@71-76@backend\Matricula\src\main\java\com\escuelaposgrado\Matricula\service\ProgramaEstudioService.java","backend\Matricula\src\main\java\com\escuelaposgrado\Matricula\service\ProgramaEstudioService.java","ProgramaEstudioService::findByFacultadId","ProgramaEstudioService::findByFacultadId( Long facultadId)",71,76
6,1,43,1,6,"ProgramaEstudioService::findByNivel@82-87@backend\Matricula\src\main\java\com\escuelaposgrado\Matricula\service\ProgramaEstudioService.java","backend\Matricula\src\main\java\com\escuelaposgrado\Matricula\service\ProgramaEstudioService.java","ProgramaEstudioService::findByNivel","ProgramaEstudioService::findByNivel( String nivel)",82,87
6,1,43,1,6,"ProgramaEstudioService::findByModalidad@93-98@backend\Matricula\src\main\java\com\escuelaposgrado\Matricula\service\ProgramaEstudioService.java","backend\Matricula\src\main\java\com\escuelaposgrado\Matricula\service\ProgramaEstudioService.java","ProgramaEstudioService::findByModalidad","ProgramaEstudioService::findByModalidad( String modalidad)",93,98
5,1,37,1,5,"ProgramaEstudioService::findById@104-108@backend\Matricula\src\main\java\com\escuelaposgrado\Matricula\service\ProgramaEstudioService.java","backend\Matricula\src\main\java\com\escuelaposgrado\Matricula\service\ProgramaEstudioService.java","ProgramaEstudioService::findById","ProgramaEstudioService::findById( Long id)",104,108
3,1,12,0,3,"ProgramaEstudioService::findDistinctNiveles@114-116@backend\Matricula\src\main\java\com\escuelaposgrado\Matricula\service\ProgramaEstudioService.java","backend\Matricula\src\main\java\com\escuelaposgrado\Matricula\service\ProgramaEstudioService.java","ProgramaEstudioService::findDistinctNiveles","ProgramaEstudioService::findDistinctNiveles()",114,116
3,1,12,0,3,"ProgramaEstudioService::findDistinctModalidades@122-124@backend\Matricula\src\main\java\com\escuelaposgrado\Matricula\service\ProgramaEstudioService.java","backend\Matricula\src\main\java\com\escuelaposgrado\Matricula\service\ProgramaEstudioService.java","ProgramaEstudioService::findDistinctModalidades","ProgramaEstudioService::findDistinctModalidades()",122,124
29,4,270,1,38,"ProgramaEstudioService::create@129-166@backend\Matricula\src\main\java\com\escuelaposgrado\Matricula\service\ProgramaEstudioService.java","backend\Matricula\src\main\java\com\escuelaposgrado\Matricula\service\ProgramaEstudioService.java","ProgramaEstudioService::create","ProgramaEstudioService::create( ProgramaEstudioRequest request)",129,166
28,6,307,2,38,"ProgramaEstudioService::update@171-208@backend\Matricula\src\main\java\com\escuelaposgrado\Matricula\service\ProgramaEstudioService.java","backend\Matricula\src\main\java\com\escuelaposgrado\Matricula\service\ProgramaEstudioService.java","ProgramaEstudioService::update","ProgramaEstudioService::update( Long id , ProgramaEstudioRequest request)",171,208
9,2,68,1,12,"ProgramaEstudioService::toggleActive@213-224@backend\Matricula\src\main\java\com\escuelaposgrado\Matricula\service\ProgramaEstudioService.java","backend\Matricula\src\main\java\com\escuelaposgrado\Matricula\service\ProgramaEstudioService.java","ProgramaEstudioService::toggleActive","ProgramaEstudioService::toggleActive( Long id)",213,224
9,3,75,1,12,"ProgramaEstudioService::toggleDisponible@229-240@backend\Matricula\src\main\java\com\escuelaposgrado\Matricula\service\ProgramaEstudioService.java","backend\Matricula\src\main\java\com\escuelaposgrado\Matricula\service\ProgramaEstudioService.java","ProgramaEstudioService::toggleDisponible","ProgramaEstudioService::toggleDisponible( Long id)",229,240
9,2,63,1,12,"ProgramaEstudioService::delete@245-256@backend\Matricula\src\main\java\com\escuelaposgrado\Matricula\service\ProgramaEstudioService.java","backend\Matricula\src\main\java\com\escuelaposgrado\Matricula\service\ProgramaEstudioService.java","ProgramaEstudioService::delete","ProgramaEstudioService::delete( Long id)",245,256
24,2,233,1,27,"ProgramaEstudioService::convertToResponse@261-287@backend\Matricula\src\main\java\com\escuelaposgrado\Matricula\service\ProgramaEstudioService.java","backend\Matricula\src\main\java\com\escuelaposgrado\Matricula\service\ProgramaEstudioService.java","ProgramaEstudioService::convertToResponse","ProgramaEstudioService::convertToResponse( ProgramaEstudio programa)",261,287
6,1,40,0,6,"SedeService::findAll@31-36@backend\Matricula\src\main\java\com\escuelaposgrado\Matricula\service\SedeService.java","backend\Matricula\src\main\java\com\escuelaposgrado\Matricula\service\SedeService.java","SedeService::findAll","SedeService::findAll()",31,36
6,1,40,0,6,"SedeService::findAllActive@42-47@backend\Matricula\src\main\java\com\escuelaposgrado\Matricula\service\SedeService.java","backend\Matricula\src\main\java\com\escuelaposgrado\Matricula\service\SedeService.java","SedeService::findAllActive","SedeService::findAllActive()",42,47
5,1,37,1,5,"SedeService::findById@53-57@backend\Matricula\src\main\java\com\escuelaposgrado\Matricula\service\SedeService.java","backend\Matricula\src\main\java\com\escuelaposgrado\Matricula\service\SedeService.java","SedeService::findById","SedeService::findById( Long id)",53,57
17,3,149,1,22,"SedeService::create@62-83@backend\Matricula\src\main\java\com\escuelaposgrado\Matricula\service\SedeService.java","backend\Matricula\src\main\java\com\escuelaposgrado\Matricula\service\SedeService.java","SedeService::create","SedeService::create( SedeRequest request)",62,83
19,5,217,2,25,"SedeService::update@88-112@backend\Matricula\src\main\java\com\escuelaposgrado\Matricula\service\SedeService.java","backend\Matricula\src\main\java\com\escuelaposgrado\Matricula\service\SedeService.java","SedeService::update","SedeService::update( Long id , SedeRequest request)",88,112
7,1,59,1,8,"SedeService::toggleActive@117-124@backend\Matricula\src\main\java\com\escuelaposgrado\Matricula\service\SedeService.java","backend\Matricula\src\main\java\com\escuelaposgrado\Matricula\service\SedeService.java","SedeService::toggleActive","SedeService::toggleActive( Long id)",117,124
6,1,45,1,7,"SedeService::delete@129-135@backend\Matricula\src\main\java\com\escuelaposgrado\Matricula\service\SedeService.java","backend\Matricula\src\main\java\com\escuelaposgrado\Matricula\service\SedeService.java","SedeService::delete","SedeService::delete( Long id)",129,135
6,1,43,1,6,"SedeService::findByNombreContaining@141-146@backend\Matricula\src\main\java\com\escuelaposgrado\Matricula\service\SedeService.java","backend\Matricula\src\main\java\com\escuelaposgrado\Matricula\service\SedeService.java","SedeService::findByNombreContaining","SedeService::findByNombreContaining( String nombre)",141,146
13,1,117,1,13,"SedeService::convertToResponse@151-163@backend\Matricula\src\main\java\com\escuelaposgrado\Matricula\service\SedeService.java","backend\Matricula\src\main\java\com\escuelaposgrado\Matricula\service\SedeService.java","SedeService::convertToResponse","SedeService::convertToResponse( Sede sede)",151,163
6,1,40,0,6,"TasaPagoService::findAll@38-43@backend\Matricula\src\main\java\com\escuelaposgrado\Matricula\service\TasaPagoService.java","backend\Matricula\src\main\java\com\escuelaposgrado\Matricula\service\TasaPagoService.java","TasaPagoService::findAll","TasaPagoService::findAll()",38,43
6,1,40,0,6,"TasaPagoService::findAllActive@49-54@backend\Matricula\src\main\java\com\escuelaposgrado\Matricula\service\TasaPagoService.java","backend\Matricula\src\main\java\com\escuelaposgrado\Matricula\service\TasaPagoService.java","TasaPagoService::findAllActive","TasaPagoService::findAllActive()",49,54
6,1,40,0,6,"TasaPagoService::findAllObligatory@60-65@backend\Matricula\src\main\java\com\escuelaposgrado\Matricula\service\TasaPagoService.java","backend\Matricula\src\main\java\com\escuelaposgrado\Matricula\service\TasaPagoService.java","TasaPagoService::findAllObligatory","TasaPagoService::findAllObligatory()",60,65
6,1,43,1,6,"TasaPagoService::findByProgramaEstudioId@71-76@backend\Matricula\src\main\java\com\escuelaposgrado\Matricula\service\TasaPagoService.java","backend\Matricula\src\main\java\com\escuelaposgrado\Matricula\service\TasaPagoService.java","TasaPagoService::findByProgramaEstudioId","TasaPagoService::findByProgramaEstudioId( Long programaEstudioId)",71,76
6,1,43,1,6,"TasaPagoService::findByTipo@82-87@backend\Matricula\src\main\java\com\escuelaposgrado\Matricula\service\TasaPagoService.java","backend\Matricula\src\main\java\com\escuelaposgrado\Matricula\service\TasaPagoService.java","TasaPagoService::findByTipo","TasaPagoService::findByTipo( String tipo)",82,87
3,1,12,0,3,"TasaPagoService::findDistinctTipos@93-95@backend\Matricula\src\main\java\com\escuelaposgrado\Matricula\service\TasaPagoService.java","backend\Matricula\src\main\java\com\escuelaposgrado\Matricula\service\TasaPagoService.java","TasaPagoService::findDistinctTipos","TasaPagoService::findDistinctTipos()",93,95
6,1,43,1,6,"TasaPagoService::searchByConcepto@101-106@backend\Matricula\src\main\java\com\escuelaposgrado\Matricula\service\TasaPagoService.java","backend\Matricula\src\main\java\com\escuelaposgrado\Matricula\service\TasaPagoService.java","TasaPagoService::searchByConcepto","TasaPagoService::searchByConcepto( String concepto)",101,106
5,1,37,1,5,"TasaPagoService::findById@112-116@backend\Matricula\src\main\java\com\escuelaposgrado\Matricula\service\TasaPagoService.java","backend\Matricula\src\main\java\com\escuelaposgrado\Matricula\service\TasaPagoService.java","TasaPagoService::findById","TasaPagoService::findById( Long id)",112,116
22,4,236,1,28,"TasaPagoService::create@121-148@backend\Matricula\src\main\java\com\escuelaposgrado\Matricula\service\TasaPagoService.java","backend\Matricula\src\main\java\com\escuelaposgrado\Matricula\service\TasaPagoService.java","TasaPagoService::create","TasaPagoService::create( TasaPagoRequest request)",121,148
22,5,264,2,29,"TasaPagoService::update@153-181@backend\Matricula\src\main\java\com\escuelaposgrado\Matricula\service\TasaPagoService.java","backend\Matricula\src\main\java\com\escuelaposgrado\Matricula\service\TasaPagoService.java","TasaPagoService::update","TasaPagoService::update( Long id , TasaPagoRequest request)",153,181
6,1,50,1,7,"TasaPagoService::toggleActive@186-192@backend\Matricula\src\main\java\com\escuelaposgrado\Matricula\service\TasaPagoService.java","backend\Matricula\src\main\java\com\escuelaposgrado\Matricula\service\TasaPagoService.java","TasaPagoService::toggleActive","TasaPagoService::toggleActive( Long id)",186,192
6,1,45,1,7,"TasaPagoService::delete@197-203@backend\Matricula\src\main\java\com\escuelaposgrado\Matricula\service\TasaPagoService.java","backend\Matricula\src\main\java\com\escuelaposgrado\Matricula\service\TasaPagoService.java","TasaPagoService::delete","TasaPagoService::delete( Long id)",197,203
24,2,233,1,27,"TasaPagoService::convertToResponse@208-234@backend\Matricula\src\main\java\com\escuelaposgrado\Matricula\service\TasaPagoService.java","backend\Matricula\src\main\java\com\escuelaposgrado\Matricula\service\TasaPagoService.java","TasaPagoService::convertToResponse","TasaPagoService::convertToResponse( TasaPago tasa)",208,234
6,1,40,0,6,"TurnoMatriculaService::findAll@44-49@backend\Matricula\src\main\java\com\escuelaposgrado\Matricula\service\TurnoMatriculaService.java","backend\Matricula\src\main\java\com\escuelaposgrado\Matricula\service\TurnoMatriculaService.java","TurnoMatriculaService::findAll","TurnoMatriculaService::findAll()",44,49
6,1,40,0,6,"TurnoMatriculaService::findAllActive@55-60@backend\Matricula\src\main\java\com\escuelaposgrado\Matricula\service\TurnoMatriculaService.java","backend\Matricula\src\main\java\com\escuelaposgrado\Matricula\service\TurnoMatriculaService.java","TurnoMatriculaService::findAllActive","TurnoMatriculaService::findAllActive()",55,60
6,1,40,0,6,"TurnoMatriculaService::findAllEnabled@66-71@backend\Matricula\src\main\java\com\escuelaposgrado\Matricula\service\TurnoMatriculaService.java","backend\Matricula\src\main\java\com\escuelaposgrado\Matricula\service\TurnoMatriculaService.java","TurnoMatriculaService::findAllEnabled","TurnoMatriculaService::findAllEnabled()",66,71
6,1,43,1,6,"TurnoMatriculaService::findByPeriodoAcademico@77-82@backend\Matricula\src\main\java\com\escuelaposgrado\Matricula\service\TurnoMatriculaService.java","backend\Matricula\src\main\java\com\escuelaposgrado\Matricula\service\TurnoMatriculaService.java","TurnoMatriculaService::findByPeriodoAcademico","TurnoMatriculaService::findByPeriodoAcademico( Long periodoId)",77,82
6,1,43,1,6,"TurnoMatriculaService::findByProgramaEstudio@88-93@backend\Matricula\src\main\java\com\escuelaposgrado\Matricula\service\TurnoMatriculaService.java","backend\Matricula\src\main\java\com\escuelaposgrado\Matricula\service\TurnoMatriculaService.java","TurnoMatriculaService::findByProgramaEstudio","TurnoMatriculaService::findByProgramaEstudio( Long programaId)",88,93
6,1,48,2,6,"TurnoMatriculaService::findByPeriodoAndPrograma@99-104@backend\Matricula\src\main\java\com\escuelaposgrado\Matricula\service\TurnoMatriculaService.java","backend\Matricula\src\main\java\com\escuelaposgrado\Matricula\service\TurnoMatriculaService.java","TurnoMatriculaService::findByPeriodoAndPrograma","TurnoMatriculaService::findByPeriodoAndPrograma( Long periodoId , Long programaId)",99,104
5,1,37,1,5,"TurnoMatriculaService::findById@110-114@backend\Matricula\src\main\java\com\escuelaposgrado\Matricula\service\TurnoMatriculaService.java","backend\Matricula\src\main\java\com\escuelaposgrado\Matricula\service\TurnoMatriculaService.java","TurnoMatriculaService::findById","TurnoMatriculaService::findById( Long id)",110,114
35,7,340,1,48,"TurnoMatriculaService::create@119-166@backend\Matricula\src\main\java\com\escuelaposgrado\Matricula\service\TurnoMatriculaService.java","backend\Matricula\src\main\java\com\escuelaposgrado\Matricula\service\TurnoMatriculaService.java","TurnoMatriculaService::create","TurnoMatriculaService::create( TurnoMatriculaRequest request)",119,166
37,9,404,2,51,"TurnoMatriculaService::update@171-221@backend\Matricula\src\main\java\com\escuelaposgrado\Matricula\service\TurnoMatriculaService.java","backend\Matricula\src\main\java\com\escuelaposgrado\Matricula\service\TurnoMatriculaService.java","TurnoMatriculaService::update","TurnoMatriculaService::update( Long id , TurnoMatriculaRequest request)",171,221
7,1,59,1,8,"TurnoMatriculaService::toggleActive@226-233@backend\Matricula\src\main\java\com\escuelaposgrado\Matricula\service\TurnoMatriculaService.java","backend\Matricula\src\main\java\com\escuelaposgrado\Matricula\service\TurnoMatriculaService.java","TurnoMatriculaService::toggleActive","TurnoMatriculaService::toggleActive( Long id)",226,233
7,1,59,1,8,"TurnoMatriculaService::toggleEnabled@238-245@backend\Matricula\src\main\java\com\escuelaposgrado\Matricula\service\TurnoMatriculaService.java","backend\Matricula\src\main\java\com\escuelaposgrado\Matricula\service\TurnoMatriculaService.java","TurnoMatriculaService::toggleEnabled","TurnoMatriculaService::toggleEnabled( Long id)",238,245
6,1,45,1,7,"TurnoMatriculaService::delete@250-256@backend\Matricula\src\main\java\com\escuelaposgrado\Matricula\service\TurnoMatriculaService.java","backend\Matricula\src\main\java\com\escuelaposgrado\Matricula\service\TurnoMatriculaService.java","TurnoMatriculaService::delete","TurnoMatriculaService::delete( Long id)",250,256
9,2,93,1,10,"TurnoMatriculaService::findByNombreContaining@262-271@backend\Matricula\src\main\java\com\escuelaposgrado\Matricula\service\TurnoMatriculaService.java","backend\Matricula\src\main\java\com\escuelaposgrado\Matricula\service\TurnoMatriculaService.java","TurnoMatriculaService::findByNombreContaining","TurnoMatriculaService::findByNombreContaining( String nombre)",262,271
30,3,294,1,35,"TurnoMatriculaService::convertToResponse@276-310@backend\Matricula\src\main\java\com\escuelaposgrado\Matricula\service\TurnoMatriculaService.java","backend\Matricula\src\main\java\com\escuelaposgrado\Matricula\service\TurnoMatriculaService.java","TurnoMatriculaService::convertToResponse","TurnoMatriculaService::convertToResponse( TurnoMatricula turno)",276,310
3,1,20,1,3,"MatriculaApplication::main@9-11@backend\Matricula\src\main\java\com\escuelaposgrado\Matricula\MatriculaApplication.java","backend\Matricula\src\main\java\com\escuelaposgrado\Matricula\MatriculaApplication.java","MatriculaApplication::main","MatriculaApplication::main( String [ ] args)",9,11
